,number,cluster
MRPL37 (ENSG00000116221),0,0.0
GALNT3 (ENSG00000115339),1,0.0
GALNT2 (ENSG00000143641),2,0.0
RBM7 (ENSG00000076053),3,0.0
RBM8A (ENSG00000265241),4,0.0
GALNT14 (ENSG00000158089),5,0.0
GALNT13 (ENSG00000144278),6,0.0
GALNT12 (ENSG00000119514),7,0.0
RBMX2 (ENSG00000134597),8,0.0
RBMXL1 (ENSG00000213516),9,0.0
GALNT1 (ENSG00000141429),10,0.0
RBP7 (ENSG00000162444),11,0.0
RBPJ (ENSG00000168214),12,0.0
RBPMS (ENSG00000157110),13,0.0
RBM47 (ENSG00000163694),14,0.0
RBPMS-AS1 (ENSG00000254109),15,0.0
RBSN (ENSG00000131381),16,0.0
GAL3ST3 (ENSG00000175229),17,0.0
GAL3ST1 (ENSG00000128242),18,0.0
GAL (ENSG00000069482),19,0.0
RBX1 (ENSG00000100387),20,0.0
GADD45GIP1 (ENSG00000179271),21,0.0
RC3H1 (ENSG00000135870),22,0.0
RC3H2 (ENSG00000056586),23,0.0
RCAN2 (ENSG00000172348),24,0.0
RCAN3 (ENSG00000117602),25,0.0
GAD1 (ENSG00000128683),26,0.0
GABRR1 (ENSG00000146276),27,0.0
GABRQ (ENSG00000268089),28,0.0
RBPMS2 (ENSG00000166831),29,0.0
RCBTB1 (ENSG00000136144),30,0.0
GALNT6 (ENSG00000139629),31,0.0
RBM45 (ENSG00000155636),32,0.0
RBFOX3 (ENSG00000167281),33,0.0
GAS8 (ENSG00000141013),34,0.0
GAS6-AS2 (ENSG00000272695),35,0.0
RBM12 (ENSG00000244462),36,0.0
RBM12B (ENSG00000183808),37,0.0
RBM14 (ENSG00000239306),38,0.0
RBM15 (ENSG00000162775),39,0.0
RBM15B (ENSG00000259956),40,0.0
GART (ENSG00000159131),41,0.0
GARS (ENSG00000106105),42,0.0
RBM17 (ENSG00000134453),43,0.0
GAREM2 (ENSG00000157833),44,0.0
GAREM1 (ENSG00000141441),45,0.0
GALNT7 (ENSG00000109586),46,0.0
GAR1 (ENSG00000109534),47,0.0
RBM18 (ENSG00000119446),48,0.0
RBM19 (ENSG00000122965),49,0.0
RBM25 (ENSG00000119707),50,0.0
RBM26 (ENSG00000139746),51,0.0
GANC (ENSG00000214013),52,0.0
GANAB (ENSG00000089597),53,0.0
GAN (ENSG00000261609),54,0.0
RBM27 (ENSG00000091009),55,0.0
RBM28 (ENSG00000106344),56,0.0
GALR2 (ENSG00000182687),57,0.0
RBM34 (ENSG00000188739),58,0.0
RBM38 (ENSG00000132819),59,0.0
RBM39 (ENSG00000131051),60,0.0
GAPVD1 (ENSG00000165219),61,0.0
RCC1 (ENSG00000180198),62,0.0
RCC2 (ENSG00000179051),63,0.0
GABRE (ENSG00000102287),64,0.0
REPS1 (ENSG00000135597),65,0.0
FYCO1 (ENSG00000163820),66,0.0
FXYD7 (ENSG00000221946),67,0.0
REPS2 (ENSG00000169891),68,0.0
FXYD5 (ENSG00000089327),69,0.0
RER1 (ENSG00000157916),70,0.0
RET (ENSG00000165731),71,0.0
REXO1 (ENSG00000079313),72,0.0
FXR1 (ENSG00000114416),73,0.0
FXN (ENSG00000165060),74,0.0
FUZ (ENSG00000010361),75,0.0
FUT9 (ENSG00000172461),76,0.0
FUT8-AS1 (ENSG00000276116),77,0.0
RELL2 (ENSG00000164620),78,0.0
REXO2 (ENSG00000076043),79,0.0
FUT2 (ENSG00000176920),80,0.0
REXO4 (ENSG00000148300),81,0.0
FUT10 (ENSG00000172728),82,0.0
FUT1 (ENSG00000174951),83,0.0
FUS (ENSG00000089280),84,0.0
RFC1 (ENSG00000035928),85,0.0
FUOM (ENSG00000148803),86,0.0
RFC2 (ENSG00000049541),87,0.0
FUNDC1 (ENSG00000069509),88,0.0
RFC3 (ENSG00000133119),89,0.0
FUCA2 (ENSG00000001036),90,0.0
FUCA1 (ENSG00000179163),91,0.0
FUBP3 (ENSG00000107164),92,0.0
FUT4 (ENSG00000196371),93,0.0
RELL1 (ENSG00000181826),94,0.0
RELB (ENSG00000104856),95,0.0
FZD5 (ENSG00000163251),96,0.0
GABRB3 (ENSG00000166206),97,0.0
RCE1 (ENSG00000173653),98,0.0
RCHY1 (ENSG00000163743),99,0.0
GABRA5 (ENSG00000186297),100,0.0
RCL1 (ENSG00000120158),101,0.0
GABRA3 (ENSG00000011677),102,0.0
GABRA1 (ENSG00000022355),103,0.0
RDH11 (ENSG00000072042),104,0.0
RDH12 (ENSG00000139988),105,0.0
GABPA (ENSG00000154727),106,0.0
GABBR2 (ENSG00000136928),107,0.0
GABBR1 (ENSG00000204681),108,0.0
RDH13 (ENSG00000160439),109,0.0
RDH14 (ENSG00000240857),110,0.0
RDX (ENSG00000137710),111,0.0
RECK (ENSG00000122707),112,0.0
GAB1 (ENSG00000109458),113,0.0
RECQL (ENSG00000004700),114,0.0
RECQL4 (ENSG00000160957),115,0.0
G6PC3 (ENSG00000141349),116,0.0
G3BP2 (ENSG00000138757),117,0.0
G3BP1 (ENSG00000145907),118,0.0
G2E3 (ENSG00000092140),119,0.0
REEP2 (ENSG00000132563),120,0.0
REEP3 (ENSG00000165476),121,0.0
REEP5 (ENSG00000129625),122,0.0
FZD8 (ENSG00000177283),123,0.0
FZD7 (ENSG00000155760),124,0.0
REG1A (ENSG00000115386),125,0.0
RBCK1 (ENSG00000125826),126,0.0
RBBP8 (ENSG00000101773),127,0.0
RBBP6 (ENSG00000122257),128,0.0
RBBP5 (ENSG00000117222),129,0.0
GHRHR (ENSG00000106128),130,0.0
RAG1 (ENSG00000166349),131,0.0
RAI2 (ENSG00000131831),132,0.0
RALA (ENSG00000006451),133,0.0
RALBP1 (ENSG00000017797),134,0.0
GH2 (ENSG00000136487),135,0.0
RALGAPA2 (ENSG00000188559),136,0.0
RALGAPB (ENSG00000170471),137,0.0
GGT1 (ENSG00000100031),138,0.0
GGPS1 (ENSG00000152904),139,0.0
RALGPS1 (ENSG00000136828),140,0.0
RALGPS2 (ENSG00000116191),141,0.0
RALY-AS1 (ENSG00000228265),142,0.0
GHRL (ENSG00000157017),143,0.0
GGCX (ENSG00000115486),144,0.0
RAN (ENSG00000132341),145,0.0
GGA3 (ENSG00000125447),146,0.0
RANBP1 (ENSG00000099901),147,0.0
RANBP17 (ENSG00000204764),148,0.0
RANBP2 (ENSG00000153201),149,0.0
RANGAP1 (ENSG00000100401),150,0.0
RANGRF (ENSG00000108961),151,0.0
GFPT2 (ENSG00000131459),152,0.0
GFPT1 (ENSG00000198380),153,0.0
GFOD2 (ENSG00000141098),154,0.0
GFOD1 (ENSG00000145990),155,0.0
RAP1A (ENSG00000116473),156,0.0
RAP1B (ENSG00000127314),157,0.0
GGCT (ENSG00000006625),158,0.0
GHRLOS (ENSG00000240288),159,0.0
GID4 (ENSG00000141034),160,0.0
GID8 (ENSG00000101193),161,0.0
GK (ENSG00000198814),162,0.0
GJC3 (ENSG00000176402),163,0.0
GJC1 (ENSG00000182963),164,0.0
GJB7 (ENSG00000164411),165,0.0
RAD17 (ENSG00000152942),166,0.0
GJB5 (ENSG00000189280),167,0.0
RAD18 (ENSG00000070950),168,0.0
RAD21 (ENSG00000164754),169,0.0
RAD50 (ENSG00000113522),170,0.0
RAD51 (ENSG00000051180),171,0.0
GJA3 (ENSG00000121743),172,0.0
GJA1 (ENSG00000152661),173,0.0
RAD51AP1 (ENSG00000111247),174,0.0
GIT1 (ENSG00000108262),175,0.0
RAD51C (ENSG00000108384),176,0.0
RAD51D (ENSG00000185379),177,0.0
GIPC2 (ENSG00000137960),178,0.0
GIPC1 (ENSG00000123159),179,0.0
GIP (ENSG00000159224),180,0.0
GINS4 (ENSG00000147536),181,0.0
RAD52 (ENSG00000002016),182,0.0
GINS1 (ENSG00000101003),183,0.0
RAD54B (ENSG00000197275),184,0.0
GIN1 (ENSG00000145723),185,0.0
RAD54L (ENSG00000085999),186,0.0
RAD54L2 (ENSG00000164080),187,0.0
RAF1 (ENSG00000132155),188,0.0
GIGYF2 (ENSG00000204120),189,0.0
GIGYF1 (ENSG00000146830),190,0.0
GFER (ENSG00000127554),191,0.0
FUBP1 (ENSG00000162613),192,0.0
GET4 (ENSG00000239857),193,0.0
GEMIN8 (ENSG00000046647),194,0.0
RASEF (ENSG00000165105),195,0.0
RASGEF1A (ENSG00000198915),196,0.0
GCH1 (ENSG00000131979),197,0.0
RASGRF2 (ENSG00000113319),198,0.0
RASGRP1 (ENSG00000172575),199,0.0
GCDH (ENSG00000105607),200,0.0
GCC1 (ENSG00000179562),201,0.0
GCAT (ENSG00000100116),202,0.0
GCA (ENSG00000115271),203,0.0
GBX2 (ENSG00000168505),204,0.0
RASGRP2 (ENSG00000068831),205,0.0
RASIP1 (ENSG00000105538),206,0.0
RASSF1-AS1 (ENSG00000281358),207,0.0
GCLC (ENSG00000001084),208,0.0
RASSF2 (ENSG00000101265),209,0.0
RASSF8 (ENSG00000123094),210,0.0
GBA2 (ENSG00000070610),211,0.0
GBA (ENSG00000177628),212,0.0
RAVER1 (ENSG00000161847),213,0.0
RAVER2 (ENSG00000162437),214,0.0
RB1CC1 (ENSG00000023287),215,0.0
GATC (ENSG00000257218),216,0.0
GATB (ENSG00000059691),217,0.0
GATAD2B (ENSG00000143614),218,0.0
GATAD2A (ENSG00000167491),219,0.0
GATAD1 (ENSG00000157259),220,0.0
RBAK (ENSG00000146587),221,0.0
RBAK-RBAKDN (ENSG00000272968),222,0.0
RASSF3 (ENSG00000153179),223,0.0
GCLM (ENSG00000023909),224,0.0
GCN1 (ENSG00000089154),225,0.0
RASAL3 (ENSG00000105122),226,0.0
GEMIN7 (ENSG00000142252),227,0.0
GEMIN6 (ENSG00000152147),228,0.0
RAP1GAP (ENSG00000076864),229,0.0
GEMIN2 (ENSG00000092208),230,0.0
RAP1GAP2 (ENSG00000132359),231,0.0
RAP2A (ENSG00000125249),232,0.0
RAP2B (ENSG00000181467),233,0.0
RAP2C (ENSG00000123728),234,0.0
GDPD2 (ENSG00000130055),235,0.0
RAPGEF1 (ENSG00000107263),236,0.0
RAPGEF2 (ENSG00000109756),237,0.0
RAPGEF5 (ENSG00000136237),238,0.0
RAPGEF6 (ENSG00000158987),239,0.0
RAPGEFL1 (ENSG00000108352),240,0.0
RAPH1 (ENSG00000173166),241,0.0
RARRES2 (ENSG00000106538),242,0.0
RARS (ENSG00000113643),243,0.0
RASA1 (ENSG00000145715),244,0.0
GDF3 (ENSG00000184344),245,0.0
RASA2 (ENSG00000155903),246,0.0
RASAL1 (ENSG00000111344),247,0.0
GDE1 (ENSG00000006007),248,0.0
RASAL2 (ENSG00000075391),249,0.0
RASAL2-AS1 (ENSG00000224687),250,0.0
GDAP1 (ENSG00000104381),251,0.0
GDA (ENSG00000119125),252,0.0
GCSH (ENSG00000140905),253,0.0
GCNT4 (ENSG00000176928),254,0.0
GCNT2 (ENSG00000111846),255,0.0
GEN1 (ENSG00000178295),256,0.0
RFC4 (ENSG00000163918),257,0.0
FTSJ3 (ENSG00000108592),258,0.0
FTSJ2 (ENSG00000122687),259,0.0
FIBCD1 (ENSG00000130720),260,0.0
RNGTT (ENSG00000111880),261,0.0
RNLS (ENSG00000184719),262,0.0
RNMT (ENSG00000101654),263,0.0
RNMTL1 (ENSG00000171861),264,0.0
FHDC1 (ENSG00000137460),265,0.0
ROCK1 (ENSG00000067900),266,0.0
FH (ENSG00000091483),267,0.0
FGR (ENSG00000000938),268,0.0
ROMO1 (ENSG00000125995),269,0.0
ROR1 (ENSG00000185483),270,0.0
RORB (ENSG00000198963),271,0.0
FGFR4 (ENSG00000160867),272,0.0
RNF8 (ENSG00000112130),273,0.0
FGFR2 (ENSG00000066468),274,0.0
FGFR1OP (ENSG00000213066),275,0.0
FGFR1 (ENSG00000077782),276,0.0
FGFBP3 (ENSG00000174721),277,0.0
RP1-197B17.3 (ENSG00000257433),278,0.0
RP1-198K11.5 (ENSG00000275457),279,0.0
RP1-223E5.4 (ENSG00000261071),280,0.0
RP1-261D10.2 (ENSG00000259146),281,0.0
RP1-292L20.3 (ENSG00000274818),282,0.0
FGF4 (ENSG00000075388),283,0.0
FGF23 (ENSG00000118972),284,0.0
FGF22 (ENSG00000070388),285,0.0
FGF21 (ENSG00000105550),286,0.0
RP1-293L8.2 (ENSG00000224506),287,0.0
RP1-193H18.2 (ENSG00000267194),288,0.0
FIBP (ENSG00000172500),289,0.0
FICD (ENSG00000198855),290,0.0
RNF7 (ENSG00000114125),291,0.0
FLII (ENSG00000177731),292,0.0
RNF20 (ENSG00000155827),293,0.0
RNF212B (ENSG00000215277),294,0.0
FLAD1 (ENSG00000160688),295,0.0
FKRP (ENSG00000181027),296,0.0
FKBPL (ENSG00000204315),297,0.0
RNF213 (ENSG00000173821),298,0.0
RNF214 (ENSG00000167257),299,0.0
RNF220 (ENSG00000187147),300,0.0
FKBP5 (ENSG00000096060),301,0.0
FKBP4 (ENSG00000004478),302,0.0
FKBP3 (ENSG00000100442),303,0.0
FKBP2 (ENSG00000173486),304,0.0
FKBP1C (ENSG00000198225),305,0.0
FKBP1B (ENSG00000119782),306,0.0
FKBP1A (ENSG00000088832),307,0.0
RNF26 (ENSG00000173456),308,0.0
RNF34 (ENSG00000170633),309,0.0
FKBP11 (ENSG00000134285),310,0.0
RNF38 (ENSG00000137075),311,0.0
FIZ1 (ENSG00000179943),312,0.0
FITM2 (ENSG00000197296),313,0.0
RNF39 (ENSG00000204618),314,0.0
FIS1 (ENSG00000214253),315,0.0
RNF4 (ENSG00000063978),316,0.0
RNF41 (ENSG00000181852),317,0.0
FILIP1 (ENSG00000118407),318,0.0
RNF44 (ENSG00000146083),319,0.0
RNF5 (ENSG00000204308),320,0.0
FGF2 (ENSG00000138685),321,0.0
RNF2 (ENSG00000121481),322,0.0
RP1-302G2.5 (ENSG00000262179),323,0.0
RP1-37E16.12 (ENSG00000100101),324,0.0
RP11-10A14.4 (ENSG00000253426),325,0.0
RP11-10C24.1 (ENSG00000271020),326,0.0
RP11-10C24.3 (ENSG00000271643),327,0.0
RP11-10K16.1 (ENSG00000245213),328,0.0
RP11-10L12.4 (ENSG00000246560),329,0.0
FCHO1 (ENSG00000130475),330,0.0
RP11-111M22.3 (ENSG00000255135),331,0.0
FCGBP (ENSG00000275395),332,0.0
FCF1 (ENSG00000119616),333,0.0
RP11-111M22.5 (ENSG00000271757),334,0.0
FBXW8 (ENSG00000174989),335,0.0
RP11-1143G9.4 (ENSG00000257764),336,0.0
RP11-1144P22.1 (ENSG00000254277),337,0.0
FDPS (ENSG00000160752),338,0.0
FBXW4 (ENSG00000107829),339,0.0
RP11-114F3.4 (ENSG00000277895),340,0.0
FBXW11 (ENSG00000072803),341,0.0
FBXO9 (ENSG00000112146),342,0.0
RP11-115C21.2 (ENSG00000246089),343,0.0
RP11-115D19.1 (ENSG00000251095),344,0.0
RP11-118F19.1 (ENSG00000270124),345,0.0
FBXO5 (ENSG00000112029),346,0.0
FBXO48 (ENSG00000204923),347,0.0
FBXO46 (ENSG00000177051),348,0.0
FBXO45 (ENSG00000174013),349,0.0
RP11-118K6.3 (ENSG00000273001),350,0.0
RP11-119H12.6 (ENSG00000251126),351,0.0
FBXO41 (ENSG00000163013),352,0.0
FBXW2 (ENSG00000119402),353,0.0
FDX1 (ENSG00000137714),354,0.0
FDX1L (ENSG00000267673),355,0.0
RP11-1094M14.11 (ENSG00000267321),356,0.0
FGF13-AS1 (ENSG00000226031),357,0.0
FGF13 (ENSG00000129682),358,0.0
FGF12 (ENSG00000114279),359,0.0
RP1-8B1.4 (ENSG00000231769),360,0.0
RP1-90J20.8 (ENSG00000224846),361,0.0
FGF1 (ENSG00000113578),362,0.0
FGD6 (ENSG00000180263),363,0.0
FGD5-AS1 (ENSG00000225733),364,0.0
RP1-92O14.3 (ENSG00000234694),365,0.0
FGD4 (ENSG00000139132),366,0.0
RP11-1017G21.5 (ENSG00000271780),367,0.0
FGD1 (ENSG00000102302),368,0.0
RP11-101E13.5 (ENSG00000272579),369,0.0
FEZF1 (ENSG00000128610),370,0.0
RP11-1079K10.4 (ENSG00000250186),371,0.0
FEV (ENSG00000163497),372,0.0
RP11-107N15.1 (ENSG00000273209),373,0.0
RP11-108K3.2 (ENSG00000259306),374,0.0
FERMT2 (ENSG00000073712),375,0.0
FERMT1 (ENSG00000101311),376,0.0
RP11-108L7.15 (ENSG00000273162),377,0.0
RP11-108M12.3 (ENSG00000258592),378,0.0
RP11-108M9.4 (ENSG00000238142),379,0.0
FEN1 (ENSG00000168496),380,0.0
FEM1C (ENSG00000145780),381,0.0
FEM1B (ENSG00000169018),382,0.0
FEM1A (ENSG00000141965),383,0.0
FECH (ENSG00000066926),384,0.0
FDXR (ENSG00000161513),385,0.0
RP1-34B20.21 (ENSG00000282988),386,0.0
GK5 (ENSG00000175066),387,0.0
FLJ13224 (ENSG00000177340),388,0.0
RNF19B (ENSG00000116514),389,0.0
RHOH (ENSG00000168421),390,0.0
FRAT2 (ENSG00000181274),391,0.0
FRAT1 (ENSG00000165879),392,0.0
FRAS1 (ENSG00000138759),393,0.0
FRA10AC1 (ENSG00000148690),394,0.0
RHOT1 (ENSG00000126858),395,0.0
RHOT2 (ENSG00000140983),396,0.0
FPGS (ENSG00000136877),397,0.0
RHOV (ENSG00000104140),398,0.0
RHOXF1-AS1 (ENSG00000258545),399,0.0
FOXRED1 (ENSG00000110074),400,0.0
RIC3 (ENSG00000166405),401,0.0
RIC8B (ENSG00000111785),402,0.0
RHOA (ENSG00000067560),403,0.0
RIF1 (ENSG00000080345),404,0.0
FOXO4 (ENSG00000184481),405,0.0
RIMKLA (ENSG00000177181),406,0.0
FOXO1 (ENSG00000150907),407,0.0
RIMKLB (ENSG00000166532),408,0.0
FOXN3-AS1 (ENSG00000258920),409,0.0
FOXN3 (ENSG00000053254),410,0.0
FOXN2 (ENSG00000170802),411,0.0
FOXM1 (ENSG00000111206),412,0.0
FOXL2 (ENSG00000183770),413,0.0
RIMS2 (ENSG00000176406),414,0.0
FOXK2 (ENSG00000141568),415,0.0
RIMS3 (ENSG00000117016),416,0.0
RIMS4 (ENSG00000101098),417,0.0
RILP (ENSG00000167705),418,0.0
FRG1 (ENSG00000109536),419,0.0
FRK (ENSG00000111816),420,0.0
RHEBL1 (ENSG00000167550),421,0.0
FTSJ1 (ENSG00000068438),422,0.0
RFESD (ENSG00000175449),423,0.0
FTL (ENSG00000087086),424,0.0
RFFL (ENSG00000092871),425,0.0
RFWD2 (ENSG00000143207),426,0.0
RFWD3 (ENSG00000168411),427,0.0
FSTL4 (ENSG00000053108),428,0.0
RFX1 (ENSG00000132005),429,0.0
FST (ENSG00000134363),430,0.0
RFX7 (ENSG00000181827),431,0.0
RFX8 (ENSG00000196460),432,0.0
RGMA (ENSG00000182175),433,0.0
RGN (ENSG00000130988),434,0.0
FSD1 (ENSG00000105255),435,0.0
RGS10 (ENSG00000148908),436,0.0
RGS17 (ENSG00000091844),437,0.0
RGS19 (ENSG00000171700),438,0.0
FRYL (ENSG00000075539),439,0.0
RGS6 (ENSG00000182732),440,0.0
RGS7BP (ENSG00000186479),441,0.0
RHBDD3 (ENSG00000100263),442,0.0
FRS2 (ENSG00000166225),443,0.0
RHBDF2 (ENSG00000129667),444,0.0
FRRS1 (ENSG00000156869),445,0.0
RHBDL1 (ENSG00000103269),446,0.0
RHBDL2 (ENSG00000158315),447,0.0
RHBDL3 (ENSG00000141314),448,0.0
FRMD5 (ENSG00000171877),449,0.0
RHEB (ENSG00000106615),450,0.0
RINL (ENSG00000187994),451,0.0
FLJ20021 (ENSG00000254531),452,0.0
RINT1 (ENSG00000135249),453,0.0
FOXI2 (ENSG00000186766),454,0.0
RND2 (ENSG00000108830),455,0.0
RNF10 (ENSG00000022840),456,0.0
RNF111 (ENSG00000157450),457,0.0
FMO4 (ENSG00000076258),458,0.0
RNF112 (ENSG00000128482),459,0.0
RNF114 (ENSG00000124226),460,0.0
FMNL2 (ENSG00000157827),461,0.0
FMNL1 (ENSG00000184922),462,0.0
RNF115 (ENSG00000265491),463,0.0
RNF121 (ENSG00000137522),464,0.0
RNF125 (ENSG00000101695),465,0.0
RNF126 (ENSG00000070423),466,0.0
FLVCR2 (ENSG00000119686),467,0.0
RND1 (ENSG00000172602),468,0.0
FLVCR1-AS1 (ENSG00000198468),469,0.0
RNF135 (ENSG00000181481),470,0.0
FLT1 (ENSG00000102755),471,0.0
RNF138 (ENSG00000134758),472,0.0
RNF141 (ENSG00000110315),473,0.0
RNF144B (ENSG00000137393),474,0.0
FLOT2 (ENSG00000132589),475,0.0
FLNB (ENSG00000136068),476,0.0
FLNA (ENSG00000196924),477,0.0
RNF166 (ENSG00000158717),478,0.0
RNF167 (ENSG00000108523),479,0.0
RNF168 (ENSG00000163961),480,0.0
RNF181 (ENSG00000168894),481,0.0
RNF183 (ENSG00000165188),482,0.0
FLVCR1 (ENSG00000162769),483,0.0
RNASEK-C17orf49 (ENSG00000161939),484,0.0
RNASEH2C (ENSG00000172922),485,0.0
FNBP1L (ENSG00000137942),486,0.0
FOXH1 (ENSG00000160973),487,0.0
RIOK2 (ENSG00000058729),488,0.0
RIPK1 (ENSG00000137275),489,0.0
FOXD3-AS1 (ENSG00000230798),490,0.0
RIPK2 (ENSG00000104312),491,0.0
RIPPLY2 (ENSG00000203877),492,0.0
RIT1 (ENSG00000143622),493,0.0
RITA1 (ENSG00000139405),494,0.0
FOXA3 (ENSG00000170608),495,0.0
RLIM (ENSG00000131263),496,0.0
RLN1 (ENSG00000107018),497,0.0
FOSL1 (ENSG00000175592),498,0.0
RLN2 (ENSG00000107014),499,0.0
RLTPR (ENSG00000159753),500,0.0
FOPNL (ENSG00000133393),501,0.0
RMDN1 (ENSG00000176623),502,0.0
RMI1 (ENSG00000178966),503,0.0
FOCAD-AS1 (ENSG00000227071),504,0.0
FOCAD (ENSG00000188352),505,0.0
RMI2 (ENSG00000175643),506,0.0
RMND5A (ENSG00000153561),507,0.0
RMND5B (ENSG00000145916),508,0.0
FNIP2 (ENSG00000052795),509,0.0
RN7SL832P (ENSG00000243819),510,0.0
RNASEH1 (ENSG00000171865),511,0.0
RNASEH1-AS1 (ENSG00000234171),512,0.0
RNASEH2A (ENSG00000104889),513,0.0
RNASEH2B (ENSG00000136104),514,0.0
FNBP4 (ENSG00000109920),515,0.0
FOXI3 (ENSG00000214336),516,0.0
GKAP1 (ENSG00000165113),517,0.0
GLA (ENSG00000102393),518,0.0
RAD1 (ENSG00000113456),519,0.0
GUCD1 (ENSG00000138867),520,0.0
GUCA1A (ENSG00000048545),521,0.0
GTSF1 (ENSG00000170627),522,0.0
GTSE1-AS1 (ENSG00000277232),523,0.0
GTPBP8 (ENSG00000163607),524,0.0
GTPBP6 (ENSG00000178605),525,0.0
GTPBP4 (ENSG00000107937),526,0.0
GTPBP3 (ENSG00000130299),527,0.0
GTPBP2 (ENSG00000172432),528,0.0
GTPBP10 (ENSG00000105793),529,0.0
GTPBP1 (ENSG00000100226),530,0.0
GTF3C6 (ENSG00000155115),531,0.0
GTF3C5 (ENSG00000148308),532,0.0
PRSS8 (ENSG00000052344),533,0.0
GTF3C4 (ENSG00000125484),534,0.0
GTF3C2 (ENSG00000115207),535,0.0
GTF3C1 (ENSG00000077235),536,0.0
GTF3A (ENSG00000122034),537,0.0
PRUNE (ENSG00000143363),538,0.0
GTF2I (ENSG00000263001),539,0.0
GTF2H5 (ENSG00000272047),540,0.0
PRUNE2 (ENSG00000106772),541,0.0
GTF2H3 (ENSG00000111358),542,0.0
GTF2H2C (ENSG00000183474),543,0.0
GTF2H2 (ENSG00000145736),544,0.0
GTF2H1 (ENSG00000110768),545,0.0
GTF2F2 (ENSG00000188342),546,0.0
PSAT1 (ENSG00000135069),547,0.0
GTF3C3 (ENSG00000119041),548,0.0
PRSS21 (ENSG00000007038),549,0.0
PRSS16 (ENSG00000112812),550,0.0
GUF1 (ENSG00000151806),551,0.0
PRPF40A (ENSG00000196504),552,0.0
PRPF4B (ENSG00000112739),553,0.0
H3F3A (ENSG00000163041),554,0.0
PRPF8 (ENSG00000174231),555,0.0
H2BFM (ENSG00000101812),556,0.0
H2AFZ (ENSG00000164032),557,0.0
PRPS1 (ENSG00000147224),558,0.0
PRR12 (ENSG00000126464),559,0.0
PRR13 (ENSG00000205352),560,0.0
H2AFV (ENSG00000105968),561,0.0
H2AFJ (ENSG00000246705),562,0.0
H1FX-AS1 (ENSG00000206417),563,0.0
PRR14L (ENSG00000183530),564,0.0
PRR19 (ENSG00000188368),565,0.0
PRR22 (ENSG00000212123),566,0.0
PRR36 (ENSG00000183248),567,0.0
PRR7-AS1 (ENSG00000246334),568,0.0
PRRC1 (ENSG00000164244),569,0.0
PRRC2A (ENSG00000204469),570,0.0
PRRC2C (ENSG00000117523),571,0.0
PRRG2 (ENSG00000126460),572,0.0
GYLTL1B (ENSG00000165905),573,0.0
GYG2 (ENSG00000056998),574,0.0
GYG1 (ENSG00000163754),575,0.0
PRRG3 (ENSG00000130032),576,0.0
GXYLT1 (ENSG00000151233),577,0.0
PRRG4 (ENSG00000135378),578,0.0
GULP1 (ENSG00000144366),579,0.0
PRRT3-AS1 (ENSG00000230082),580,0.0
GTF2E1 (ENSG00000153767),581,0.0
PRPF4 (ENSG00000136875),582,0.0
GTF2A2 (ENSG00000140307),583,0.0
PSEN2 (ENSG00000143801),584,0.0
PSMB8-AS1 (ENSG00000204261),585,0.0
PSMB9 (ENSG00000240065),586,0.0
PSMC2 (ENSG00000161057),587,0.0
GS1-124K5.4 (ENSG00000237310),588,0.0
PSMC3 (ENSG00000165916),589,0.0
PSMC3IP (ENSG00000131470),590,0.0
GRWD1 (ENSG00000105447),591,0.0
GRTP1 (ENSG00000139835),592,0.0
GRSF1 (ENSG00000132463),593,0.0
GRPEL2 (ENSG00000164284),594,0.0
GRPEL1 (ENSG00000109519),595,0.0
PSMC4 (ENSG00000013275),596,0.0
PSMC5 (ENSG00000087191),597,0.0
GS1-279B7.2 (ENSG00000273004),598,0.0
PSMC6 (ENSG00000100519),599,0.0
GRM3 (ENSG00000198822),600,0.0
GRM2 (ENSG00000164082),601,0.0
GRK6 (ENSG00000198055),602,0.0
PSMD1 (ENSG00000173692),603,0.0
GRIPAP1 (ENSG00000068400),604,0.0
PSMD11 (ENSG00000108671),605,0.0
GRIP1 (ENSG00000155974),606,0.0
PSMD12 (ENSG00000197170),607,0.0
PSMD14 (ENSG00000115233),608,0.0
PSMD2 (ENSG00000175166),609,0.0
PSMD3 (ENSG00000108344),610,0.0
GRIN2B (ENSG00000273079),611,0.0
PSMD4 (ENSG00000159352),612,0.0
GRM4 (ENSG00000124493),613,0.0
PSMB8 (ENSG00000204264),614,0.0
GS1-72M22.1 (ENSG00000272163),615,0.0
GSAP (ENSG00000186088),616,0.0
PSENEN (ENSG00000205155),617,0.0
GSTZ1 (ENSG00000100577),618,0.0
GSTT2B (ENSG00000133433),619,0.0
GSTP1 (ENSG00000084207),620,0.0
GSTO2 (ENSG00000065621),621,0.0
PSIP1 (ENSG00000164985),622,0.0
PSMA1 (ENSG00000129084),623,0.0
PSMA2 (ENSG00000106588),624,0.0
PSMA3 (ENSG00000100567),625,0.0
PSMA3-AS1 (ENSG00000257621),626,0.0
PSMA4 (ENSG00000041357),627,0.0
PSMA5 (ENSG00000143106),628,0.0
PSMA7 (ENSG00000101182),629,0.0
PSMB1 (ENSG00000008018),630,0.0
PSMB10 (ENSG00000205220),631,0.0
GSR (ENSG00000104687),632,0.0
GSPT2 (ENSG00000189369),633,0.0
GSPT1 (ENSG00000103342),634,0.0
PSMB2 (ENSG00000126067),635,0.0
GSKIP (ENSG00000100744),636,0.0
PSMB3 (ENSG00000277791),637,0.0
GSK3A (ENSG00000105723),638,0.0
PSMB4 (ENSG00000159377),639,0.0
PSMB5 (ENSG00000100804),640,0.0
GSG1 (ENSG00000111305),641,0.0
GSE1 (ENSG00000131149),642,0.0
GSDMD (ENSG00000104518),643,0.0
PSMB6 (ENSG00000142507),644,0.0
PSMB7 (ENSG00000136930),645,0.0
GTF2A1 (ENSG00000165417),646,0.0
PSMD5 (ENSG00000095261),647,0.0
PRPF39 (ENSG00000185246),648,0.0
HACD1 (ENSG00000165996),649,0.0
HELB (ENSG00000127311),650,0.0
PRELID1 (ENSG00000169230),651,0.0
PRELID2 (ENSG00000186314),652,0.0
HECW1 (ENSG00000002746),653,0.0
PRELID3A (ENSG00000141391),654,0.0
HECTD3 (ENSG00000126107),655,0.0
PRELID3B (ENSG00000101166),656,0.0
PREX2 (ENSG00000046889),657,0.0
HECA (ENSG00000112406),658,0.0
HEBP2 (ENSG00000051620),659,0.0
HEBP1 (ENSG00000013583),660,0.0
HEATR6 (ENSG00000068097),661,0.0
HEATR5B (ENSG00000008869),662,0.0
HELLS (ENSG00000119969),663,0.0
HEATR5A (ENSG00000129493),664,0.0
HEATR1 (ENSG00000119285),665,0.0
HDX (ENSG00000165259),666,0.0
HDLBP (ENSG00000115677),667,0.0
PRICKLE1 (ENSG00000139174),668,0.0
HDGF (ENSG00000143321),669,0.0
HDDC3 (ENSG00000184508),670,0.0
PRICKLE3 (ENSG00000012211),671,0.0
PRICKLE4 (ENSG00000124593),672,0.0
PRIM1 (ENSG00000198056),673,0.0
HDAC8 (ENSG00000147099),674,0.0
PRIM2 (ENSG00000146143),675,0.0
HDAC5 (ENSG00000108840),676,0.0
PRKAA1 (ENSG00000132356),677,0.0
HEATR3 (ENSG00000155393),678,0.0
HELQ (ENSG00000163312),679,0.0
HELZ (ENSG00000198265),680,0.0
PREB (ENSG00000138073),681,0.0
HFE2 (ENSG00000168509),682,0.0
PPP6R3 (ENSG00000110075),683,0.0
PPRC1 (ENSG00000148840),684,0.0
PPT1 (ENSG00000131238),685,0.0
PPTC7 (ENSG00000196850),686,0.0
HEXIM2 (ENSG00000168517),687,0.0
HEXIM1 (ENSG00000186834),688,0.0
PPWD1 (ENSG00000113593),689,0.0
HEXB (ENSG00000049860),690,0.0
HEXA-AS1 (ENSG00000260339),691,0.0
PQBP1 (ENSG00000102103),692,0.0
HESX1 (ENSG00000163666),693,0.0
PQLC2L (ENSG00000174899),694,0.0
PQLC3 (ENSG00000162976),695,0.0
PRB3 (ENSG00000197870),696,0.0
PRCAT47 (ENSG00000260896),697,0.0
PRDM10 (ENSG00000170325),698,0.0
PRDM14 (ENSG00000147596),699,0.0
PRDM15 (ENSG00000141956),700,0.0
PRDM5 (ENSG00000138738),701,0.0
PRDX1 (ENSG00000117450),702,0.0
HERC5 (ENSG00000138646),703,0.0
HERC4 (ENSG00000148634),704,0.0
PRDX3 (ENSG00000165672),705,0.0
HERC2 (ENSG00000128731),706,0.0
PRDX4 (ENSG00000123131),707,0.0
PRDX5 (ENSG00000126432),708,0.0
HENMT1 (ENSG00000162639),709,0.0
PRDX6 (ENSG00000117592),710,0.0
HDAC3 (ENSG00000171720),711,0.0
PRPF38B (ENSG00000134186),712,0.0
PRKAA2 (ENSG00000162409),713,0.0
PRKACB (ENSG00000142875),714,0.0
PRLR (ENSG00000113494),715,0.0
PRMT3 (ENSG00000185238),716,0.0
HAUS2 (ENSG00000137814),717,0.0
HAUS1 (ENSG00000152240),718,0.0
HAT1 (ENSG00000128708),719,0.0
HAS3 (ENSG00000103044),720,0.0
PRMT5 (ENSG00000100462),721,0.0
PRMT8 (ENSG00000111218),722,0.0
PRNCR1 (ENSG00000282961),723,0.0
PROB1 (ENSG00000228672),724,0.0
HAPLN4 (ENSG00000187664),725,0.0
HAPLN3 (ENSG00000140511),726,0.0
PROCA1 (ENSG00000167525),727,0.0
HAUS6 (ENSG00000147874),728,0.0
HAP1 (ENSG00000173805),729,0.0
PROK2 (ENSG00000163421),730,0.0
PROKR1 (ENSG00000169618),731,0.0
HAMP (ENSG00000105697),732,0.0
PROM2 (ENSG00000155066),733,0.0
PROSER1 (ENSG00000120685),734,0.0
PROSER2 (ENSG00000148426),735,0.0
PRPF3 (ENSG00000117360),736,0.0
PRPF31 (ENSG00000105618),737,0.0
HACL1 (ENSG00000131373),738,0.0
PRPF38A (ENSG00000134748),739,0.0
HACD4 (ENSG00000188921),740,0.0
HACD3 (ENSG00000074696),741,0.0
HACD2 (ENSG00000206527),742,0.0
PROCR (ENSG00000101000),743,0.0
HAUS7 (ENSG00000213397),744,0.0
PRKX (ENSG00000183943),745,0.0
HAX1 (ENSG00000143575),746,0.0
HDAC1 (ENSG00000116478),747,0.0
HCST (ENSG00000126264),748,0.0
PRKAR1B (ENSG00000188191),749,0.0
HCN4 (ENSG00000138622),750,0.0
PRKAR2A (ENSG00000114302),751,0.0
PRKAR2B (ENSG00000005249),752,0.0
HCLS1 (ENSG00000180353),753,0.0
HCK (ENSG00000101336),754,0.0
PRKCA (ENSG00000154229),755,0.0
PRKCB (ENSG00000166501),756,0.0
PRKCD (ENSG00000163932),757,0.0
PRKCDBP (ENSG00000170955),758,0.0
HCG18 (ENSG00000231074),759,0.0
PRKCG (ENSG00000126583),760,0.0
HCG16 (ENSG00000244349),761,0.0
PRKCI (ENSG00000163558),762,0.0
HCFC1R1 (ENSG00000103145),763,0.0
HCFC1 (ENSG00000172534),764,0.0
HCCS (ENSG00000004961),765,0.0
PRKCQ (ENSG00000065675),766,0.0
PRKCZ (ENSG00000067606),767,0.0
HBS1L (ENSG00000112339),768,0.0
HBQ1 (ENSG00000086506),769,0.0
PRKD3 (ENSG00000115825),770,0.0
PRKDC (ENSG00000253729),771,0.0
HBEGF (ENSG00000113070),772,0.0
PRKRIP1 (ENSG00000128563),773,0.0
HBA2 (ENSG00000188536),774,0.0
HBA1 (ENSG00000206172),775,0.0
PRKAB2 (ENSG00000131791),776,0.0
RP11-11N9.4 (ENSG00000247134),777,0.0
GRIK5 (ENSG00000105737),778,0.0
PSMD6-AS2 (ENSG00000239653),779,0.0
RAB10 (ENSG00000084733),780,0.0
RAB11A (ENSG00000103769),781,0.0
GNG5 (ENSG00000174021),782,0.0
GNG4 (ENSG00000168243),783,0.0
RAB11FIP1 (ENSG00000156675),784,0.0
RAB11FIP3 (ENSG00000090565),785,0.0
RAB11FIP4 (ENSG00000131242),786,0.0
RAB12 (ENSG00000206418),787,0.0
RAB13 (ENSG00000143545),788,0.0
GNG10 (ENSG00000242616),789,0.0
RAB15 (ENSG00000139998),790,0.0
GNB5 (ENSG00000069966),791,0.0
GNB4 (ENSG00000114450),792,0.0
GNGT2 (ENSG00000167083),793,0.0
RAB17 (ENSG00000124839),794,0.0
RAB20 (ENSG00000139832),795,0.0
GNB1L (ENSG00000185838),796,0.0
GNB1 (ENSG00000078369),797,0.0
GNAS-AS1 (ENSG00000235590),798,0.0
RAB21 (ENSG00000080371),799,0.0
GNAQ (ENSG00000156052),800,0.0
GNAO1 (ENSG00000087258),801,0.0
GNAL (ENSG00000141404),802,0.0
RAB25 (ENSG00000132698),803,0.0
GNAI2 (ENSG00000114353),804,0.0
RAB29 (ENSG00000117280),805,0.0
GNA15 (ENSG00000060558),806,0.0
GNA14 (ENSG00000156049),807,0.0
RAB1B (ENSG00000174903),808,0.0
GNL1 (ENSG00000204590),809,0.0
GNL2 (ENSG00000134697),810,0.0
GNL3 (ENSG00000163938),811,0.0
GOLT1B (ENSG00000111711),812,0.0
GOLT1A (ENSG00000174567),813,0.0
GOLPH3L (ENSG00000143457),814,0.0
GOLPH3 (ENSG00000113384),815,0.0
GOLM1 (ENSG00000135052),816,0.0
PYDC1 (ENSG00000169900),817,0.0
PYM1 (ENSG00000170473),818,0.0
PYY (ENSG00000131096),819,0.0
QKI (ENSG00000112531),820,0.0
QPRT (ENSG00000103485),821,0.0
QRFPR (ENSG00000186867),822,0.0
QRICH1 (ENSG00000198218),823,0.0
QRSL1 (ENSG00000130348),824,0.0
QSER1 (ENSG00000060749),825,0.0
GOLGA3 (ENSG00000090615),826,0.0
QSOX1 (ENSG00000116260),827,0.0
GOLGA1 (ENSG00000136935),828,0.0
QSOX2 (ENSG00000165661),829,0.0
QTRT1 (ENSG00000213339),830,0.0
QTRTD1 (ENSG00000151576),831,0.0
R3HCC1L (ENSG00000166024),832,0.0
GNPTAB (ENSG00000111670),833,0.0
GNPNAT1 (ENSG00000100522),834,0.0
R3HDM1 (ENSG00000048991),835,0.0
GNPDA1 (ENSG00000113552),836,0.0
GNPAT (ENSG00000116906),837,0.0
GNMT (ENSG00000124713),838,0.0
R3HDM4 (ENSG00000198858),839,0.0
GNL3L (ENSG00000130119),840,0.0
GNA13 (ENSG00000120063),841,0.0
GON4L (ENSG00000116580),842,0.0
GNA12 (ENSG00000146535),843,0.0
GMPS (ENSG00000163655),844,0.0
GLRX3 (ENSG00000108010),845,0.0
GLRX2 (ENSG00000023572),846,0.0
GLRX (ENSG00000173221),847,0.0
RAB5A (ENSG00000144566),848,0.0
GLO1 (ENSG00000124767),849,0.0
GLMP (ENSG00000198715),850,0.0
GLMN (ENSG00000174842),851,0.0
RAB6B (ENSG00000154917),852,0.0
RAB8A (ENSG00000167461),853,0.0
RAB8B (ENSG00000166128),854,0.0
RAB9A (ENSG00000123595),855,0.0
RABAC1 (ENSG00000105404),856,0.0
GLIPR2 (ENSG00000122694),857,0.0
GLRX5 (ENSG00000182512),858,0.0
RABEP1 (ENSG00000029725),859,0.0
RABEPK (ENSG00000136933),860,0.0
RABGAP1L (ENSG00000152061),861,0.0
RABGGTB (ENSG00000137955),862,0.0
GLI2 (ENSG00000074047),863,0.0
RABIF (ENSG00000183155),864,0.0
GLG1 (ENSG00000090863),865,0.0
RABL3 (ENSG00000144840),866,0.0
GLDC (ENSG00000178445),867,0.0
GLCE (ENSG00000138604),868,0.0
RABL6 (ENSG00000196642),869,0.0
GLB1L3 (ENSG00000166105),870,0.0
RAC1 (ENSG00000136238),871,0.0
RAC3 (ENSG00000169750),872,0.0
GLIPR1L1 (ENSG00000173401),873,0.0
GLS (ENSG00000115419),874,0.0
GLS2 (ENSG00000135423),875,0.0
GLT1D1 (ENSG00000151948),876,0.0
GMPR2 (ENSG00000100938),877,0.0
RAB30 (ENSG00000137502),878,0.0
GMPPB (ENSG00000173540),879,0.0
RAB30-AS1 (ENSG00000246067),880,0.0
GMNN (ENSG00000112312),881,0.0
RAB31 (ENSG00000168461),882,0.0
GMIP (ENSG00000089639),883,0.0
RAB33B (ENSG00000172007),884,0.0
GMFB (ENSG00000197045),885,0.0
RAB34 (ENSG00000109113),886,0.0
GMEB1 (ENSG00000162419),887,0.0
RAB35 (ENSG00000111737),888,0.0
GMDS (ENSG00000112699),889,0.0
GMCL1 (ENSG00000087338),890,0.0
GM2A (ENSG00000196743),891,0.0
GLYR1 (ENSG00000140632),892,0.0
GLYCTK (ENSG00000168237),893,0.0
RAB39A (ENSG00000179331),894,0.0
GLYATL1 (ENSG00000166840),895,0.0
RAB39B (ENSG00000155961),896,0.0
GLUL (ENSG00000135821),897,0.0
GLUD1 (ENSG00000148672),898,0.0
RAB3B (ENSG00000169213),899,0.0
GLTSCR1L (ENSG00000112624),900,0.0
GLTSCR1 (ENSG00000063169),901,0.0
RAB3GAP2 (ENSG00000118873),902,0.0
RAB3IP (ENSG00000127328),903,0.0
RAB42 (ENSG00000188060),904,0.0
RAB4B (ENSG00000167578),905,0.0
GNA11 (ENSG00000088256),906,0.0
PSMD6 (ENSG00000163636),907,0.0
PYCR2 (ENSG00000143811),908,0.0
PYCARD (ENSG00000103490),909,0.0
PTBP3 (ENSG00000119314),910,0.0
PTCD3 (ENSG00000132300),911,0.0
PTCHD1 (ENSG00000165186),912,0.0
PTDSS1 (ENSG00000156471),913,0.0
GPS1 (ENSG00000169727),914,0.0
PTDSS2 (ENSG00000174915),915,0.0
GPRIN2 (ENSG00000204175),916,0.0
PTEN (ENSG00000171862),917,0.0
GPRC6A (ENSG00000173612),918,0.0
PTER (ENSG00000165983),919,0.0
GPRC5B (ENSG00000167191),920,0.0
PTGES2 (ENSG00000148334),921,0.0
PTGES3 (ENSG00000110958),922,0.0
GPT2 (ENSG00000166123),923,0.0
PTGES3L (ENSG00000267060),924,0.0
GPR89A (ENSG00000117262),925,0.0
PTH2 (ENSG00000142538),926,0.0
PTMA (ENSG00000187514),927,0.0
PTP4A2 (ENSG00000184007),928,0.0
PTPMT1 (ENSG00000110536),929,0.0
PTPN1 (ENSG00000196396),930,0.0
GPR63 (ENSG00000112218),931,0.0
PTPN11 (ENSG00000179295),932,0.0
PTPN12 (ENSG00000127947),933,0.0
PTPN14 (ENSG00000152104),934,0.0
PTPN2 (ENSG00000175354),935,0.0
PTPN21 (ENSG00000070778),936,0.0
GPR27 (ENSG00000170837),937,0.0
PTGR2 (ENSG00000140043),938,0.0
GPX1 (ENSG00000233276),939,0.0
PTBP2 (ENSG00000117569),940,0.0
GPX3 (ENSG00000211445),941,0.0
GRID2 (ENSG00000152208),942,0.0
PSMD7 (ENSG00000103035),943,0.0
PSMD9 (ENSG00000110801),944,0.0
GRIA3 (ENSG00000125675),945,0.0
PSME2 (ENSG00000100911),946,0.0
PSME3 (ENSG00000131467),947,0.0
PSME4 (ENSG00000068878),948,0.0
GRHL3 (ENSG00000158055),949,0.0
GRHL2 (ENSG00000083307),950,0.0
PSMG1 (ENSG00000183527),951,0.0
PSMG2 (ENSG00000128789),952,0.0
PSMG3 (ENSG00000157778),953,0.0
PSMG3-AS1 (ENSG00000230487),954,0.0
GRB7 (ENSG00000141738),955,0.0
GRB2 (ENSG00000177885),956,0.0
GRB14 (ENSG00000115290),957,0.0
GRB10 (ENSG00000106070),958,0.0
PSMG4 (ENSG00000180822),959,0.0
PSORS1C2 (ENSG00000204538),960,0.0
PSPC1 (ENSG00000121390),961,0.0
PSPH (ENSG00000146733),962,0.0
GRAMD3 (ENSG00000155324),963,0.0
PSRC1 (ENSG00000134222),964,0.0
PSTK (ENSG00000179988),965,0.0
PSTPIP1 (ENSG00000140368),966,0.0
PTAFR (ENSG00000169403),967,0.0
GPX8 (ENSG00000164294),968,0.0
PTAR1 (ENSG00000188647),969,0.0
PTBP1 (ENSG00000011304),970,0.0
PTPN23 (ENSG00000076201),971,0.0
PYCARD-AS1 (ENSG00000261359),972,0.0
PTPN4 (ENSG00000088179),973,0.0
PTPN6 (ENSG00000111679),974,0.0
PUS1 (ENSG00000177192),975,0.0
GPD1 (ENSG00000167588),976,0.0
PUS3 (ENSG00000110060),977,0.0
PUS7 (ENSG00000091127),978,0.0
PUS7L (ENSG00000129317),979,0.0
GPC4 (ENSG00000076716),980,0.0
PUSL1 (ENSG00000169972),981,0.0
PVALB (ENSG00000100362),982,0.0
PVRL1 (ENSG00000110400),983,0.0
GPBP1L1 (ENSG00000159592),984,0.0
PVRL3 (ENSG00000177707),985,0.0
PVT1 (ENSG00000249859),986,0.0
PWAR6 (ENSG00000257151),987,0.0
GPD2 (ENSG00000115159),988,0.0
GPATCH4 (ENSG00000160818),989,0.0
GPATCH2 (ENSG00000092978),990,0.0
PWP1 (ENSG00000136045),991,0.0
PWWP2A (ENSG00000170234),992,0.0
GPAT4 (ENSG00000158669),993,0.0
GPANK1 (ENSG00000204438),994,0.0
PWWP2B (ENSG00000171813),995,0.0
PXMP4 (ENSG00000101417),996,0.0
PXN-AS1 (ENSG00000255857),997,0.0
GOT2 (ENSG00000125166),998,0.0
GOT1 (ENSG00000120053),999,0.0
GOSR2 (ENSG00000108433),1000,0.0
GOSR1 (ENSG00000108587),1001,0.0
PXYLP1 (ENSG00000155893),1002,0.0
GPATCH3 (ENSG00000198746),1003,0.0
PURB (ENSG00000146676),1004,0.0
GPHA2 (ENSG00000149735),1005,0.0
PUM3 (ENSG00000080608),1006,0.0
GPR180 (ENSG00000152749),1007,0.0
GPR176 (ENSG00000166073),1008,0.0
GPR173 (ENSG00000184194),1009,0.0
PTPN9 (ENSG00000169410),1010,0.0
PTPRF (ENSG00000142949),1011,0.0
GPR160 (ENSG00000173890),1012,0.0
GPR157 (ENSG00000180758),1013,0.0
PTPRG (ENSG00000144724),1014,0.0
PTPRJ (ENSG00000149177),1015,0.0
GPR153 (ENSG00000158292),1016,0.0
PTPRK (ENSG00000152894),1017,0.0
PTPRN (ENSG00000054356),1018,0.0
GPR143 (ENSG00000101850),1019,0.0
GPR137C (ENSG00000180998),1020,0.0
PTPRS (ENSG00000105426),1021,0.0
PTPRZ1 (ENSG00000106278),1022,0.0
PTRF (ENSG00000177469),1023,0.0
PTRH1 (ENSG00000187024),1024,0.0
PTRH2 (ENSG00000141378),1025,0.0
GPR107 (ENSG00000148358),1026,0.0
PTRHD1 (ENSG00000184924),1027,0.0
PTS (ENSG00000150787),1028,0.0
GPN3 (ENSG00000111231),1029,0.0
GPN2 (ENSG00000142751),1030,0.0
GPN1 (ENSG00000198522),1031,0.0
GPM6B (ENSG00000046653),1032,0.0
PTTG1 (ENSG00000164611),1033,0.0
PTTG2 (ENSG00000250254),1034,0.0
PUM2 (ENSG00000055917),1035,0.0
GPR19 (ENSG00000183150),1036,0.0
PPP6R2 (ENSG00000100239),1037,0.0
RP11-121C2.2 (ENSG00000259959),1038,0.0
RP11-126K1.2 (ENSG00000232671),1039,0.0
RP4-563E14.1 (ENSG00000273759),1040,0.0
RP4-621N11.2 (ENSG00000269846),1041,0.0
RP4-622L5.7 (ENSG00000224066),1042,0.0
RP4-635E18.6 (ENSG00000230337),1043,0.0
RP4-647C14.2 (ENSG00000258376),1044,0.0
RP4-660H19.1 (ENSG00000225087),1045,0.0
EFCAB6 (ENSG00000186976),1046,0.0
RP4-773N10.4 (ENSG00000258634),1047,0.0
EFCAB2 (ENSG00000203666),1048,0.0
EFCAB14 (ENSG00000159658),1049,0.0
EFCAB13 (ENSG00000178852),1050,0.0
RP4-798A10.4 (ENSG00000224174),1051,0.0
EFCAB11 (ENSG00000140025),1052,0.0
RP4-555D20.4 (ENSG00000272121),1053,0.0
EFCAB10 (ENSG00000185055),1054,0.0
RP4-816N1.6 (ENSG00000258325),1055,0.0
EEF2KMT (ENSG00000118894),1056,0.0
EEF2K (ENSG00000103319),1057,0.0
RP5-1050D4.3 (ENSG00000262429),1058,0.0
EEF1G (ENSG00000254772),1059,0.0
EEF1E1 (ENSG00000124802),1060,0.0
RP5-1068H6.6 (ENSG00000278595),1061,0.0
EEF1B2 (ENSG00000114942),1062,0.0
RP5-1085F17.3 (ENSG00000260257),1063,0.0
RP5-1092A3.4 (ENSG00000270605),1064,0.0
EED (ENSG00000074266),1065,0.0
EEA1 (ENSG00000102189),1066,0.0
RP5-1112D6.4 (ENSG00000230177),1067,0.0
RP4-806M20.4 (ENSG00000268649),1068,0.0
RP5-1125A11.6 (ENSG00000275784),1069,0.0
EFHD2 (ENSG00000142634),1070,0.0
RP4-548D19.3 (ENSG00000272661),1071,0.0
RP13-650J16.1 (ENSG00000264569),1072,0.0
EHD4 (ENSG00000103966),1073,0.0
EHD3 (ENSG00000013016),1074,0.0
RP13-714J12.1 (ENSG00000274373),1075,0.0
RP13-726E6.2 (ENSG00000255367),1076,0.0
RP13-753N3.3 (ENSG00000275185),1077,0.0
RP13-895J2.3 (ENSG00000256542),1078,0.0
EGR4 (ENSG00000135625),1079,0.0
RP13-895J2.6 (ENSG00000277011),1080,0.0
RP3-325F22.5 (ENSG00000272189),1081,0.0
RP3-380B8.4 (ENSG00000233064),1082,0.0
EGLN3 (ENSG00000129521),1083,0.0
EGLN2 (ENSG00000269858),1084,0.0
RP4-555D20.2 (ENSG00000261786),1085,0.0
RP3-399L15.3 (ENSG00000228624),1086,0.0
RP3-414A15.10 (ENSG00000258603),1087,0.0
RP3-465N24.6 (ENSG00000272432),1088,0.0
RP3-475N16.1 (ENSG00000231113),1089,0.0
EGFL7 (ENSG00000172889),1090,0.0
RP3-500L14.2 (ENSG00000272209),1091,0.0
EFTUD2 (ENSG00000108883),1092,0.0
EFTUD1 (ENSG00000140598),1093,0.0
RP3-508I15.21 (ENSG00000272669),1094,0.0
EFR3A (ENSG00000132294),1095,0.0
RP3-508I15.22 (ENSG00000273076),1096,0.0
RP3-522D1.1 (ENSG00000224167),1097,0.0
RP4-533D7.5 (ENSG00000227857),1098,0.0
RP4-545C24.1 (ENSG00000244198),1099,0.0
RP3-412A9.16 (ENSG00000273387),1100,0.0
RP5-1159O4.1 (ENSG00000272894),1101,0.0
RP5-1187M17.10 (ENSG00000088899),1102,0.0
RP5-834N19.1 (ENSG00000232650),1103,0.0
RPAP2 (ENSG00000122484),1104,0.0
EBAG9 (ENSG00000147654),1105,0.0
EARS2 (ENSG00000103356),1106,0.0
EAF2 (ENSG00000145088),1107,0.0
RPAP3 (ENSG00000005175),1108,0.0
EAF1 (ENSG00000144597),1109,0.0
RPE (ENSG00000197713),1110,0.0
RPEL1 (ENSG00000235376),1111,0.0
E2F7 (ENSG00000165891),1112,0.0
RPF1 (ENSG00000117133),1113,0.0
E2F5 (ENSG00000133740),1114,0.0
E2F4 (ENSG00000205250),1115,0.0
E2F3 (ENSG00000112242),1116,0.0
RPAP1 (ENSG00000103932),1117,0.0
E2F1 (ENSG00000101412),1118,0.0
RPF2 (ENSG00000197498),1119,0.0
RPGRIP1L (ENSG00000103494),1120,0.0
DZANK1 (ENSG00000089091),1121,0.0
RPL11 (ENSG00000142676),1122,0.0
RPL12 (ENSG00000197958),1123,0.0
DYRK2 (ENSG00000127334),1124,0.0
RPL17 (ENSG00000265681),1125,0.0
DYRK1A (ENSG00000157540),1126,0.0
DYNLT1 (ENSG00000146425),1127,0.0
DYNLRB1 (ENSG00000125971),1128,0.0
DYNLL2 (ENSG00000264364),1129,0.0
DYNLL1 (ENSG00000088986),1130,0.0
RPL22 (ENSG00000116251),1131,0.0
DZIP3 (ENSG00000198919),1132,0.0
RPAIN (ENSG00000129197),1133,0.0
RPA4 (ENSG00000204086),1134,0.0
RPA3 (ENSG00000106399),1135,0.0
EDIL3 (ENSG00000164176),1136,0.0
EDF1 (ENSG00000107223),1137,0.0
EDEM3 (ENSG00000116406),1138,0.0
EDEM2 (ENSG00000088298),1139,0.0
RP5-858B6.3 (ENSG00000223393),1140,0.0
EDC4 (ENSG00000038358),1141,0.0
EDC3 (ENSG00000179151),1142,0.0
RP5-862P8.2 (ENSG00000143674),1143,0.0
RP5-894A10.2 (ENSG00000244701),1144,0.0
EDA (ENSG00000158813),1145,0.0
ECT2 (ENSG00000114346),1146,0.0
RP5-903G2.2 (ENSG00000254610),1147,0.0
RP5-908M14.9 (ENSG00000273619),1148,0.0
RP5-943J3.2 (ENSG00000272931),1149,0.0
RP5-963E22.6 (ENSG00000273821),1150,0.0
RP5-967N21.11 (ENSG00000275632),1151,0.0
ECI1 (ENSG00000167969),1152,0.0
ECHS1 (ENSG00000127884),1153,0.0
ECHDC3 (ENSG00000134463),1154,0.0
RP5-984P4.6 (ENSG00000278041),1155,0.0
RP6-65G23.3 (ENSG00000259153),1156,0.0
RP6-65G23.5 (ENSG00000275630),1157,0.0
ECE2 (ENSG00000145194),1158,0.0
RPA1 (ENSG00000132383),1159,0.0
ECD (ENSG00000122882),1160,0.0
EBPL (ENSG00000123179),1161,0.0
EBP (ENSG00000147155),1162,0.0
EBNA1BP2 (ENSG00000117395),1163,0.0
EBLN3 (ENSG00000281649),1164,0.0
EHMT1 (ENSG00000181090),1165,0.0
RP13-401N8.1 (ENSG00000226465),1166,0.0
EI24 (ENSG00000149547),1167,0.0
RP13-270P17.3 (ENSG00000272688),1168,0.0
EMC9 (ENSG00000100908),1169,0.0
EMC8 (ENSG00000131148),1170,0.0
EMC7 (ENSG00000134153),1171,0.0
EMC6 (ENSG00000127774),1172,0.0
EMC4 (ENSG00000128463),1173,0.0
EMC3 (ENSG00000125037),1174,0.0
EMC2 (ENSG00000104412),1175,0.0
EMC10 (ENSG00000161671),1176,0.0
EMC1 (ENSG00000127463),1177,0.0
EMB (ENSG00000170571),1178,0.0
ELP5 (ENSG00000170291),1179,0.0
RP11-796E10.1 (ENSG00000270460),1180,0.0
ELP2 (ENSG00000134759),1181,0.0
RP11-792A8.4 (ENSG00000272831),1182,0.0
ELOVL7 (ENSG00000164181),1183,0.0
RP11-798K3.2 (ENSG00000259347),1184,0.0
ELOVL4 (ENSG00000118402),1185,0.0
RP11-7F17.8 (ENSG00000273729),1186,0.0
RP11-7F18.2 (ENSG00000271966),1187,0.0
RP11-806H10.4 (ENSG00000266970),1188,0.0
ELOF1 (ENSG00000130165),1189,0.0
RP11-80H5.2 (ENSG00000232936),1190,0.0
RP11-814H16.2 (ENSG00000272862),1191,0.0
RP11-817O13.8 (ENSG00000260274),1192,0.0
ELMO3 (ENSG00000102890),1193,0.0
RP11-82L7.4 (ENSG00000259223),1194,0.0
ELL2 (ENSG00000118985),1195,0.0
RP11-83N9.5 (ENSG00000260193),1196,0.0
ELOVL6 (ENSG00000170522),1197,0.0
EMD (ENSG00000102119),1198,0.0
EME2 (ENSG00000197774),1199,0.0
EMG1 (ENSG00000126749),1200,0.0
ENOPH1 (ENSG00000145293),1201,0.0
RP11-689C9.1 (ENSG00000272461),1202,0.0
RP11-696N14.1 (ENSG00000246090),1203,0.0
RP11-697E2.6 (ENSG00000261147),1204,0.0
RP11-69I8.2 (ENSG00000236673),1205,0.0
RP11-701H24.9 (ENSG00000214265),1206,0.0
RP11-706P11.2 (ENSG00000278703),1207,0.0
ENHO (ENSG00000168913),1208,0.0
RP11-712L6.5 (ENSG00000255062),1209,0.0
RP11-722E23.2 (ENSG00000272338),1210,0.0
RP11-728G15.1 (ENSG00000256008),1211,0.0
RP11-731C17.2 (ENSG00000273486),1212,0.0
RP11-73K9.2 (ENSG00000260526),1213,0.0
ENAH (ENSG00000154380),1214,0.0
RP11-74E22.8 (ENSG00000277200),1215,0.0
EMX1 (ENSG00000135638),1216,0.0
EMSY (ENSG00000158636),1217,0.0
RP11-758M4.4 (ENSG00000253706),1218,0.0
RP11-768F21.1 (ENSG00000248636),1219,0.0
RP11-771K4.1 (ENSG00000256232),1220,0.0
RP11-776H12.1 (ENSG00000226476),1221,0.0
EML5 (ENSG00000165521),1222,0.0
EML4 (ENSG00000143924),1223,0.0
RP11-778D9.13 (ENSG00000273181),1224,0.0
EML2 (ENSG00000125746),1225,0.0
RP11-77P6.2 (ENSG00000227896),1226,0.0
EMILIN2 (ENSG00000132205),1227,0.0
RP11-783K16.5 (ENSG00000256940),1228,0.0
RP11-78L16.1 (ENSG00000278630),1229,0.0
RP11-848P1.5 (ENSG00000264107),1230,0.0
RPL22L1 (ENSG00000163584),1231,0.0
ELK1 (ENSG00000126767),1232,0.0
RP11-849F2.9 (ENSG00000269947),1233,0.0
RP11-932O9.10 (ENSG00000269974),1234,0.0
EIF3E (ENSG00000104408),1235,0.0
RP11-93H24.3 (ENSG00000273723),1236,0.0
RP11-94I2.4 (ENSG00000274372),1237,0.0
RP11-95P2.3 (ENSG00000263105),1238,0.0
EIF3B (ENSG00000106263),1239,0.0
EIF3A (ENSG00000107581),1240,0.0
RP11-961A15.3 (ENSG00000277597),1241,0.0
EIF2S3 (ENSG00000130741),1242,0.0
EIF2S2 (ENSG00000125977),1243,0.0
EIF2S1 (ENSG00000134001),1244,0.0
RP11-96B5.3 (ENSG00000223502),1245,0.0
EIF2B5 (ENSG00000145191),1246,0.0
EIF3I (ENSG00000084623),1247,0.0
EIF2B4 (ENSG00000115211),1248,0.0
RP11-96D1.11 (ENSG00000262160),1249,0.0
EIF2AK4 (ENSG00000128829),1250,0.0
EIF2AK3 (ENSG00000172071),1251,0.0
EIF2AK2 (ENSG00000055332),1252,0.0
RP11-97C16.1 (ENSG00000271870),1253,0.0
RP11-98D18.9 (ENSG00000203288),1254,0.0
EIF1B (ENSG00000114784),1255,0.0
EIF1AY (ENSG00000198692),1256,0.0
EIF1AX (ENSG00000173674),1257,0.0
EIF1AD (ENSG00000175376),1258,0.0
RP13-131K19.1 (ENSG00000235236),1259,0.0
RP13-131K19.7 (ENSG00000273211),1260,0.0
EID2 (ENSG00000176396),1261,0.0
EIF2B3 (ENSG00000070785),1262,0.0
EIF3J (ENSG00000104131),1263,0.0
RP11-91G21.1 (ENSG00000268129),1264,0.0
EIF3K (ENSG00000178982),1265,0.0
RP11-849H4.2 (ENSG00000254469),1266,0.0
RP11-849I19.1 (ENSG00000263146),1267,0.0
RP11-84G21.1 (ENSG00000257557),1268,0.0
RP11-85O21.2 (ENSG00000236668),1269,0.0
RP11-867G2.6 (ENSG00000255666),1270,0.0
RP11-879F14.2 (ENSG00000267279),1271,0.0
ELAC2 (ENSG00000006744),1272,0.0
EIF6 (ENSG00000242372),1273,0.0
EIF5B (ENSG00000158417),1274,0.0
EIF5AL1 (ENSG00000253626),1275,0.0
EIF5A2 (ENSG00000163577),1276,0.0
EIF5A (ENSG00000132507),1277,0.0
EIF5 (ENSG00000100664),1278,0.0
RP11-884K10.7 (ENSG00000271976),1279,0.0
EIF4G3 (ENSG00000075151),1280,0.0
RP11-88E10.4 (ENSG00000277159),1281,0.0
EIF4G1 (ENSG00000114867),1282,0.0
EIF4EBP3 (ENSG00000243056),1283,0.0
EIF4EBP2 (ENSG00000148730),1284,0.0
EIF4EBP1 (ENSG00000187840),1285,0.0
EIF4E3 (ENSG00000163412),1286,0.0
EIF4E2 (ENSG00000135930),1287,0.0
RP11-893F2.13 (ENSG00000253730),1288,0.0
EIF4E (ENSG00000151247),1289,0.0
EIF4B (ENSG00000063046),1290,0.0
RP11-893F2.6 (ENSG00000251085),1291,0.0
RP11-89K21.1 (ENSG00000259439),1292,0.0
EIF3M (ENSG00000149100),1293,0.0
RP11-90K6.1 (ENSG00000239482),1294,0.0
RP11-849F2.7 (ENSG00000263809),1295,0.0
DYNC1LI2 (ENSG00000135720),1296,0.0
DYNC1LI1 (ENSG00000144635),1297,0.0
RPL23 (ENSG00000125691),1298,0.0
RRS1-AS1 (ENSG00000246145),1299,0.0
RSBN1L (ENSG00000187257),1300,0.0
DNASE1L2 (ENSG00000167968),1301,0.0
RSF1 (ENSG00000048649),1302,0.0
RSL1D1 (ENSG00000171490),1303,0.0
RSL24D1 (ENSG00000137876),1304,0.0
DNAL1 (ENSG00000119661),1305,0.0
DNAJC9-AS1 (ENSG00000236756),1306,0.0
RSU1 (ENSG00000148484),1307,0.0
DNAJC8 (ENSG00000126698),1308,0.0
DNAJC7 (ENSG00000168259),1309,0.0
RTBDN (ENSG00000132026),1310,0.0
RTCA (ENSG00000137996),1311,0.0
RRS1 (ENSG00000179041),1312,0.0
RTCB (ENSG00000100220),1313,0.0
RTKN2 (ENSG00000182010),1314,0.0
DNAJC3 (ENSG00000102580),1315,0.0
DNAJC28 (ENSG00000177692),1316,0.0
RTN3 (ENSG00000133318),1317,0.0
RTN4 (ENSG00000115310),1318,0.0
DNAJC25 (ENSG00000059769),1319,0.0
DNAJC24 (ENSG00000170946),1320,0.0
RTN4IP1 (ENSG00000130347),1321,0.0
DNAJC21 (ENSG00000168724),1322,0.0
DNAJC2 (ENSG00000105821),1323,0.0
DNAJC19 (ENSG00000205981),1324,0.0
DNAJC18 (ENSG00000170464),1325,0.0
RTN4R (ENSG00000040608),1326,0.0
RTF1 (ENSG00000137815),1327,0.0
RRP9 (ENSG00000114767),1328,0.0
DNLZ (ENSG00000213221),1329,0.0
RRP7A (ENSG00000189306),1330,0.0
DOK3 (ENSG00000146094),1331,0.0
DOK1 (ENSG00000115325),1332,0.0
DOHH (ENSG00000129932),1333,0.0
RQCD1 (ENSG00000144580),1334,0.0
RRAGC (ENSG00000116954),1335,0.0
RRAGD (ENSG00000025039),1336,0.0
RRAS2 (ENSG00000133818),1337,0.0
RRBP1 (ENSG00000125844),1338,0.0
DOCK5 (ENSG00000147459),1339,0.0
RRM2 (ENSG00000171848),1340,0.0
DOCK3 (ENSG00000088538),1341,0.0
DOCK2 (ENSG00000134516),1342,0.0
DOCK11 (ENSG00000147251),1343,0.0
RRM2B (ENSG00000048392),1344,0.0
RRN3 (ENSG00000085721),1345,0.0
RRP1 (ENSG00000160214),1346,0.0
RRP12 (ENSG00000052749),1347,0.0
DNTTIP2 (ENSG00000067334),1348,0.0
RRP15 (ENSG00000067533),1349,0.0
DNTT (ENSG00000107447),1350,0.0
DNPEP (ENSG00000123992),1351,0.0
DNMT3B (ENSG00000088305),1352,0.0
DNMT3A (ENSG00000119772),1353,0.0
DNMT1 (ENSG00000130816),1354,0.0
DNMBP (ENSG00000107554),1355,0.0
RRP1B (ENSG00000160208),1356,0.0
RRP36 (ENSG00000124541),1357,0.0
DNM2 (ENSG00000079805),1358,0.0
DNM1L (ENSG00000087470),1359,0.0
DNAJC16 (ENSG00000116138),1360,0.0
RPUSD4 (ENSG00000165526),1361,0.0
DNAJC15 (ENSG00000120675),1362,0.0
DNAJC11 (ENSG00000007923),1363,0.0
S100PBP (ENSG00000116497),1364,0.0
DMTF1 (ENSG00000135164),1365,0.0
SAAL1 (ENSG00000166788),1366,0.0
SACM1L (ENSG00000211456),1367,0.0
SACS (ENSG00000151835),1368,0.0
SAE1 (ENSG00000142230),1369,0.0
DMKN (ENSG00000161249),1370,0.0
SAFB2 (ENSG00000130254),1371,0.0
SALL1 (ENSG00000103449),1372,0.0
DMC1 (ENSG00000100206),1373,0.0
SALL2 (ENSG00000165821),1374,0.0
DLX6-AS1 (ENSG00000231764),1375,0.0
DLX6 (ENSG00000006377),1376,0.0
DMXL1 (ENSG00000172869),1377,0.0
DLX4 (ENSG00000108813),1378,0.0
SALL4 (ENSG00000101115),1379,0.0
DLST (ENSG00000119689),1380,0.0
SAMD1 (ENSG00000141858),1381,0.0
SAMD12 (ENSG00000177570),1382,0.0
SAMD4B (ENSG00000179134),1383,0.0
DLGAP5 (ENSG00000126787),1384,0.0
SAMD8 (ENSG00000156671),1385,0.0
SAMHD1 (ENSG00000101347),1386,0.0
DLGAP3 (ENSG00000116544),1387,0.0
SAP130 (ENSG00000136715),1388,0.0
DLGAP1-AS2 (ENSG00000262001),1389,0.0
DLGAP1 (ENSG00000170579),1390,0.0
DLG5 (ENSG00000151208),1391,0.0
SALL3 (ENSG00000256463),1392,0.0
S100A2 (ENSG00000196754),1393,0.0
DNA2 (ENSG00000138346),1394,0.0
S100A13 (ENSG00000189171),1395,0.0
DNAJC10 (ENSG00000077232),1396,0.0
RTN4RL2 (ENSG00000186907),1397,0.0
RTP1 (ENSG00000175077),1398,0.0
DNAJB6 (ENSG00000105993),1399,0.0
DNAJB5 (ENSG00000137094),1400,0.0
RUBCN (ENSG00000145016),1401,0.0
DNAJB14 (ENSG00000164031),1402,0.0
DNAJB12 (ENSG00000148719),1403,0.0
DNAJB11 (ENSG00000090520),1404,0.0
RUNDC3A-AS1 (ENSG00000267750),1405,0.0
DNAJA4 (ENSG00000140403),1406,0.0
DNAJA3 (ENSG00000103423),1407,0.0
DNAJA2 (ENSG00000069345),1408,0.0
RUSC1 (ENSG00000160753),1409,0.0
RUVBL1 (ENSG00000175792),1410,0.0
RUVBL2 (ENSG00000183207),1411,0.0
RWDD1 (ENSG00000111832),1412,0.0
RWDD2A (ENSG00000013392),1413,0.0
RWDD4 (ENSG00000182552),1414,0.0
RXRA (ENSG00000186350),1415,0.0
RYBP (ENSG00000163602),1416,0.0
DNAH14 (ENSG00000185842),1417,0.0
DNAH11 (ENSG00000105877),1418,0.0
RYK (ENSG00000163785),1419,0.0
DNAH10 (ENSG00000197653),1420,0.0
RYR1 (ENSG00000196218),1421,0.0
DNAAF5 (ENSG00000164818),1422,0.0
RYR2 (ENSG00000198626),1423,0.0
DNAAF2 (ENSG00000165506),1424,0.0
DNAJC13 (ENSG00000138246),1425,0.0
ENOX2 (ENSG00000165675),1426,0.0
RPUSD3 (ENSG00000156990),1427,0.0
RPUSD1 (ENSG00000007376),1428,0.0
DUS3L (ENSG00000141994),1429,0.0
RPL39 (ENSG00000198918),1430,0.0
DUS1L (ENSG00000169718),1431,0.0
RPL39L (ENSG00000163923),1432,0.0
RPL3L (ENSG00000140986),1433,0.0
RPL41 (ENSG00000229117),1434,0.0
DTYMK (ENSG00000168393),1435,0.0
RPL7 (ENSG00000147604),1436,0.0
DTX3L (ENSG00000163840),1437,0.0
RPL7L1 (ENSG00000146223),1438,0.0
DTX2 (ENSG00000091073),1439,0.0
DTX1 (ENSG00000135144),1440,0.0
DTWD2 (ENSG00000169570),1441,0.0
DUS4L (ENSG00000105865),1442,0.0
DTWD1 (ENSG00000104047),1443,0.0
RPLP1 (ENSG00000137818),1444,0.0
RPLP2 (ENSG00000177600),1445,0.0
DTL (ENSG00000143476),1446,0.0
RPN1 (ENSG00000163902),1447,0.0
DTD1 (ENSG00000125821),1448,0.0
DSTN (ENSG00000125868),1449,0.0
DST (ENSG00000151914),1450,0.0
RPP14 (ENSG00000163684),1451,0.0
DSN1 (ENSG00000149636),1452,0.0
RPP21 (ENSG00000241370),1453,0.0
DSG2 (ENSG00000046604),1454,0.0
DSEL (ENSG00000171451),1455,0.0
RPP25 (ENSG00000178718),1456,0.0
RPL9 (ENSG00000163682),1457,0.0
RPL38 (ENSG00000172809),1458,0.0
RPL37A (ENSG00000197756),1459,0.0
RPL37 (ENSG00000145592),1460,0.0
RPL24 (ENSG00000114391),1461,0.0
DYNC1H1 (ENSG00000197102),1462,0.0
DYNAP (ENSG00000178690),1463,0.0
RPL26 (ENSG00000161970),1464,0.0
DYDC2 (ENSG00000133665),1465,0.0
DYDC1 (ENSG00000170788),1466,0.0
RPL26L1 (ENSG00000037241),1467,0.0
RPL27 (ENSG00000131469),1468,0.0
RPL27A (ENSG00000166441),1469,0.0
DVL1 (ENSG00000107404),1470,0.0
DUT (ENSG00000128951),1471,0.0
RPL28 (ENSG00000108107),1472,0.0
RPL30 (ENSG00000156482),1473,0.0
RPL31 (ENSG00000071082),1474,0.0
RPL32 (ENSG00000144713),1475,0.0
DUSP5 (ENSG00000138166),1476,0.0
DUSP3 (ENSG00000108861),1477,0.0
RPL34-AS1 (ENSG00000234492),1478,0.0
RPL35 (ENSG00000136942),1479,0.0
DUSP23 (ENSG00000158716),1480,0.0
DUSP22 (ENSG00000112679),1481,0.0
RPL35A (ENSG00000182899),1482,0.0
DUSP19 (ENSG00000162999),1483,0.0
RPL36 (ENSG00000130255),1484,0.0
DUSP16 (ENSG00000111266),1485,0.0
RPL36A (ENSG00000241343),1486,0.0
RPL36AL (ENSG00000165502),1487,0.0
DUSP13 (ENSG00000079393),1488,0.0
DUSP12 (ENSG00000081721),1489,0.0
DSCR3 (ENSG00000157538),1490,0.0
RPUSD2 (ENSG00000166133),1491,0.0
DSCC1 (ENSG00000136982),1492,0.0
RPP30 (ENSG00000148688),1493,0.0
RPS21 (ENSG00000171858),1494,0.0
RPS23 (ENSG00000186468),1495,0.0
RPS24 (ENSG00000138326),1496,0.0
DPP3 (ENSG00000254986),1497,0.0
DPP10-AS1 (ENSG00000235026),1498,0.0
RPS25 (ENSG00000118181),1499,0.0
DPM3 (ENSG00000179085),1500,0.0
DPM2 (ENSG00000136908),1501,0.0
DPM1 (ENSG00000000419),1502,0.0
DPH7 (ENSG00000148399),1503,0.0
RPS26 (ENSG00000197728),1504,0.0
DPH6 (ENSG00000134146),1505,0.0
DPH5 (ENSG00000117543),1506,0.0
DPP8 (ENSG00000074603),1507,0.0
DPH3 (ENSG00000154813),1508,0.0
DPH1 (ENSG00000108963),1509,0.0
RPS27A (ENSG00000143947),1510,0.0
RPS27L (ENSG00000185088),1511,0.0
DPF1 (ENSG00000011332),1512,0.0
DPEP3 (ENSG00000141096),1513,0.0
RPS6KA1 (ENSG00000117676),1514,0.0
RPS6KA6 (ENSG00000072133),1515,0.0
DPAGT1 (ENSG00000172269),1516,0.0
RPS6KC1 (ENSG00000136643),1517,0.0
RPS7 (ENSG00000171863),1518,0.0
DONSON (ENSG00000159147),1519,0.0
DOLPP1 (ENSG00000167130),1520,0.0
RPTOR (ENSG00000141564),1521,0.0
DPH2 (ENSG00000132768),1522,0.0
DPP9 (ENSG00000142002),1523,0.0
DPPA2 (ENSG00000163530),1524,0.0
DPPA3 (ENSG00000187569),1525,0.0
RPP38 (ENSG00000152464),1526,0.0
RPP40 (ENSG00000124787),1527,0.0
DROSHA (ENSG00000113360),1528,0.0
RPRD1A (ENSG00000141425),1529,0.0
DRG1 (ENSG00000185721),1530,0.0
RPRD2 (ENSG00000163125),1531,0.0
RPRM (ENSG00000177519),1532,0.0
RPRML (ENSG00000179673),1533,0.0
RPS10 (ENSG00000124614),1534,0.0
RPS11 (ENSG00000142534),1535,0.0
DRAXIN (ENSG00000162490),1536,0.0
DRAP1 (ENSG00000175550),1537,0.0
RPS12 (ENSG00000112306),1538,0.0
RPS13 (ENSG00000110700),1539,0.0
DR1 (ENSG00000117505),1540,0.0
METTL23 (ENSG00000181038),1541,0.0
RPS16 (ENSG00000105193),1542,0.0
DPYSL3 (ENSG00000113657),1543,0.0
DPYSL2 (ENSG00000092964),1544,0.0
DPYS (ENSG00000147647),1545,0.0
RPS17 (ENSG00000182774),1546,0.0
DPY30 (ENSG00000162961),1547,0.0
RPS18 (ENSG00000231500),1548,0.0
DPY19L3 (ENSG00000178904),1549,0.0
RPS19 (ENSG00000105372),1550,0.0
RPS19BP1 (ENSG00000187051),1551,0.0
RPS20 (ENSG00000008988),1552,0.0
DPPA5 (ENSG00000203909),1553,0.0
DPPA4 (ENSG00000121570),1554,0.0
RPP25L (ENSG00000164967),1555,0.0
RP11-686D22.4 (ENSG00000267547),1556,0.0
ENPP1 (ENSG00000197594),1557,0.0
RP11-680A11.5 (ENSG00000257605),1558,0.0
RP11-295P9.13 (ENSG00000282246),1559,0.0
RP11-297M9.1 (ENSG00000260362),1560,0.0
RP11-297N6.4 (ENSG00000255046),1561,0.0
RP11-299J3.8 (ENSG00000272758),1562,0.0
RP11-29B2.6 (ENSG00000276957),1563,0.0
RP11-301O19.1 (ENSG00000273080),1564,0.0
FAM212B-AS1 (ENSG00000227811),1565,0.0
FAM212B (ENSG00000197852),1566,0.0
RP11-304L19.13 (ENSG00000260778),1567,0.0
RP11-305L7.1 (ENSG00000230537),1568,0.0
FAM210A (ENSG00000177150),1569,0.0
FAM20C (ENSG00000177706),1570,0.0
FAM20B (ENSG00000116199),1571,0.0
RP11-295M3.4 (ENSG00000277639),1572,0.0
FAM20A (ENSG00000108950),1573,0.0
FAM208B (ENSG00000108021),1574,0.0
FAM208A (ENSG00000163946),1575,0.0
FAM207A (ENSG00000160256),1576,0.0
RP11-307C12.12 (ENSG00000271380),1577,0.0
RP11-307L14.1 (ENSG00000272370),1578,0.0
FAM201A (ENSG00000204860),1579,0.0
FAM200B (ENSG00000237765),1580,0.0
RP11-309M23.1 (ENSG00000237531),1581,0.0
FAM19A4 (ENSG00000163377),1582,0.0
FAM19A3 (ENSG00000184599),1583,0.0
RP11-312B8.1 (ENSG00000237436),1584,0.0
FAM199X (ENSG00000123575),1585,0.0
RP11-313P13.5 (ENSG00000272843),1586,0.0
FAM209B (ENSG00000213714),1587,0.0
RP11-295G20.2 (ENSG00000233461),1588,0.0
RP11-293M10.6 (ENSG00000259319),1589,0.0
FAM21A (ENSG00000099290),1590,0.0
RP11-254F7.4 (ENSG00000272524),1591,0.0
FAM46B (ENSG00000158246),1592,0.0
RP11-256I9.2 (ENSG00000260834),1593,0.0
FAM45A (ENSG00000119979),1594,0.0
RP11-256L11.3 (ENSG00000255655),1595,0.0
RP11-259N19.1 (ENSG00000272711),1596,0.0
FAM41C (ENSG00000230368),1597,0.0
RP11-25K19.1 (ENSG00000167912),1598,0.0
RP11-25O10.2 (ENSG00000272371),1599,0.0
RP11-260M2.1 (ENSG00000272807),1600,0.0
RP11-262H14.3 (ENSG00000234665),1601,0.0
RP11-264B17.4 (ENSG00000260367),1602,0.0
RP11-266K4.9 (ENSG00000215241),1603,0.0
FAM26F (ENSG00000188820),1604,0.0
FAM24B (ENSG00000213185),1605,0.0
FAM234B (ENSG00000084444),1606,0.0
RP11-267L5.1 (ENSG00000254339),1607,0.0
RP11-277B15.3 (ENSG00000272205),1608,0.0
RP11-277P12.10 (ENSG00000256288),1609,0.0
RP11-278A23.4 (ENSG00000277504),1610,0.0
RP11-279O9.4 (ENSG00000249679),1611,0.0
FAM227B (ENSG00000166262),1612,0.0
RP11-282A11.3 (ENSG00000278698),1613,0.0
FAM222B (ENSG00000173065),1614,0.0
RP11-283I3.2 (ENSG00000256577),1615,0.0
RP11-293A21.1 (ENSG00000240005),1616,0.0
FAM221A (ENSG00000188732),1617,0.0
FAM220A (ENSG00000178397),1618,0.0
FAM21C (ENSG00000172661),1619,0.0
FAM198A (ENSG00000144649),1620,0.0
RP11-254F7.2 (ENSG00000260077),1621,0.0
RP11-314A20.2 (ENSG00000244184),1622,0.0
FAM193A (ENSG00000125386),1623,0.0
RP11-362K14.6 (ENSG00000270096),1624,0.0
RP11-363J20.1 (ENSG00000258957),1625,0.0
RP11-365P13.5 (ENSG00000277767),1626,0.0
FAM160A1 (ENSG00000164142),1627,0.0
FAM159A (ENSG00000182183),1628,0.0
RP11-367N14.3 (ENSG00000272744),1629,0.0
FAM155B (ENSG00000130054),1630,0.0
FAM155A (ENSG00000204442),1631,0.0
FAM151A (ENSG00000162391),1632,0.0
FAM150B (ENSG00000189292),1633,0.0
FAM150A (ENSG00000196711),1634,0.0
RP11-375N15.2 (ENSG00000272267),1635,0.0
FAM149A (ENSG00000109794),1636,0.0
RP11-35J1.2 (ENSG00000280511),1637,0.0
FAM13B (ENSG00000031003),1638,0.0
RP11-380N8.7 (ENSG00000277368),1639,0.0
FAM136A (ENSG00000035141),1640,0.0
FAM135A (ENSG00000082269),1641,0.0
RP11-380O24.1 (ENSG00000254485),1642,0.0
RP11-381K20.2 (ENSG00000250159),1643,0.0
FAM134A (ENSG00000144567),1644,0.0
FAM133B (ENSG00000234545),1645,0.0
FAM133A (ENSG00000179083),1646,0.0
RP11-382A20.3 (ENSG00000166503),1647,0.0
FAM131B (ENSG00000159784),1648,0.0
FAM131A (ENSG00000175182),1649,0.0
RP11-385F5.4 (ENSG00000230325),1650,0.0
RP11-385F7.1 (ENSG00000270761),1651,0.0
RP11-379B8.1 (ENSG00000226453),1652,0.0
RP11-35G9.3 (ENSG00000267040),1653,0.0
RP11-359E10.1 (ENSG00000270607),1654,0.0
FAM162B (ENSG00000183807),1655,0.0
FAM192A (ENSG00000172775),1656,0.0
RP11-319E16.2 (ENSG00000256146),1657,0.0
FAM189A2 (ENSG00000135063),1658,0.0
RP11-320N7.2 (ENSG00000256969),1659,0.0
RP11-321N4.5 (ENSG00000271793),1660,0.0
RP11-323F24.3 (ENSG00000276524),1661,0.0
FAM185A (ENSG00000222011),1662,0.0
RP11-323J4.1 (ENSG00000214559),1663,0.0
RP11-326K13.4 (ENSG00000263823),1664,0.0
RP11-327P2.5 (ENSG00000231856),1665,0.0
RP11-328K4.1 (ENSG00000248740),1666,0.0
RP11-332K15.1 (ENSG00000232524),1667,0.0
RP11-334G22.1 (ENSG00000273063),1668,0.0
RP11-33O4.1 (ENSG00000272644),1669,0.0
RP11-342K6.1 (ENSG00000270696),1670,0.0
FAM177A1 (ENSG00000151327),1671,0.0
FAM175B (ENSG00000165660),1672,0.0
RP11-342M1.3 (ENSG00000228192),1673,0.0
FAM174B (ENSG00000185442),1674,0.0
RP11-343J3.2 (ENSG00000236154),1675,0.0
FAM173A (ENSG00000103254),1676,0.0
RP11-344P13.6 (ENSG00000272583),1677,0.0
FAM171B (ENSG00000144369),1678,0.0
RP11-345J4.5 (ENSG00000261740),1679,0.0
RP11-347C12.10 (ENSG00000260219),1680,0.0
FAM169A (ENSG00000198780),1681,0.0
RP11-350N15.6 (ENSG00000272159),1682,0.0
RP11-351A11.1 (ENSG00000253194),1683,0.0
RP11-357K6.1 (ENSG00000255618),1684,0.0
FAM195A (ENSG00000172366),1685,0.0
FAM129A (ENSG00000135842),1686,0.0
FAM49B (ENSG00000153310),1687,0.0
FAM50B (ENSG00000145945),1688,0.0
FBRSL1 (ENSG00000112787),1689,0.0
RP11-148B6.2 (ENSG00000250046),1690,0.0
FBP1 (ENSG00000165140),1691,0.0
RP11-151A10.3 (ENSG00000282787),1692,0.0
RP11-151A6.6 (ENSG00000280169),1693,0.0
RP11-152N13.5 (ENSG00000227540),1694,0.0
RP11-158H5.7 (ENSG00000268573),1695,0.0
RP11-159G9.5 (ENSG00000229729),1696,0.0
RP11-15A1.2 (ENSG00000267191),1697,0.0
RP11-160H22.5 (ENSG00000227373),1698,0.0
FBLL1 (ENSG00000188573),1699,0.0
RP11-160O5.1 (ENSG00000263470),1700,0.0
FBL (ENSG00000105202),1701,0.0
RP11-148B6.1 (ENSG00000249532),1702,0.0
RP11-164P12.4 (ENSG00000251603),1703,0.0
FAXC (ENSG00000146267),1704,0.0
FAU (ENSG00000149806),1705,0.0
RP11-166P13.3 (ENSG00000263004),1706,0.0
RP11-166P13.4 (ENSG00000263089),1707,0.0
FAT1 (ENSG00000083857),1708,0.0
FASTKD5 (ENSG00000215251),1709,0.0
FASTKD3 (ENSG00000124279),1710,0.0
FASTKD2 (ENSG00000118246),1711,0.0
FASTKD1 (ENSG00000138399),1712,0.0
RP11-168O16.1 (ENSG00000229191),1713,0.0
FASN (ENSG00000169710),1714,0.0
FARSB (ENSG00000116120),1715,0.0
FARSA (ENSG00000179115),1716,0.0
RP11-165A20.3 (ENSG00000273107),1717,0.0
RP11-146I2.1 (ENSG00000234261),1718,0.0
RP11-142A22.4 (ENSG00000272727),1719,0.0
RP11-140K17.3 (ENSG00000272288),1720,0.0
RP11-126K1.6 (ENSG00000237976),1721,0.0
RP11-126L15.4 (ENSG00000236305),1722,0.0
FBXO30 (ENSG00000118496),1723,0.0
RP11-126O1.5 (ENSG00000267226),1724,0.0
FBXO28 (ENSG00000143756),1725,0.0
FBXO27 (ENSG00000161243),1726,0.0
FBXO25 (ENSG00000147364),1727,0.0
RP11-127B20.2 (ENSG00000273156),1728,0.0
FBXO22 (ENSG00000167196),1729,0.0
RP11-127B20.3 (ENSG00000272677),1730,0.0
FBXO2 (ENSG00000116661),1731,0.0
RP11-129M6.1 (ENSG00000251363),1732,0.0
RP11-12G12.7 (ENSG00000274605),1733,0.0
RP11-130F10.1 (ENSG00000250131),1734,0.0
RP11-131L12.2 (ENSG00000270482),1735,0.0
RP11-131L12.3 (ENSG00000275759),1736,0.0
RP11-131L12.4 (ENSG00000275409),1737,0.0
FBXL6 (ENSG00000182325),1738,0.0
RP11-131L23.1 (ENSG00000223653),1739,0.0
RP11-131N11.4 (ENSG00000254271),1740,0.0
RP11-132A1.3 (ENSG00000232301),1741,0.0
RP11-132A1.4 (ENSG00000232445),1742,0.0
RP11-134K13.4 (ENSG00000271967),1743,0.0
RP11-1379J22.5 (ENSG00000250999),1744,0.0
RP11-138A9.1 (ENSG00000271204),1745,0.0
FBXL19 (ENSG00000099364),1746,0.0
FBXL18 (ENSG00000155034),1747,0.0
RP11-1398P2.1 (ENSG00000244459),1748,0.0
FBXL16 (ENSG00000127585),1749,0.0
RP11-16P6.1 (ENSG00000261428),1750,0.0
FAM50A (ENSG00000071859),1751,0.0
FARP2 (ENSG00000006607),1752,0.0
FAR2 (ENSG00000064763),1753,0.0
RP11-20J15.3 (ENSG00000229116),1754,0.0
RP11-214O1.2 (ENSG00000266709),1755,0.0
RP11-217B1.2 (ENSG00000261441),1756,0.0
RP11-218F10.3 (ENSG00000273449),1757,0.0
FAM76B (ENSG00000077458),1758,0.0
FAM76A (ENSG00000009780),1759,0.0
FAM73B (ENSG00000148343),1760,0.0
RP11-218M22.1 (ENSG00000177406),1761,0.0
RP11-219B17.3 (ENSG00000273958),1762,0.0
RP11-21A7A.3 (ENSG00000256341),1763,0.0
FAM72B (ENSG00000188610),1764,0.0
FAM72A (ENSG00000196550),1765,0.0
RP11-21L23.3 (ENSG00000255100),1766,0.0
FAM83D (ENSG00000101447),1767,0.0
FAM71F1 (ENSG00000135248),1768,0.0
FAM71D (ENSG00000172717),1769,0.0
RP11-225B17.2 (ENSG00000273014),1770,0.0
RP11-22C11.2 (ENSG00000261437),1771,0.0
RP11-22N19.2 (ENSG00000273320),1772,0.0
RP11-230C9.2 (ENSG00000271551),1773,0.0
FAM65B (ENSG00000111913),1774,0.0
FAM64A (ENSG00000129195),1775,0.0
RP11-244H3.4 (ENSG00000271741),1776,0.0
FAM60A (ENSG00000139146),1777,0.0
FAM58A (ENSG00000262919),1778,0.0
FAM57B (ENSG00000149926),1779,0.0
RP11-245J9.5 (ENSG00000271843),1780,0.0
RP11-253E3.3 (ENSG00000250899),1781,0.0
FAM71E1 (ENSG00000142530),1782,0.0
FAM83F (ENSG00000133477),1783,0.0
FAM83G (ENSG00000188522),1784,0.0
FAM83H (ENSG00000180921),1785,0.0
FAR1 (ENSG00000197601),1786,0.0
RP11-173P15.3 (ENSG00000256364),1787,0.0
RP11-175O19.4 (ENSG00000231025),1788,0.0
RP11-176N18.2 (ENSG00000264015),1789,0.0
FANCL (ENSG00000115392),1790,0.0
FANCI (ENSG00000140525),1791,0.0
RP11-17J14.2 (ENSG00000266495),1792,0.0
FANCE (ENSG00000112039),1793,0.0
FANCD2 (ENSG00000144554),1794,0.0
RP11-180C16.1 (ENSG00000273489),1795,0.0
FANCB (ENSG00000181544),1796,0.0
RP11-186B7.7 (ENSG00000276384),1797,0.0
FAN1 (ENSG00000198690),1798,0.0
RP11-18H7.1 (ENSG00000242622),1799,0.0
FAM98B (ENSG00000171262),1800,0.0
FAM98A (ENSG00000119812),1801,0.0
FAM96B (ENSG00000166595),1802,0.0
FAM96A (ENSG00000166797),1803,0.0
FAM95C (ENSG00000273036),1804,0.0
RP11-192H23.6 (ENSG00000265287),1805,0.0
FAM91A1 (ENSG00000176853),1806,0.0
RP11-196G18.23 (ENSG00000264207),1807,0.0
RP11-196G18.24 (ENSG00000272993),1808,0.0
RP11-1C8.7 (ENSG00000271830),1809,0.0
FAM86C1 (ENSG00000158483),1810,0.0
RP11-1E4.1 (ENSG00000260093),1811,0.0
FAM84B (ENSG00000168672),1812,0.0
RP11-209D14.2 (ENSG00000261033),1813,0.0
RP11-20D14.6 (ENSG00000249790),1814,0.0
RP11-173C1.1 (ENSG00000269210),1815,0.0
RP11-121M22.1 (ENSG00000175773),1816,0.0
RP11-385M4.1 (ENSG00000232537),1817,0.0
RP11-38G5.4 (ENSG00000261229),1818,0.0
ERICH6-AS1 (ENSG00000240137),1819,0.0
RP11-531A24.5 (ENSG00000253636),1820,0.0
RP11-532F12.5 (ENSG00000261183),1821,0.0
ERICH1-AS1 (ENSG00000237647),1822,0.0
ERICH1 (ENSG00000104714),1823,0.0
ERI3 (ENSG00000117419),1824,0.0
RP11-533E19.5 (ENSG00000260360),1825,0.0
ERI1 (ENSG00000104626),1826,0.0
ERH (ENSG00000100632),1827,0.0
RP11-538I12.3 (ENSG00000260922),1828,0.0
ERGIC2 (ENSG00000087502),1829,0.0
RP11-539L10.3 (ENSG00000251580),1830,0.0
RP11-53I6.3 (ENSG00000265008),1831,0.0
RP11-527D7.1 (ENSG00000225554),1832,0.0
ERCC8 (ENSG00000049167),1833,0.0
ERCC6L (ENSG00000186871),1834,0.0
RP11-545E17.3 (ENSG00000223478),1835,0.0
RP11-546J1.1 (ENSG00000270557),1836,0.0
ERCC4 (ENSG00000175595),1837,0.0
ERCC3 (ENSG00000163161),1838,0.0
ERCC2 (ENSG00000104884),1839,0.0
RP11-549B18.1 (ENSG00000259985),1840,0.0
ERC2 (ENSG00000187672),1841,0.0
RP11-554I8.2 (ENSG00000223784),1842,0.0
RP11-554J4.1 (ENSG00000272606),1843,0.0
RP11-559M23.1 (ENSG00000273106),1844,0.0
ERBB2 (ENSG00000141736),1845,0.0
RP11-55K13.1 (ENSG00000260495),1846,0.0
RP11-53O19.3 (ENSG00000272335),1847,0.0
ERLIN2 (ENSG00000147475),1848,0.0
RP11-517P14.2 (ENSG00000230555),1849,0.0
RP11-517B11.4 (ENSG00000248468),1850,0.0
ETAA1 (ENSG00000143971),1851,0.0
ESYT3 (ENSG00000158220),1852,0.0
ESYT2 (ENSG00000117868),1853,0.0
ESYT1 (ENSG00000139641),1854,0.0
RP11-498B4.5 (ENSG00000232767),1855,0.0
RP11-498C9.15 (ENSG00000263731),1856,0.0
ESRRB (ENSG00000119715),1857,0.0
ESRRA (ENSG00000173153),1858,0.0
ESRP2 (ENSG00000103067),1859,0.0
ESRP1 (ENSG00000104413),1860,0.0
ESPNL (ENSG00000144488),1861,0.0
RP11-498P14.5 (ENSG00000203279),1862,0.0
ESF1 (ENSG00000089048),1863,0.0
RP11-49I11.1 (ENSG00000260552),1864,0.0
ESCO2 (ENSG00000171320),1865,0.0
ESCO1 (ENSG00000141446),1866,0.0
RP11-500C11.3 (ENSG00000272269),1867,0.0
ERVMER61-1 (ENSG00000230426),1868,0.0
ERVMER34-1 (ENSG00000226887),1869,0.0
RP11-501C14.5 (ENSG00000250838),1870,0.0
ERVH48-1 (ENSG00000233056),1871,0.0
ERP44 (ENSG00000023318),1872,0.0
ERP29 (ENSG00000089248),1873,0.0
RP11-510J16.5 (ENSG00000261235),1874,0.0
RP11-510M2.2 (ENSG00000247324),1875,0.0
ERO1A (ENSG00000197930),1876,0.0
ERN2 (ENSG00000134398),1877,0.0
ERN1 (ENSG00000178607),1878,0.0
ERMP1 (ENSG00000099219),1879,0.0
RP11-560J1.2 (ENSG00000271888),1880,0.0
ETF1 (ENSG00000120705),1881,0.0
ERAL1 (ENSG00000132591),1882,0.0
EPT1 (ENSG00000138018),1883,0.0
RP11-631N16.4 (ENSG00000275180),1884,0.0
EPB41L5 (ENSG00000115109),1885,0.0
EPB41L4B (ENSG00000095203),1886,0.0
RP11-632L2.2 (ENSG00000278177),1887,0.0
EPB41L4A-AS1 (ENSG00000224032),1888,0.0
RP11-634H22.1 (ENSG00000273391),1889,0.0
EPB41L2 (ENSG00000079819),1890,0.0
EPB41L1 (ENSG00000088367),1891,0.0
EPB41 (ENSG00000159023),1892,0.0
EP400NL (ENSG00000185684),1893,0.0
EP400 (ENSG00000183495),1894,0.0
EP300 (ENSG00000100393),1895,0.0
EOMES (ENSG00000163508),1896,0.0
EPC1 (ENSG00000120616),1897,0.0
EOGT (ENSG00000163378),1898,0.0
RP11-644F5.11 (ENSG00000258056),1899,0.0
RP11-646I6.5 (ENSG00000269921),1900,0.0
RP11-649E7.5 (ENSG00000258377),1901,0.0
ENTPD3-AS1 (ENSG00000223797),1902,0.0
RP11-660L16.2 (ENSG00000254682),1903,0.0
ENTPD2 (ENSG00000054179),1904,0.0
RP11-662I13.2 (ENSG00000255921),1905,0.0
ENTPD1 (ENSG00000138185),1906,0.0
RP11-665G4.1 (ENSG00000249252),1907,0.0
ENSA (ENSG00000143420),1908,0.0
ENPP5 (ENSG00000112796),1909,0.0
ENPP4 (ENSG00000001561),1910,0.0
RP11-67L3.4 (ENSG00000233203),1911,0.0
ENY2 (ENSG00000120533),1912,0.0
EPC2 (ENSG00000135999),1913,0.0
EPCAM (ENSG00000119888),1914,0.0
EPHA1 (ENSG00000146904),1915,0.0
RP11-562F9.2 (ENSG00000249152),1916,0.0
EPS8L2 (ENSG00000177106),1917,0.0
EPS8L1 (ENSG00000131037),1918,0.0
RP11-563J2.2 (ENSG00000215244),1919,0.0
RP11-563K23.1 (ENSG00000272619),1920,0.0
RP11-563N4.1 (ENSG00000272716),1921,0.0
EPRS (ENSG00000136628),1922,0.0
EPPK1 (ENSG00000261150),1923,0.0
RP11-568A7.2 (ENSG00000228648),1924,0.0
RP11-568A7.4 (ENSG00000280707),1925,0.0
EPN3 (ENSG00000049283),1926,0.0
RP11-568N6.1 (ENSG00000260101),1927,0.0
EPN1 (ENSG00000063245),1928,0.0
RP11-571M6.18 (ENSG00000269903),1929,0.0
RP11-573D15.8 (ENSG00000197099),1930,0.0
RP11-573D15.9 (ENSG00000263826),1931,0.0
EPHX3 (ENSG00000105131),1932,0.0
EPHX1 (ENSG00000143819),1933,0.0
EPHB6 (ENSG00000106123),1934,0.0
EPHB4 (ENSG00000196411),1935,0.0
RP11-57A19.2 (ENSG00000246465),1936,0.0
RP11-582E3.6 (ENSG00000275764),1937,0.0
EPHA8 (ENSG00000070886),1938,0.0
RP11-585P4.5 (ENSG00000257497),1939,0.0
RP11-586D19.1 (ENSG00000249896),1940,0.0
RP11-61A14.4 (ENSG00000246777),1941,0.0
RP11-624M8.1 (ENSG00000237742),1942,0.0
RP11-62F24.2 (ENSG00000234779),1943,0.0
EPHA1-AS1 (ENSG00000229153),1944,0.0
RP11-561I11.3 (ENSG00000224525),1945,0.0
RP11-38C17.1 (ENSG00000273155),1946,0.0
RP11-496D24.2 (ENSG00000261121),1947,0.0
RP11-490B18.5 (ENSG00000276408),1948,0.0
FAHD2B (ENSG00000144199),1949,0.0
FAHD2A (ENSG00000115042),1950,0.0
RP11-422P24.12 (ENSG00000282386),1951,0.0
RP11-423H2.3 (ENSG00000249684),1952,0.0
FAF2 (ENSG00000113194),1953,0.0
FAF1 (ENSG00000185104),1954,0.0
FADS6 (ENSG00000172782),1955,0.0
FADS3 (ENSG00000221968),1956,0.0
FADS2 (ENSG00000134824),1957,0.0
RP11-424N24.2 (ENSG00000271937),1958,0.0
FADD (ENSG00000168040),1959,0.0
RP11-425D10.10 (ENSG00000260273),1960,0.0
FABP6 (ENSG00000170231),1961,0.0
FAIM (ENSG00000158234),1962,0.0
FABP5 (ENSG00000164687),1963,0.0
RP11-428J1.4 (ENSG00000271978),1964,0.0
RP11-429A20.4 (ENSG00000256654),1965,0.0
FAAP20 (ENSG00000162585),1966,0.0
FAAP100 (ENSG00000185504),1967,0.0
FAAH2 (ENSG00000165591),1968,0.0
FAAH (ENSG00000117480),1969,0.0
FA2H (ENSG00000103089),1970,0.0
RP11-429J17.2 (ENSG00000181097),1971,0.0
RP11-430B1.2 (ENSG00000259577),1972,0.0
RP11-430H10.1 (ENSG00000254427),1973,0.0
RP11-432I5.2 (ENSG00000260593),1974,0.0
RP11-433M22.2 (ENSG00000264451),1975,0.0
F2RL1 (ENSG00000164251),1976,0.0
FABP3 (ENSG00000121769),1977,0.0
RP11-422P24.10 (ENSG00000273026),1978,0.0
RP11-421L21.3 (ENSG00000233184),1979,0.0
RP11-420N3.2 (ENSG00000260411),1980,0.0
FAM126A (ENSG00000122591),1981,0.0
FAM124B (ENSG00000124019),1982,0.0
FAM124A (ENSG00000150510),1983,0.0
RP11-390F4.6 (ENSG00000236924),1984,0.0
RP11-392P7.6 (ENSG00000247498),1985,0.0
FAM120C (ENSG00000184083),1986,0.0
RP11-395B7.4 (ENSG00000227053),1987,0.0
FAM120AOS (ENSG00000188938),1988,0.0
FAM120A (ENSG00000048828),1989,0.0
FAM118B (ENSG00000197798),1990,0.0
RP11-396J6.1 (ENSG00000255130),1991,0.0
FAM117B (ENSG00000138439),1992,0.0
FAM117A (ENSG00000121104),1993,0.0
RP11-398C13.6 (ENSG00000272853),1994,0.0
FAM111B (ENSG00000189057),1995,0.0
FAM111A (ENSG00000166801),1996,0.0
RP11-401F2.3 (ENSG00000266473),1997,0.0
FAM110C (ENSG00000184731),1998,0.0
RP11-402P6.11 (ENSG00000231774),1999,0.0
FAM109B (ENSG00000177096),2000,0.0
RP11-415J8.5 (ENSG00000233246),2001,0.0
RP11-417L19.2 (ENSG00000256955),2002,0.0
RP11-41O4.1 (ENSG00000266258),2003,0.0
FAM104B (ENSG00000182518),2004,0.0
FAM104A (ENSG00000133193),2005,0.0
FAM103A1 (ENSG00000169612),2006,0.0
FAM102B (ENSG00000162636),2007,0.0
FAM102A (ENSG00000167106),2008,0.0
RP11-420A23.1 (ENSG00000251432),2009,0.0
RP11-434H6.7 (ENSG00000273437),2010,0.0
RP11-493L12.4 (ENSG00000258181),2011,0.0
F13A1 (ENSG00000124491),2012,0.0
F11R (ENSG00000158769),2013,0.0
RP11-469N6.1 (ENSG00000251226),2014,0.0
EXO5 (ENSG00000164002),2015,0.0
EXO1 (ENSG00000174371),2016,0.0
RP11-46D6.1 (ENSG00000261512),2017,0.0
RP11-46H11.3 (ENSG00000250790),2018,0.0
EWSR1 (ENSG00000182944),2019,0.0
EVX1 (ENSG00000106038),2020,0.0
RP11-46J23.1 (ENSG00000272986),2021,0.0
RP11-474P2.6 (ENSG00000275481),2022,0.0
RP11-477D19.2 (ENSG00000235381),2023,0.0
RP11-479O16.1 (ENSG00000248475),2024,0.0
EVC (ENSG00000072840),2025,0.0
EVA1C (ENSG00000166979),2026,0.0
EXOC2 (ENSG00000112685),2027,0.0
RP11-481J13.1 (ENSG00000272180),2028,0.0
ETV7 (ENSG00000010030),2029,0.0
ETV6 (ENSG00000139083),2030,0.0
ETV5 (ENSG00000244405),2031,0.0
ETV4 (ENSG00000175832),2032,0.0
ETV3L (ENSG00000253831),2033,0.0
RP11-482D24.2 (ENSG00000257711),2034,0.0
RP11-482M8.3 (ENSG00000269935),2035,0.0
RP11-483F11.7 (ENSG00000229278),2036,0.0
RP11-485G7.5 (ENSG00000263080),2037,0.0
ETNPPL (ENSG00000164089),2038,0.0
RP11-486O12.2 (ENSG00000247373),2039,0.0
ETNK1 (ENSG00000139163),2040,0.0
RP11-488L18.10 (ENSG00000259865),2041,0.0
RP11-481J2.3 (ENSG00000276131),2042,0.0
EXOC3 (ENSG00000180104),2043,0.0
RP11-469A15.2 (ENSG00000230623),2044,0.0
RP11-466F5.8 (ENSG00000224358),2045,0.0
EZR (ENSG00000092820),2046,0.0
RP11-436D23.1 (ENSG00000271860),2047,0.0
RP11-441O15.3 (ENSG00000224934),2048,0.0
RP11-445L6.3 (ENSG00000234692),2049,0.0
EYA3 (ENSG00000158161),2050,0.0
RP11-446N19.1 (ENSG00000272369),2051,0.0
RP11-449P1.1 (ENSG00000256923),2052,0.0
EXTL3 (ENSG00000012232),2053,0.0
EXTL2 (ENSG00000162694),2054,0.0
RP11-44F21.5 (ENSG00000260265),2055,0.0
RP11-452F19.3 (ENSG00000228106),2056,0.0
RP11-452K12.4 (ENSG00000225850),2057,0.0
RP11-455F5.3 (ENSG00000250616),2058,0.0
EXOSC9 (ENSG00000123737),2059,0.0
EXOSC8 (ENSG00000120699),2060,0.0
EXOSC7 (ENSG00000075914),2061,0.0
EXOSC6 (ENSG00000223496),2062,0.0
EXOSC5 (ENSG00000077348),2063,0.0
EXOSC4 (ENSG00000178896),2064,0.0
EXOSC3 (ENSG00000107371),2065,0.0
EXOSC2 (ENSG00000130713),2066,0.0
EXOSC1 (ENSG00000171311),2067,0.0
EXOG (ENSG00000157036),2068,0.0
RP11-457D13.4 (ENSG00000274652),2069,0.0
EXOC6B (ENSG00000144036),2070,0.0
RP11-458D21.1 (ENSG00000233396),2071,0.0
EXOC5 (ENSG00000070367),2072,0.0
RP11-465N4.4 (ENSG00000234678),2073,0.0
EXOC3L2 (ENSG00000130201),2074,0.0
RP11-435O5.2 (ENSG00000237857),2075,0.0
HGH1 (ENSG00000235173),2076,0.0
PPP6R1 (ENSG00000105063),2077,0.0
PPP6C (ENSG00000119414),2078,0.0
NDUFAF4 (ENSG00000123545),2079,0.0
NDUFAF5 (ENSG00000101247),2080,0.0
NDUFAF6 (ENSG00000156170),2081,0.0
NDUFAF7 (ENSG00000003509),2082,0.0
NDUFB1 (ENSG00000183648),2083,0.0
LINC01006 (ENSG00000182648),2084,0.0
NDUFB10 (ENSG00000140990),2085,0.0
NDUFB11 (ENSG00000147123),2086,0.0
LINC00998 (ENSG00000214194),2087,0.0
LINC00997 (ENSG00000281332),2088,0.0
LINC00992 (ENSG00000248663),2089,0.0
NDUFB2 (ENSG00000090266),2090,0.0
NDUFB2-AS1 (ENSG00000240889),2091,0.0
NDUFAF2 (ENSG00000164182),2092,0.0
NDUFB3 (ENSG00000119013),2093,0.0
NDUFB5 (ENSG00000136521),2094,0.0
NDUFB6 (ENSG00000165264),2095,0.0
NDUFB7 (ENSG00000099795),2096,0.0
NDUFB8 (ENSG00000166136),2097,0.0
NDUFB9 (ENSG00000147684),2098,0.0
LINC00951 (ENSG00000204092),2099,0.0
NDUFC1 (ENSG00000109390),2100,0.0
NDUFC2 (ENSG00000151366),2101,0.0
LINC00941 (ENSG00000235884),2102,0.0
LINC00939 (ENSG00000249267),2103,0.0
LINC00937 (ENSG00000226091),2104,0.0
NDUFS1 (ENSG00000023228),2105,0.0
NDUFS3 (ENSG00000213619),2106,0.0
NDUFB4 (ENSG00000065518),2107,0.0
NDUFS4 (ENSG00000164258),2108,0.0
LINC01060 (ENSG00000249378),2109,0.0
NDUFAF1 (ENSG00000137806),2110,0.0
LINC01224 (ENSG00000269416),2111,0.0
NCOA2 (ENSG00000140396),2112,0.0
NCOA3 (ENSG00000124151),2113,0.0
NCOA5 (ENSG00000124160),2114,0.0
NCOR2 (ENSG00000196498),2115,0.0
NCRNA00250 (ENSG00000253433),2116,0.0
LINC01183 (ENSG00000230561),2117,0.0
NCS1 (ENSG00000107130),2118,0.0
NDC1 (ENSG00000058804),2119,0.0
NDEL1 (ENSG00000166579),2120,0.0
NDOR1 (ENSG00000188566),2121,0.0
NDST1 (ENSG00000070614),2122,0.0
NDST2 (ENSG00000166507),2123,0.0
LINC01063 (ENSG00000232065),2124,0.0
NDUFA1 (ENSG00000125356),2125,0.0
LINC01134 (ENSG00000236423),2126,0.0
NDUFA12 (ENSG00000184752),2127,0.0
NDUFA13 (ENSG00000186010),2128,0.0
NDUFA2 (ENSG00000131495),2129,0.0
LINC01122 (ENSG00000233723),2130,0.0
NDUFA3 (ENSG00000170906),2131,0.0
NDUFA4 (ENSG00000189043),2132,0.0
NDUFA5 (ENSG00000128609),2133,0.0
LINC01108 (ENSG00000226673),2134,0.0
NDUFA6 (ENSG00000184983),2135,0.0
NDUFA7 (ENSG00000267855),2136,0.0
NDUFA8 (ENSG00000119421),2137,0.0
NDUFAB1 (ENSG00000004779),2138,0.0
NDUFA11 (ENSG00000174886),2139,0.0
NDUFS5 (ENSG00000168653),2140,0.0
NDUFS6 (ENSG00000145494),2141,0.0
NDUFS7 (ENSG00000115286),2142,0.0
LINC00657 (ENSG00000260032),2143,0.0
NF2 (ENSG00000186575),2144,0.0
LINC00649 (ENSG00000237945),2145,0.0
NFATC2IP (ENSG00000176953),2146,0.0
NFATC3 (ENSG00000072736),2147,0.0
NFE2L1 (ENSG00000082641),2148,0.0
NFE2L3 (ENSG00000050344),2149,0.0
NFKBIB (ENSG00000104825),2150,0.0
LINC00626 (ENSG00000225826),2151,0.0
LINC00623 (ENSG00000226067),2152,0.0
NFS1 (ENSG00000244005),2153,0.0
NFU1 (ENSG00000169599),2154,0.0
LINC00599 (ENSG00000253230),2155,0.0
LINC00659 (ENSG00000228705),2156,0.0
NFX1 (ENSG00000086102),2157,0.0
NFYA (ENSG00000001167),2158,0.0
NFYB (ENSG00000120837),2159,0.0
LINC00545 (ENSG00000236094),2160,0.0
NGDN (ENSG00000129460),2161,0.0
LINC00540 (ENSG00000276476),2162,0.0
NGFRAP1 (ENSG00000166681),2163,0.0
NGLY1 (ENSG00000151092),2164,0.0
NGRN (ENSG00000182768),2165,0.0
LINC00493 (ENSG00000232388),2166,0.0
LINC00491 (ENSG00000250682),2167,0.0
NHEJ1 (ENSG00000187736),2168,0.0
NHP2 (ENSG00000145912),2169,0.0
NIF3L1 (ENSG00000196290),2170,0.0
NFXL1 (ENSG00000170448),2171,0.0
NEXN (ENSG00000162614),2172,0.0
LINC00665 (ENSG00000232677),2173,0.0
NEURL4 (ENSG00000215041),2174,0.0
NDUFS8 (ENSG00000110717),2175,0.0
NDUFV2 (ENSG00000178127),2176,0.0
NDUFV3 (ENSG00000160194),2177,0.0
NEB (ENSG00000183091),2178,0.0
NEBL (ENSG00000078114),2179,0.0
LINC00891 (ENSG00000281852),2180,0.0
NECAB1 (ENSG00000123119),2181,0.0
NEDD4L (ENSG00000049759),2182,0.0
LINC00884 (ENSG00000233058),2183,0.0
NEDD8 (ENSG00000129559),2184,0.0
NEIL2 (ENSG00000154328),2185,0.0
NEIL3 (ENSG00000109674),2186,0.0
NEK1 (ENSG00000137601),2187,0.0
NEK4 (ENSG00000114904),2188,0.0
NEK8 (ENSG00000160602),2189,0.0
LINC00862 (ENSG00000203721),2190,0.0
LINC00858 (ENSG00000229404),2191,0.0
NELFA (ENSG00000185049),2192,0.0
NELFB (ENSG00000188986),2193,0.0
NELFE (ENSG00000204356),2194,0.0
NEMF (ENSG00000165525),2195,0.0
LINC00707 (ENSG00000238266),2196,0.0
LINC00698 (ENSG00000244342),2197,0.0
NEMP1 (ENSG00000166881),2198,0.0
NEMP2 (ENSG00000189362),2199,0.0
NEU3 (ENSG00000162139),2200,0.0
NEURL1 (ENSG00000107954),2201,0.0
LINC00678 (ENSG00000254934),2202,0.0
LINC00672 (ENSG00000263874),2203,0.0
NCOA1 (ENSG00000084676),2204,0.0
LINC01234 (ENSG00000249550),2205,0.0
NCLN (ENSG00000125912),2206,0.0
NCL (ENSG00000115053),2207,0.0
LMNB2 (ENSG00000176619),2208,0.0
NAA10 (ENSG00000102030),2209,0.0
NAA15 (ENSG00000164134),2210,0.0
NAA16 (ENSG00000172766),2211,0.0
NAA20 (ENSG00000173418),2212,0.0
NAA25 (ENSG00000111300),2213,0.0
NAA30 (ENSG00000139977),2214,0.0
LMBRD2 (ENSG00000164187),2215,0.0
NAA35 (ENSG00000135040),2216,0.0
NAA38 (ENSG00000183011),2217,0.0
LMBR1 (ENSG00000105983),2218,0.0
NAA40 (ENSG00000110583),2219,0.0
LMAN2 (ENSG00000169223),2220,0.0
N6AMT1 (ENSG00000156239),2221,0.0
LMAN1 (ENSG00000074695),2222,0.0
NAA50 (ENSG00000121579),2223,0.0
LLNLR-245B6.1 (ENSG00000283103),2224,0.0
NAA60 (ENSG00000122390),2225,0.0
LLGL2 (ENSG00000073350),2226,0.0
NAALADL1 (ENSG00000168060),2227,0.0
LL22NC03-N95F10.1 (ENSG00000282012),2228,0.0
NAB1 (ENSG00000138386),2229,0.0
LL22NC03-32F9.1 (ENSG00000273082),2230,0.0
NABP2 (ENSG00000139579),2231,0.0
NACA (ENSG00000196531),2232,0.0
NACC1 (ENSG00000160877),2233,0.0
NACC2 (ENSG00000148411),2234,0.0
NADK (ENSG00000008130),2235,0.0
LLPH (ENSG00000139233),2236,0.0
LMO1 (ENSG00000166407),2237,0.0
LMO2 (ENSG00000135363),2238,0.0
N4BP3 (ENSG00000145911),2239,0.0
MYLK (ENSG00000065534),2240,0.0
LPAR3 (ENSG00000171517),2241,0.0
LPAR2 (ENSG00000064547),2242,0.0
MYLPF (ENSG00000180209),2243,0.0
MYNN (ENSG00000085274),2244,0.0
LOXL3 (ENSG00000115318),2245,0.0
MYO10 (ENSG00000145555),2246,0.0
MYO18A (ENSG00000196535),2247,0.0
MYO18B (ENSG00000133454),2248,0.0
MYO19 (ENSG00000278259),2249,0.0
LOR (ENSG00000203782),2250,0.0
MYO1C (ENSG00000197879),2251,0.0
MYO1E (ENSG00000157483),2252,0.0
LONRF1 (ENSG00000154359),2253,0.0
LONP1 (ENSG00000196365),2254,0.0
MYO5A (ENSG00000197535),2255,0.0
LNX2 (ENSG00000139517),2256,0.0
LNX1 (ENSG00000072201),2257,0.0
MYO5C (ENSG00000128833),2258,0.0
MYOCD (ENSG00000141052),2259,0.0
MYOZ1 (ENSG00000177791),2260,0.0
MYOZ3 (ENSG00000164591),2261,0.0
MYRFL (ENSG00000166268),2262,0.0
LMTK2 (ENSG00000164715),2263,0.0
MYSM1 (ENSG00000162601),2264,0.0
MZB1 (ENSG00000170476),2265,0.0
MZT1 (ENSG00000204899),2266,0.0
MZT2A (ENSG00000173272),2267,0.0
N4BP1 (ENSG00000102921),2268,0.0
LKAAEAR1 (ENSG00000171695),2269,0.0
LINC00467 (ENSG00000153363),2270,0.0
NADSYN1 (ENSG00000172890),2271,0.0
LITAF (ENSG00000189067),2272,0.0
LINC01460 (ENSG00000205334),2273,0.0
NBN (ENSG00000104320),2274,0.0
NCAN (ENSG00000130287),2275,0.0
LINC01426 (ENSG00000234380),2276,0.0
NCAPD2 (ENSG00000010292),2277,0.0
LINC01420 (ENSG00000204272),2278,0.0
LINC01415 (ENSG00000267325),2279,0.0
NCAPD3 (ENSG00000151503),2280,0.0
LINC01405 (ENSG00000185847),2281,0.0
LINC01393 (ENSG00000225535),2282,0.0
NCAPG (ENSG00000109805),2283,0.0
NCAPG2 (ENSG00000146918),2284,0.0
NCAPH (ENSG00000121152),2285,0.0
NBEAL2 (ENSG00000160796),2286,0.0
LINC01361 (ENSG00000236268),2287,0.0
LINC01355 (ENSG00000261326),2288,0.0
LINC01351 (ENSG00000237457),2289,0.0
NCBP1 (ENSG00000136937),2290,0.0
LINC01315 (ENSG00000229891),2291,0.0
LINC01311 (ENSG00000260924),2292,0.0
NCBP2 (ENSG00000114503),2293,0.0
NCBP2-AS2 (ENSG00000270170),2294,0.0
NCDN (ENSG00000020129),2295,0.0
NCEH1 (ENSG00000144959),2296,0.0
NCF1 (ENSG00000158517),2297,0.0
NCK1-AS1 (ENSG00000239213),2298,0.0
NCKAP1 (ENSG00000061676),2299,0.0
NCKIPSD (ENSG00000213672),2300,0.0
LINC01356 (ENSG00000215866),2301,0.0
NBEAL1 (ENSG00000144426),2302,0.0
LINC01481 (ENSG00000257815),2303,0.0
NATD1 (ENSG00000274180),2304,0.0
LIPT2 (ENSG00000175536),2305,0.0
LIPT1 (ENSG00000144182),2306,0.0
NAF1 (ENSG00000145414),2307,0.0
NAGK (ENSG00000124357),2308,0.0
NAGPA (ENSG00000103174),2309,0.0
NAGS (ENSG00000161653),2310,0.0
NAIF1 (ENSG00000171169),2311,0.0
NAMPT (ENSG00000105835),2312,0.0
NANOG (ENSG00000111704),2313,0.0
NANOS1 (ENSG00000188613),2314,0.0
LINGO1 (ENSG00000169783),2315,0.0
LINC01625 (ENSG00000238099),2316,0.0
LINC01612 (ENSG00000250266),2317,0.0
NANS (ENSG00000095380),2318,0.0
NAP1L2 (ENSG00000186462),2319,0.0
NAP1L4 (ENSG00000205531),2320,0.0
NAP1L6 (ENSG00000204118),2321,0.0
NAPA (ENSG00000105402),2322,0.0
NAPG (ENSG00000134265),2323,0.0
NAPRT (ENSG00000147813),2324,0.0
NARS (ENSG00000134440),2325,0.0
NARS2 (ENSG00000137513),2326,0.0
NASP (ENSG00000132780),2327,0.0
NAT1 (ENSG00000171428),2328,0.0
LINC01534 (ENSG00000225975),2329,0.0
NAT10 (ENSG00000135372),2330,0.0
NAT14 (ENSG00000090971),2331,0.0
NAT2 (ENSG00000156006),2332,0.0
NAT8L (ENSG00000185818),2333,0.0
NAE1 (ENSG00000159593),2334,0.0
NIFK (ENSG00000155438),2335,0.0
LINC00458 (ENSG00000234787),2336,0.0
NIN (ENSG00000100503),2337,0.0
NQO2 (ENSG00000124588),2338,0.0
NR1D2 (ENSG00000174738),2339,0.0
NR1H2 (ENSG00000131408),2340,0.0
NR1H3 (ENSG00000025434),2341,0.0
NR2C2 (ENSG00000177463),2342,0.0
NR2C2AP (ENSG00000184162),2343,0.0
NR2E3 (ENSG00000278570),2344,0.0
LAMA3 (ENSG00000053747),2345,0.0
NR2F6 (ENSG00000160113),2346,0.0
NR5A2 (ENSG00000116833),2347,0.0
LAIR1 (ENSG00000167613),2348,0.0
LAGE3 (ENSG00000196976),2349,0.0
LAG3 (ENSG00000089692),2350,0.0
LAMP1 (ENSG00000185896),2351,0.0
LAD1 (ENSG00000159166),2352,0.0
LACTB2 (ENSG00000147592),2353,0.0
LACTB (ENSG00000103642),2354,0.0
NR6A1 (ENSG00000148200),2355,0.0
LACC1 (ENSG00000179630),2356,0.0
LA16c-OS12.2 (ENSG00000268836),2357,0.0
NRAS (ENSG00000213281),2358,0.0
NRBF2 (ENSG00000148572),2359,0.0
NRBP1 (ENSG00000115216),2360,0.0
NRDC (ENSG00000078618),2361,0.0
NRF1 (ENSG00000106459),2362,0.0
NRG3 (ENSG00000185737),2363,0.0
NRIP3 (ENSG00000175352),2364,0.0
NRK (ENSG00000123572),2365,0.0
LACTB2-AS1 (ENSG00000246366),2366,0.0
NQO1 (ENSG00000181019),2367,0.0
NPY5R (ENSG00000164129),2368,0.0
NPY2R (ENSG00000185149),2369,0.0
NPIPB6 (ENSG00000198156),2370,0.0
NPLOC4 (ENSG00000182446),2371,0.0
NPM3 (ENSG00000107833),2372,0.0
NPR1 (ENSG00000169418),2373,0.0
LATS2 (ENSG00000150457),2374,0.0
NPTN (ENSG00000156642),2375,0.0
LAT (ENSG00000213658),2376,0.0
NPTX1 (ENSG00000171246),2377,0.0
LAS1L (ENSG00000001497),2378,0.0
LARS2 (ENSG00000011376),2379,0.0
LARS (ENSG00000133706),2380,0.0
LARP6 (ENSG00000166173),2381,0.0
LARP4B (ENSG00000107929),2382,0.0
LARP4 (ENSG00000161813),2383,0.0
LARP1B (ENSG00000138709),2384,0.0
LARP1 (ENSG00000155506),2385,0.0
LARGE (ENSG00000133424),2386,0.0
NPTX2 (ENSG00000106236),2387,0.0
LAPTM4B (ENSG00000104341),2388,0.0
LAPTM4A (ENSG00000068697),2389,0.0
LAP3 (ENSG00000002549),2390,0.0
NPTXR (ENSG00000221890),2391,0.0
LANCL2 (ENSG00000132434),2392,0.0
LANCL1 (ENSG00000115365),2393,0.0
LAMTOR5 (ENSG00000134248),2394,0.0
LAMTOR4 (ENSG00000188186),2395,0.0
NPY1R (ENSG00000164128),2396,0.0
LAMTOR2 (ENSG00000116586),2397,0.0
LAMTOR1 (ENSG00000149357),2398,0.0
L3MBTL2 (ENSG00000100395),2399,0.0
LBP (ENSG00000129988),2400,0.0
L3MBTL1 (ENSG00000185513),2401,0.0
L2HGDH (ENSG00000087299),2402,0.0
KPTN (ENSG00000118162),2403,0.0
KPNB1 (ENSG00000108424),2404,0.0
KPNA6 (ENSG00000025800),2405,0.0
NTHL1 (ENSG00000065057),2406,0.0
KPNA4 (ENSG00000186432),2407,0.0
NTMT1 (ENSG00000148335),2408,0.0
KPNA2 (ENSG00000182481),2409,0.0
NTPCR (ENSG00000135778),2410,0.0
KNTC1 (ENSG00000184445),2411,0.0
KNSTRN (ENSG00000128944),2412,0.0
KNOP1 (ENSG00000103550),2413,0.0
NTS (ENSG00000133636),2414,0.0
NUB1 (ENSG00000013374),2415,0.0
KRAS (ENSG00000133703),2416,0.0
KMT5B (ENSG00000110066),2417,0.0
NUBP2 (ENSG00000095906),2418,0.0
NUCB2 (ENSG00000070081),2419,0.0
NUCKS1 (ENSG00000069275),2420,0.0
KMT2C (ENSG00000055609),2421,0.0
KMT2B (ENSG00000272333),2422,0.0
KMT2A (ENSG00000118058),2423,0.0
KLRG2 (ENSG00000188883),2424,0.0
KLRG1 (ENSG00000139187),2425,0.0
NUDC (ENSG00000090273),2426,0.0
KLKB1 (ENSG00000164344),2427,0.0
NUDCD1 (ENSG00000120526),2428,0.0
KLK7 (ENSG00000169035),2429,0.0
NUDCD2 (ENSG00000170584),2430,0.0
NUBP1 (ENSG00000103274),2431,0.0
NTAN1 (ENSG00000157045),2432,0.0
NT5M (ENSG00000205309),2433,0.0
NT5DC3 (ENSG00000111696),2434,0.0
L1TD1 (ENSG00000240563),2435,0.0
NRROS (ENSG00000174004),2436,0.0
NRSN2-AS1 (ENSG00000225377),2437,0.0
KXD1 (ENSG00000105700),2438,0.0
KTN1-AS1 (ENSG00000186615),2439,0.0
NRXN1 (ENSG00000179915),2440,0.0
KSR2 (ENSG00000171435),2441,0.0
NSA2 (ENSG00000164346),2442,0.0
KRTDAP (ENSG00000188508),2443,0.0
KRTCAP3 (ENSG00000157992),2444,0.0
KRTCAP2 (ENSG00000163463),2445,0.0
KRTAP13-4 (ENSG00000186971),2446,0.0
NSD1 (ENSG00000165671),2447,0.0
NSDHL (ENSG00000147383),2448,0.0
NSF (ENSG00000073969),2449,0.0
NSFL1C (ENSG00000088833),2450,0.0
NSL1 (ENSG00000117697),2451,0.0
NSMAF (ENSG00000035681),2452,0.0
NSMCE1 (ENSG00000169189),2453,0.0
NSMCE4A (ENSG00000107672),2454,0.0
NSUN2 (ENSG00000037474),2455,0.0
NSUN5 (ENSG00000130305),2456,0.0
KRR1 (ENSG00000111615),2457,0.0
KRIT1 (ENSG00000001631),2458,0.0
KRI1 (ENSG00000129347),2459,0.0
NSUN7 (ENSG00000179299),2460,0.0
NT5C (ENSG00000125458),2461,0.0
NT5DC1 (ENSG00000178425),2462,0.0
NT5DC2 (ENSG00000168268),2463,0.0
NRL (ENSG00000129535),2464,0.0
MYL9 (ENSG00000101335),2465,0.0
NPIPB5 (ENSG00000243716),2466,0.0
NPIPA5 (ENSG00000183793),2467,0.0
NME2 (ENSG00000243678),2468,0.0
NME3 (ENSG00000103024),2469,0.0
LIMK2 (ENSG00000182541),2470,0.0
LIMK1 (ENSG00000106683),2471,0.0
LIMD1-AS1 (ENSG00000230530),2472,0.0
LIMD1 (ENSG00000144791),2473,0.0
NME7 (ENSG00000143156),2474,0.0
NMI (ENSG00000123609),2475,0.0
NMNAT2 (ENSG00000157064),2476,0.0
NMRAL1 (ENSG00000153406),2477,0.0
NMRK1 (ENSG00000106733),2478,0.0
NMRK2 (ENSG00000077009),2479,0.0
NMT1 (ENSG00000136448),2480,0.0
LIN28A (ENSG00000131914),2481,0.0
NMU (ENSG00000109255),2482,0.0
NOA1 (ENSG00000084092),2483,0.0
LIAS (ENSG00000121897),2484,0.0
NOB1 (ENSG00000141101),2485,0.0
NOC2L (ENSG00000188976),2486,0.0
LHX6 (ENSG00000106852),2487,0.0
LHX5 (ENSG00000089116),2488,0.0
LHX4 (ENSG00000121454),2489,0.0
NOC3L (ENSG00000173145),2490,0.0
LHPP (ENSG00000107902),2491,0.0
LHFPL4 (ENSG00000156959),2492,0.0
NOCT (ENSG00000151014),2493,0.0
LHFPL1 (ENSG00000182508),2494,0.0
NODAL (ENSG00000156574),2495,0.0
NMUR1 (ENSG00000171596),2496,0.0
LIN28B (ENSG00000187772),2497,0.0
NME1 (ENSG00000239672),2498,0.0
NMB (ENSG00000197696),2499,0.0
NINJ2 (ENSG00000171840),2500,0.0
NIP7 (ENSG00000132603),2501,0.0
LINC00371 (ENSG00000226792),2502,0.0
NIPA1 (ENSG00000170113),2503,0.0
LINC00339 (ENSG00000218510),2504,0.0
LINC00337 (ENSG00000225077),2505,0.0
NIPA2 (ENSG00000140157),2506,0.0
NIPAL1 (ENSG00000163293),2507,0.0
NIPAL3 (ENSG00000001461),2508,0.0
NIPBL (ENSG00000164190),2509,0.0
LINC00294 (ENSG00000280798),2510,0.0
NKAIN1 (ENSG00000084628),2511,0.0
NKAP (ENSG00000101882),2512,0.0
LINC00240 (ENSG00000224843),2513,0.0
NKX1-2 (ENSG00000229544),2514,0.0
NLE1 (ENSG00000073536),2515,0.0
LINC00174 (ENSG00000179406),2516,0.0
LINC00159 (ENSG00000230323),2517,0.0
LINC00152 (ENSG00000222041),2518,0.0
LINC00116 (ENSG00000175701),2519,0.0
NLGN4X (ENSG00000146938),2520,0.0
NLGN4Y (ENSG00000165246),2521,0.0
LINC-ROR (ENSG00000258609),2522,0.0
NLK (ENSG00000087095),2523,0.0
LIN9 (ENSG00000183814),2524,0.0
LIN7C (ENSG00000148943),2525,0.0
NLN (ENSG00000123213),2526,0.0
LIN7A (ENSG00000111052),2527,0.0
NLRP12 (ENSG00000142405),2528,0.0
LHCGR (ENSG00000138039),2529,0.0
NPIPB4 (ENSG00000185864),2530,0.0
NOL10 (ENSG00000115761),2531,0.0
LGR4 (ENSG00000205213),2532,0.0
NOS3 (ENSG00000164867),2533,0.0
NOSIP (ENSG00000142546),2534,0.0
NOTO (ENSG00000214513),2535,0.0
NOX4 (ENSG00000086991),2536,0.0
NOXO1 (ENSG00000196408),2537,0.0
LDHD (ENSG00000166816),2538,0.0
LDHC (ENSG00000166796),2539,0.0
LDHB (ENSG00000111716),2540,0.0
LDHA (ENSG00000134333),2541,0.0
NPAS1 (ENSG00000130751),2542,0.0
NPAS2 (ENSG00000170485),2543,0.0
LDB1 (ENSG00000198728),2544,0.0
LCTL (ENSG00000188501),2545,0.0
LDOC1L (ENSG00000188636),2546,0.0
LCP2 (ENSG00000043462),2547,0.0
NPB (ENSG00000183979),2548,0.0
NPC1 (ENSG00000141458),2549,0.0
LCNL1 (ENSG00000214402),2550,0.0
LCN2 (ENSG00000148346),2551,0.0
NPC2 (ENSG00000119655),2552,0.0
NPEPL1 (ENSG00000215440),2553,0.0
NPEPPS (ENSG00000141279),2554,0.0
LCMT1 (ENSG00000205629),2555,0.0
LCLAT1 (ENSG00000172954),2556,0.0
LCK (ENSG00000182866),2557,0.0
NPFFR2 (ENSG00000056291),2558,0.0
NPIPA1 (ENSG00000183426),2559,0.0
NPIPA3 (ENSG00000224712),2560,0.0
NPAT (ENSG00000149308),2561,0.0
LEAP2 (ENSG00000164406),2562,0.0
LECT1 (ENSG00000136110),2563,0.0
LEFTY1 (ENSG00000243709),2564,0.0
NOL12 (ENSG00000273899),2565,0.0
NOL4L (ENSG00000197183),2566,0.0
LGI2 (ENSG00000153012),2567,0.0
LGALSL (ENSG00000119862),2568,0.0
NOL6 (ENSG00000165271),2569,0.0
NOL7 (ENSG00000225921),2570,0.0
NOL9 (ENSG00000162408),2571,0.0
NOLC1 (ENSG00000166197),2572,0.0
LGALS3 (ENSG00000131981),2573,0.0
NOM1 (ENSG00000146909),2574,0.0
LGALS14 (ENSG00000006659),2575,0.0
LGALS12 (ENSG00000133317),2576,0.0
NOMO1 (ENSG00000103512),2577,0.0
NOP10 (ENSG00000182117),2578,0.0
NOP14 (ENSG00000087269),2579,0.0
LETM1 (ENSG00000168924),2580,0.0
LEPROTL1 (ENSG00000104660),2581,0.0
NOP14-AS1 (ENSG00000249673),2582,0.0
NOP16 (ENSG00000048162),2583,0.0
LEO1 (ENSG00000166477),2584,0.0
NOP2 (ENSG00000111641),2585,0.0
LENG8-AS1 (ENSG00000226696),2586,0.0
NOP56 (ENSG00000101361),2587,0.0
NOP58 (ENSG00000055044),2588,0.0
LEMD3 (ENSG00000174106),2589,0.0
NOP9 (ENSG00000196943),2590,0.0
NOS1 (ENSG00000089250),2591,0.0
NOS1AP (ENSG00000198929),2592,0.0
LEFTY2 (ENSG00000143768),2593,0.0
NOL11 (ENSG00000130935),2594,0.0
MYL6 (ENSG00000092841),2595,0.0
LPCAT1 (ENSG00000153395),2596,0.0
MYL12A (ENSG00000101608),2597,0.0
MARVELD3 (ENSG00000140832),2598,0.0
MARVELD2 (ENSG00000152939),2599,0.0
MARVELD1 (ENSG00000155254),2600,0.0
MARS2 (ENSG00000247626),2601,0.0
MARS (ENSG00000166986),2602,0.0
MOB1A (ENSG00000114978),2603,0.0
MOB1B (ENSG00000173542),2604,0.0
MARK2 (ENSG00000072518),2605,0.0
MARK1 (ENSG00000116141),2606,0.0
MOB3B (ENSG00000120162),2607,0.0
MOB4 (ENSG00000115540),2608,0.0
MOCOS (ENSG00000075643),2609,0.0
MARCH8 (ENSG00000165406),2610,0.0
MAST1 (ENSG00000105613),2611,0.0
MOCS1 (ENSG00000124615),2612,0.0
MOGS (ENSG00000115275),2613,0.0
MARCH4 (ENSG00000144583),2614,0.0
MARCH3 (ENSG00000173926),2615,0.0
MARCH2 (ENSG00000099785),2616,0.0
MON1B (ENSG00000103111),2617,0.0
MORC2 (ENSG00000133422),2618,0.0
MORC2-AS1 (ENSG00000235989),2619,0.0
MORF4L1 (ENSG00000185787),2620,0.0
MARC1 (ENSG00000186205),2621,0.0
MORF4L2-AS1 (ENSG00000231154),2622,0.0
MORN2 (ENSG00000188010),2623,0.0
MAPRE2 (ENSG00000166974),2624,0.0
MAPRE1 (ENSG00000101367),2625,0.0
MOCS2 (ENSG00000164172),2626,0.0
MAST2 (ENSG00000086015),2627,0.0
MND1 (ENSG00000121211),2628,0.0
MNAT1 (ENSG00000020426),2629,0.0
MLKL (ENSG00000168404),2630,0.0
MLLT10 (ENSG00000078403),2631,0.0
MLLT4 (ENSG00000130396),2632,0.0
MLPH (ENSG00000115648),2633,0.0
MLST8 (ENSG00000167965),2634,0.0
MBIP (ENSG00000151332),2635,0.0
MLX (ENSG00000108788),2636,0.0
MLXIPL (ENSG00000009950),2637,0.0
MBD4 (ENSG00000129071),2638,0.0
MBD3 (ENSG00000071655),2639,0.0
MBD2 (ENSG00000134046),2640,0.0
MB21D2 (ENSG00000180611),2641,0.0
MB21D1 (ENSG00000164430),2642,0.0
MLYCD (ENSG00000103150),2643,0.0
MAZ (ENSG00000103495),2644,0.0
MAX (ENSG00000125952),2645,0.0
MAVS (ENSG00000088888),2646,0.0
MMACHC (ENSG00000132763),2647,0.0
MATR3 (ENSG00000280987),2648,0.0
MMADHC (ENSG00000168288),2649,0.0
MMGT1 (ENSG00000169446),2650,0.0
MMP19 (ENSG00000123342),2651,0.0
MMP24 (ENSG00000125966),2652,0.0
MMP25 (ENSG00000008516),2653,0.0
MMP9 (ENSG00000100985),2654,0.0
MATK (ENSG00000007264),2655,0.0
MMS19 (ENSG00000155229),2656,0.0
MAT2A (ENSG00000168906),2657,0.0
MASTL (ENSG00000120539),2658,0.0
MORN4 (ENSG00000171160),2659,0.0
MBOAT1 (ENSG00000172197),2660,0.0
MAPKAPK5-AS1 (ENSG00000234608),2661,0.0
MAPKAPK3 (ENSG00000114738),2662,0.0
MPV17L (ENSG00000156968),2663,0.0
MAP3K5 (ENSG00000197442),2664,0.0
MAP3K4 (ENSG00000085511),2665,0.0
MAP3K3 (ENSG00000198909),2666,0.0
MPV17L2 (ENSG00000254858),2667,0.0
MPZL3 (ENSG00000160588),2668,0.0
MAP3K14-AS1 (ENSG00000267278),2669,0.0
MRE11A (ENSG00000020922),2670,0.0
MREG (ENSG00000118242),2671,0.0
MAP3K11 (ENSG00000173327),2672,0.0
MRFAP1L1 (ENSG00000178988),2673,0.0
MRGPRF (ENSG00000172935),2674,0.0
MRM1 (ENSG00000278619),2675,0.0
MAP3K7 (ENSG00000135341),2676,0.0
MAP2K6 (ENSG00000108984),2677,0.0
MAP2K4 (ENSG00000065559),2678,0.0
MAP2K3 (ENSG00000034152),2679,0.0
MAP2K2 (ENSG00000126934),2680,0.0
MAP2K1 (ENSG00000169032),2681,0.0
MAP1S (ENSG00000130479),2682,0.0
MROH1 (ENSG00000179832),2683,0.0
MRPL1 (ENSG00000169288),2684,0.0
MAP1LC3B (ENSG00000140941),2685,0.0
MRPL10 (ENSG00000159111),2686,0.0
MRPL11 (ENSG00000174547),2687,0.0
MRPL12 (ENSG00000262814),2688,0.0
MRPL13 (ENSG00000172172),2689,0.0
MRPL14 (ENSG00000180992),2690,0.0
MRO (ENSG00000134042),2691,0.0
MPV17 (ENSG00000115204),2692,0.0
MAP3K9 (ENSG00000006432),2693,0.0
MAP4 (ENSG00000047849),2694,0.0
MAPKAPK2 (ENSG00000162889),2695,0.0
MAPKAP1 (ENSG00000119487),2696,0.0
MAPK9 (ENSG00000050748),2697,0.0
MOSPD2 (ENSG00000130150),2698,0.0
MOV10 (ENSG00000155363),2699,0.0
MAPK8IP1 (ENSG00000121653),2700,0.0
MAPK8 (ENSG00000107643),2701,0.0
MAPK7 (ENSG00000166484),2702,0.0
MAPK6 (ENSG00000069956),2703,0.0
MPC2 (ENSG00000143158),2704,0.0
MPDU1 (ENSG00000129255),2705,0.0
MPHOSPH10 (ENSG00000124383),2706,0.0
MAPK14 (ENSG00000112062),2707,0.0
MAPK13 (ENSG00000156711),2708,0.0
MPHOSPH6 (ENSG00000135698),2709,0.0
MPHOSPH8 (ENSG00000196199),2710,0.0
MPLKIP (ENSG00000168303),2711,0.0
MAPK1 (ENSG00000100030),2712,0.0
MPND (ENSG00000008382),2713,0.0
MAP7D3 (ENSG00000129680),2714,0.0
MAP7D2 (ENSG00000184368),2715,0.0
MPP2 (ENSG00000108852),2716,0.0
MAP7 (ENSG00000135525),2717,0.0
MAP6D1 (ENSG00000180834),2718,0.0
MPP6 (ENSG00000105926),2719,0.0
MAP4K4 (ENSG00000071054),2720,0.0
MAP4K3 (ENSG00000011566),2721,0.0
MPP7 (ENSG00000150054),2722,0.0
MAP4K1 (ENSG00000104814),2723,0.0
MAPKAPK5 (ENSG00000089022),2724,0.0
MRPL15 (ENSG00000137547),2725,0.0
MBOAT2 (ENSG00000143797),2726,0.0
MBTD1 (ENSG00000011258),2727,0.0
MFSD14B (ENSG00000148110),2728,0.0
MEGF8 (ENSG00000105429),2729,0.0
MFSD14C (ENSG00000196312),2730,0.0
MFSD2B (ENSG00000205639),2731,0.0
MFSD3 (ENSG00000167700),2732,0.0
MEF2D (ENSG00000116604),2733,0.0
MFSD5 (ENSG00000182544),2734,0.0
MFSD6L (ENSG00000185156),2735,0.0
MFSD9 (ENSG00000135953),2736,0.0
MEDAG (ENSG00000102802),2737,0.0
MGAT1 (ENSG00000131446),2738,0.0
MED7 (ENSG00000155868),2739,0.0
MGAT4B (ENSG00000161013),2740,0.0
MFSD13A (ENSG00000138111),2741,0.0
MED31 (ENSG00000108590),2742,0.0
MGAT5 (ENSG00000152127),2743,0.0
MED26 (ENSG00000105085),2744,0.0
MGC45922 (ENSG00000180279),2745,0.0
MGEA5 (ENSG00000198408),2746,0.0
MGME1 (ENSG00000125871),2747,0.0
MED22 (ENSG00000148297),2748,0.0
MED21 (ENSG00000152944),2749,0.0
MED20 (ENSG00000124641),2750,0.0
MED19 (ENSG00000156603),2751,0.0
MED18 (ENSG00000130772),2752,0.0
MGST1 (ENSG00000008394),2753,0.0
MGST3 (ENSG00000143198),2754,0.0
MIATNB (ENSG00000244625),2755,0.0
MGAT4C (ENSG00000182050),2756,0.0
MFSD12 (ENSG00000161091),2757,0.0
MFSD10 (ENSG00000109736),2758,0.0
MEIOC (ENSG00000180336),2759,0.0
METTL21A (ENSG00000144401),2760,0.0
METTL20 (ENSG00000139160),2761,0.0
METTL17 (ENSG00000165792),2762,0.0
METTL16 (ENSG00000127804),2763,0.0
METTL14 (ENSG00000145388),2764,0.0
METTL13 (ENSG00000010165),2765,0.0
METTL25 (ENSG00000127720),2766,0.0
METTL10 (ENSG00000203791),2767,0.0
METTL1 (ENSG00000037897),2768,0.0
METTL2A (ENSG00000087995),2769,0.0
METTL2B (ENSG00000165055),2770,0.0
METTL3 (ENSG00000165819),2771,0.0
METTL4 (ENSG00000101574),2772,0.0
METAP1 (ENSG00000164024),2773,0.0
MET (ENSG00000105976),2774,0.0
METTL5 (ENSG00000138382),2775,0.0
METTL6 (ENSG00000206562),2776,0.0
METTL7B (ENSG00000170439),2777,0.0
METTL8 (ENSG00000123600),2778,0.0
MESDC2 (ENSG00000117899),2779,0.0
MEX3C (ENSG00000176624),2780,0.0
MEPCE (ENSG00000146834),2781,0.0
MEX3D (ENSG00000181588),2782,0.0
MFAP3L (ENSG00000198948),2783,0.0
MFF (ENSG00000168958),2784,0.0
MELK (ENSG00000165304),2785,0.0
MFGE8 (ENSG00000140545),2786,0.0
MFHAS1 (ENSG00000147324),2787,0.0
MFN2 (ENSG00000116688),2788,0.0
MED14OS (ENSG00000234636),2789,0.0
MBP (ENSG00000197971),2790,0.0
MED14 (ENSG00000180182),2791,0.0
MIB2 (ENSG00000197530),2792,0.0
MCOLN1 (ENSG00000090674),2793,0.0
MIR222HG (ENSG00000270069),2794,0.0
MIR4435-2HG (ENSG00000172965),2795,0.0
MCM9 (ENSG00000111877),2796,0.0
MCM8 (ENSG00000125885),2797,0.0
MIR497HG (ENSG00000267532),2798,0.0
MCM6 (ENSG00000076003),2799,0.0
MCM5 (ENSG00000100297),2800,0.0
MCM4 (ENSG00000104738),2801,0.0
MCM3AP (ENSG00000160294),2802,0.0
MCM3 (ENSG00000112118),2803,0.0
MCM10 (ENSG00000065328),2804,0.0
MIS18A (ENSG00000159055),2805,0.0
MCOLN2 (ENSG00000153898),2806,0.0
MIS18BP1 (ENSG00000129534),2807,0.0
MCF2L2 (ENSG00000053524),2808,0.0
MITD1 (ENSG00000158411),2809,0.0
MCF2L (ENSG00000126217),2810,0.0
MIXL1 (ENSG00000185155),2811,0.0
MCCC2 (ENSG00000131844),2812,0.0
MCCC1 (ENSG00000078070),2813,0.0
MCC (ENSG00000171444),2814,0.0
MKKS (ENSG00000125863),2815,0.0
MKL1 (ENSG00000196588),2816,0.0
MKL2 (ENSG00000186260),2817,0.0
MKNK1 (ENSG00000079277),2818,0.0
MKNK2 (ENSG00000099875),2819,0.0
MLEC (ENSG00000110917),2820,0.0
MCFD2 (ENSG00000180398),2821,0.0
MIPOL1 (ENSG00000151338),2822,0.0
MIPEP (ENSG00000027001),2823,0.0
MCRS1 (ENSG00000187778),2824,0.0
MED12L (ENSG00000144893),2825,0.0
MICB (ENSG00000204516),2826,0.0
MED11 (ENSG00000161920),2827,0.0
MICU2 (ENSG00000165487),2828,0.0
MED1 (ENSG00000125686),2829,0.0
MICU3 (ENSG00000155970),2830,0.0
MID1IP1 (ENSG00000165175),2831,0.0
MID2 (ENSG00000080561),2832,0.0
MIDN (ENSG00000167470),2833,0.0
MEA1 (ENSG00000124733),2834,0.0
ME2 (ENSG00000082212),2835,0.0
ME1 (ENSG00000065833),2836,0.0
MDP1 (ENSG00000213920),2837,0.0
MDN1 (ENSG00000112159),2838,0.0
MDM2 (ENSG00000135679),2839,0.0
MIEN1 (ENSG00000141741),2840,0.0
MIER1 (ENSG00000198160),2841,0.0
MIER3 (ENSG00000155545),2842,0.0
MDH1 (ENSG00000014641),2843,0.0
MIF4GD (ENSG00000125457),2844,0.0
MIIP (ENSG00000116691),2845,0.0
MINA (ENSG00000170854),2846,0.0
MINOS1 (ENSG00000173436),2847,0.0
MDC1 (ENSG00000137337),2848,0.0
MCUR1 (ENSG00000050393),2849,0.0
MCU (ENSG00000156026),2850,0.0
MCTS1 (ENSG00000232119),2851,0.0
MIOS (ENSG00000164654),2852,0.0
MCTP1 (ENSG00000175471),2853,0.0
MIB1 (ENSG00000101752),2854,0.0
KLK5 (ENSG00000167754),2855,0.0
MRPL16 (ENSG00000166902),2856,0.0
MANEAL (ENSG00000185090),2857,0.0
MTCH1 (ENSG00000137409),2858,0.0
MTCH2 (ENSG00000109919),2859,0.0
LRRC8E (ENSG00000171017),2860,0.0
LRRC8D (ENSG00000171492),2861,0.0
MTCL1 (ENSG00000168502),2862,0.0
LRRC8B (ENSG00000197147),2863,0.0
LRRC8A (ENSG00000136802),2864,0.0
MTERF1 (ENSG00000127989),2865,0.0
LRRC75A (ENSG00000181350),2866,0.0
MTERF3 (ENSG00000156469),2867,0.0
LRRC69 (ENSG00000214954),2868,0.0
LRRC61 (ENSG00000127399),2869,0.0
LRRC6 (ENSG00000129295),2870,0.0
LRRFIP1 (ENSG00000124831),2871,0.0
LRRC59 (ENSG00000108829),2872,0.0
MTFMT (ENSG00000103707),2873,0.0
MTFP1 (ENSG00000242114),2874,0.0
MTFR2 (ENSG00000146410),2875,0.0
MTHFD1 (ENSG00000100714),2876,0.0
LRRC47 (ENSG00000130764),2877,0.0
MTHFD1L (ENSG00000120254),2878,0.0
LRRC45 (ENSG00000169683),2879,0.0
MTHFD2 (ENSG00000065911),2880,0.0
LRRC42 (ENSG00000116212),2881,0.0
MTHFD2L (ENSG00000163738),2882,0.0
LRRC40 (ENSG00000066557),2883,0.0
MTHFR (ENSG00000177000),2884,0.0
LRRC38 (ENSG00000162494),2885,0.0
MTF2 (ENSG00000143033),2886,0.0
LRRFIP2 (ENSG00000093167),2887,0.0
MTAP (ENSG00000099810),2888,0.0
LRRIQ3 (ENSG00000162620),2889,0.0
MT-ND2 (ENSG00000198763),2890,0.0
LSM8 (ENSG00000128534),2891,0.0
LSM7 (ENSG00000130332),2892,0.0
LSM6 (ENSG00000164167),2893,0.0
LSM5 (ENSG00000106355),2894,0.0
LSM3 (ENSG00000170860),2895,0.0
LSM2 (ENSG00000204392),2896,0.0
LSM14B (ENSG00000149657),2897,0.0
LSM14A (ENSG00000257103),2898,0.0
LSM12 (ENSG00000161654),2899,0.0
MT-ND3 (ENSG00000198840),2900,0.0
LSM10 (ENSG00000181817),2901,0.0
LSM1 (ENSG00000175324),2902,0.0
MT-ND4 (ENSG00000198886),2903,0.0
LSG1 (ENSG00000041802),2904,0.0
LSAMP-AS1 (ENSG00000240922),2905,0.0
MT-ND5 (ENSG00000198786),2906,0.0
LRWD1 (ENSG00000161036),2907,0.0
MT1E (ENSG00000169715),2908,0.0
MT1F (ENSG00000198417),2909,0.0
LRRTM4 (ENSG00000176204),2910,0.0
MT1G (ENSG00000125144),2911,0.0
MT1H (ENSG00000205358),2912,0.0
MT1M (ENSG00000205364),2913,0.0
MT1X (ENSG00000187193),2914,0.0
MTA2 (ENSG00000149480),2915,0.0
LRRN1 (ENSG00000175928),2916,0.0
MTA3 (ENSG00000057935),2917,0.0
LRRK1 (ENSG00000154237),2918,0.0
MTHFS (ENSG00000136371),2919,0.0
MT-ND1 (ENSG00000198888),2920,0.0
MTIF2 (ENSG00000085760),2921,0.0
MTL5 (ENSG00000132749),2922,0.0
MX1 (ENSG00000157601),2923,0.0
MX2 (ENSG00000183486),2924,0.0
LRIG2 (ENSG00000198799),2925,0.0
LRIG1 (ENSG00000144749),2926,0.0
LRIF1 (ENSG00000121931),2927,0.0
LRGUK (ENSG00000155530),2928,0.0
LRG1 (ENSG00000171236),2929,0.0
MYB (ENSG00000118513),2930,0.0
LRFN4 (ENSG00000173621),2931,0.0
LRFN3 (ENSG00000126243),2932,0.0
MYBBP1A (ENSG00000132382),2933,0.0
MYBL2 (ENSG00000101057),2934,0.0
MYBPC2 (ENSG00000086967),2935,0.0
MUTYH (ENSG00000132781),2936,0.0
MYBPHL (ENSG00000221986),2937,0.0
MYCBP2 (ENSG00000005810),2938,0.0
MYCL (ENSG00000116990),2939,0.0
LRAT (ENSG00000121207),2940,0.0
MYCNOS (ENSG00000233718),2941,0.0
MYD88 (ENSG00000172936),2942,0.0
LPO (ENSG00000167419),2943,0.0
MYEOV2 (ENSG00000172428),2944,0.0
LPIN3 (ENSG00000132793),2945,0.0
MYF6 (ENSG00000111046),2946,0.0
MYH10 (ENSG00000133026),2947,0.0
MYH14 (ENSG00000105357),2948,0.0
MYH9 (ENSG00000100345),2949,0.0
LPCAT3 (ENSG00000111684),2950,0.0
MYCBP (ENSG00000214114),2951,0.0
MUM1 (ENSG00000160953),2952,0.0
MUC4 (ENSG00000145113),2953,0.0
MUC3A (ENSG00000169894),2954,0.0
LRRC34 (ENSG00000171757),2955,0.0
MTM1 (ENSG00000171100),2956,0.0
MTMR1 (ENSG00000063601),2957,0.0
MTMR10 (ENSG00000166912),2958,0.0
MTMR12 (ENSG00000150712),2959,0.0
MTMR14 (ENSG00000163719),2960,0.0
MTMR2 (ENSG00000087053),2961,0.0
LRRC26 (ENSG00000184709),2962,0.0
MTMR7 (ENSG00000003987),2963,0.0
MTMR8 (ENSG00000102043),2964,0.0
LRRC20 (ENSG00000172731),2965,0.0
LRRC2 (ENSG00000163827),2966,0.0
MTMR9 (ENSG00000104643),2967,0.0
MTO1 (ENSG00000135297),2968,0.0
LRRC16A (ENSG00000079691),2969,0.0
LRRC14 (ENSG00000160959),2970,0.0
MTOR (ENSG00000198793),2971,0.0
MTPAP (ENSG00000107951),2972,0.0
LRR1 (ENSG00000165501),2973,0.0
LRPPRC (ENSG00000138095),2974,0.0
MTPN (ENSG00000105887),2975,0.0
LRP8 (ENSG00000157193),2976,0.0
LRP6 (ENSG00000070018),2977,0.0
MTRF1 (ENSG00000120662),2978,0.0
MTRF1L (ENSG00000112031),2979,0.0
MTRNR2L12 (ENSG00000269028),2980,0.0
MTRR (ENSG00000124275),2981,0.0
MTX1 (ENSG00000173171),2982,0.0
MTX3 (ENSG00000177034),2983,0.0
MTIF3 (ENSG00000122033),2984,0.0
MANF (ENSG00000145050),2985,0.0
LSR (ENSG00000105699),2986,0.0
MT-CYB (ENSG00000198727),2987,0.0
MAGOH (ENSG00000162385),2988,0.0
MRPL43 (ENSG00000055950),2989,0.0
MRPL44 (ENSG00000135900),2990,0.0
MRPL45 (ENSG00000278845),2991,0.0
MAGI1 (ENSG00000151276),2992,0.0
MRPL46 (ENSG00000259494),2993,0.0
MRPL47 (ENSG00000136522),2994,0.0
MRPL49 (ENSG00000149792),2995,0.0
MRPL50 (ENSG00000136897),2996,0.0
MRPL51 (ENSG00000111639),2997,0.0
MRPL52 (ENSG00000172590),2998,0.0
MRPL53 (ENSG00000204822),2999,0.0
MRPL54 (ENSG00000183617),3000,0.0
MAGOHB (ENSG00000111196),3001,0.0
MRPL55 (ENSG00000162910),3002,0.0
MRPL57 (ENSG00000173141),3003,0.0
MAFG (ENSG00000197063),3004,0.0
MRPL9 (ENSG00000143436),3005,0.0
MRPS10 (ENSG00000048544),3006,0.0
MRPS11 (ENSG00000181991),3007,0.0
MAF1 (ENSG00000179632),3008,0.0
MAF (ENSG00000178573),3009,0.0
MRPS12 (ENSG00000128626),3010,0.0
MAEA (ENSG00000090316),3011,0.0
MRPS14 (ENSG00000120333),3012,0.0
MRPS15 (ENSG00000116898),3013,0.0
MAD2L2 (ENSG00000116670),3014,0.0
MAD2L1BP (ENSG00000124688),3015,0.0
MAFK (ENSG00000198517),3016,0.0
MAGT1 (ENSG00000102158),3017,0.0
MRPL42 (ENSG00000198015),3018,0.0
MAK16 (ENSG00000198042),3019,0.0
MRPL17 (ENSG00000158042),3020,0.0
MRPL18 (ENSG00000112110),3021,0.0
MANBAL (ENSG00000101363),3022,0.0
MANBA (ENSG00000109323),3023,0.0
MRPL19 (ENSG00000115364),3024,0.0
MRPL20 (ENSG00000242485),3025,0.0
MRPL21 (ENSG00000197345),3026,0.0
MRPL22 (ENSG00000082515),3027,0.0
MAN2A1 (ENSG00000112893),3028,0.0
MRPL24 (ENSG00000143314),3029,0.0
MRPL27 (ENSG00000108826),3030,0.0
MRPL28 (ENSG00000086504),3031,0.0
MRPL3 (ENSG00000114686),3032,0.0
MRPL30 (ENSG00000185414),3033,0.0
MRPL32 (ENSG00000106591),3034,0.0
MRPL33 (ENSG00000243147),3035,0.0
MRPL34 (ENSG00000130312),3036,0.0
MRPL35 (ENSG00000132313),3037,0.0
MAML1 (ENSG00000161021),3038,0.0
MRPL36 (ENSG00000171421),3039,0.0
MRPL39 (ENSG00000154719),3040,0.0
MAMDC2 (ENSG00000165072),3041,0.0
MALT1 (ENSG00000172175),3042,0.0
MALSU1 (ENSG00000156928),3043,0.0
MALRD1 (ENSG00000204740),3044,0.0
MALL (ENSG00000144063),3045,0.0
MRPL4 (ENSG00000105364),3046,0.0
MAL2 (ENSG00000147676),3047,0.0
MRPL41 (ENSG00000182154),3048,0.0
MAD2L1 (ENSG00000164109),3049,0.0
LSS (ENSG00000160285),3050,0.0
MRPS16 (ENSG00000182180),3051,0.0
MRPS18A (ENSG00000096080),3052,0.0
LYG2 (ENSG00000185674),3053,0.0
MRRF (ENSG00000148187),3054,0.0
LYAR (ENSG00000145220),3055,0.0
LY75 (ENSG00000054219),3056,0.0
MRTO4 (ENSG00000053372),3057,0.0
MSANTD3 (ENSG00000066697),3058,0.0
MSH2 (ENSG00000095002),3059,0.0
MSH6 (ENSG00000116062),3060,0.0
MSI2 (ENSG00000153944),3061,0.0
LUZP1 (ENSG00000169641),3062,0.0
MSL1 (ENSG00000188895),3063,0.0
LURAP1 (ENSG00000171357),3064,0.0
MSL2 (ENSG00000174579),3065,0.0
MRPS9 (ENSG00000135972),3066,0.0
LUC7L3 (ENSG00000108848),3067,0.0
LUC7L (ENSG00000007392),3068,0.0
LTV1 (ENSG00000135521),3069,0.0
LTN1 (ENSG00000198862),3070,0.0
LTF (ENSG00000012223),3071,0.0
MSN (ENSG00000147065),3072,0.0
MSRB1 (ENSG00000198736),3073,0.0
MSTO1 (ENSG00000125459),3074,0.0
MT-ATP6 (ENSG00000198899),3075,0.0
LTBP2 (ENSG00000119681),3076,0.0
MT-ATP8 (ENSG00000228253),3077,0.0
LTB4R (ENSG00000213903),3078,0.0
MT-CO2 (ENSG00000198712),3079,0.0
MT-CO3 (ENSG00000198938),3080,0.0
MSMP (ENSG00000215183),3081,0.0
LYN (ENSG00000254087),3082,0.0
MRPS7 (ENSG00000125445),3083,0.0
MRPS6 (ENSG00000243927),3084,0.0
MACF1 (ENSG00000127603),3085,0.0
MACC1-AS1 (ENSG00000228598),3086,0.0
MACC1 (ENSG00000183742),3087,0.0
MRPS18B (ENSG00000204568),3088,0.0
MRPS18C (ENSG00000163319),3089,0.0
MRPS2 (ENSG00000122140),3090,0.0
M1AP (ENSG00000159374),3091,0.0
LZTS2 (ENSG00000107816),3092,0.0
MRPS21 (ENSG00000266472),3093,0.0
MRPS22 (ENSG00000175110),3094,0.0
MRPS23 (ENSG00000181610),3095,0.0
LZIC (ENSG00000162441),3096,0.0
MRPS25 (ENSG00000131368),3097,0.0
LYSMD4 (ENSG00000183060),3098,0.0
MRPS26 (ENSG00000125901),3099,0.0
LYSMD2 (ENSG00000140280),3100,0.0
MRPS27 (ENSG00000113048),3101,0.0
MRPS28 (ENSG00000147586),3102,0.0
LYRM7 (ENSG00000186687),3103,0.0
MRPS30 (ENSG00000112996),3104,0.0
LYRM4 (ENSG00000214113),3105,0.0
MRPS31 (ENSG00000102738),3106,0.0
MRPS33 (ENSG00000090263),3107,0.0
LYPLAL1 (ENSG00000143353),3108,0.0
LYPLA2 (ENSG00000011009),3109,0.0
LYPLA1 (ENSG00000120992),3110,0.0
MRPS34 (ENSG00000074071),3111,0.0
MRPS35 (ENSG00000061794),3112,0.0
MRPS36 (ENSG00000134056),3113,0.0
MRPS17 (ENSG00000239789),3114,0.0
NUDT1 (ENSG00000106268),3115,0.0
KLK13 (ENSG00000167759),3116,0.0
KLK11 (ENSG00000167757),3117,0.0
PKNOX1 (ENSG00000160199),3118,0.0
PKP3 (ENSG00000184363),3119,0.0
PKP4 (ENSG00000144283),3120,0.0
IDH3B (ENSG00000101365),3121,0.0
IDH3A (ENSG00000166411),3122,0.0
PLA2G10 (ENSG00000069764),3123,0.0
IDH1-AS1 (ENSG00000231908),3124,0.0
IDH1 (ENSG00000138413),3125,0.0
IDE (ENSG00000119912),3126,0.0
PLA2G12A (ENSG00000123739),3127,0.0
PLA2G16 (ENSG00000176485),3128,0.0
PLA2G2A (ENSG00000188257),3129,0.0
PLA2G3 (ENSG00000100078),3130,0.0
IDO1 (ENSG00000131203),3131,0.0
PLA2G4C (ENSG00000105499),3132,0.0
ICOSLG (ENSG00000160223),3133,0.0
ICMT (ENSG00000116237),3134,0.0
ICK (ENSG00000112144),3135,0.0
ICE2 (ENSG00000128915),3136,0.0
ICE1 (ENSG00000164151),3137,0.0
PLA2G7 (ENSG00000146070),3138,0.0
ICAM3 (ENSG00000076662),3139,0.0
PLAA (ENSG00000137055),3140,0.0
PLAC8 (ENSG00000145287),3141,0.0
PLAC9 (ENSG00000189129),3142,0.0
ICA1 (ENSG00000003147),3143,0.0
PLAU (ENSG00000122861),3144,0.0
IBA57 (ENSG00000181873),3145,0.0
ICT1 (ENSG00000167862),3146,0.0
PKN2 (ENSG00000065243),3147,0.0
PKN1 (ENSG00000123143),3148,0.0
PKMYT1 (ENSG00000127564),3149,0.0
PIP5K1B (ENSG00000107242),3150,0.0
IFNLR1 (ENSG00000185436),3151,0.0
PIP5K1C (ENSG00000186111),3152,0.0
IFNGR1 (ENSG00000027697),3153,0.0
IFNAR2 (ENSG00000159110),3154,0.0
IFNAR1 (ENSG00000142166),3155,0.0
PIP5KL1 (ENSG00000167103),3156,0.0
IFITM2 (ENSG00000185201),3157,0.0
PIPOX (ENSG00000179761),3158,0.0
IFITM1 (ENSG00000185885),3159,0.0
PIR (ENSG00000087842),3160,0.0
PISD (ENSG00000241878),3161,0.0
PITHD1 (ENSG00000057757),3162,0.0
PITPNA (ENSG00000174238),3163,0.0
PITPNA-AS1 (ENSG00000236618),3164,0.0
PITPNB (ENSG00000180957),3165,0.0
PITPNC1 (ENSG00000154217),3166,0.0
IFI35 (ENSG00000068079),3167,0.0
IFI30 (ENSG00000216490),3168,0.0
PITPNM3 (ENSG00000091622),3169,0.0
PIWIL1 (ENSG00000125207),3170,0.0
PIWIL2 (ENSG00000197181),3171,0.0
PKD2 (ENSG00000118762),3172,0.0
IFFO2 (ENSG00000169991),3173,0.0
PKDCC (ENSG00000162878),3174,0.0
PKI55 (ENSG00000260804),3175,0.0
PKIA (ENSG00000171033),3176,0.0
IER3IP1 (ENSG00000134049),3177,0.0
PKIB (ENSG00000135549),3178,0.0
IARS2 (ENSG00000067704),3179,0.0
IFRD2 (ENSG00000214706),3180,0.0
IARS (ENSG00000196305),3181,0.0
PLCB2 (ENSG00000137841),3182,0.0
PLEKHJ1 (ENSG00000104886),3183,0.0
PLEKHM2 (ENSG00000116786),3184,0.0
PLEKHM3 (ENSG00000178385),3185,0.0
PLEKHO2 (ENSG00000241839),3186,0.0
HSPB11 (ENSG00000081870),3187,0.0
PLGRKT (ENSG00000107020),3188,0.0
HSPA9 (ENSG00000113013),3189,0.0
HSPA8 (ENSG00000109971),3190,0.0
PLK1 (ENSG00000166851),3191,0.0
PLK4 (ENSG00000142731),3192,0.0
HSPA4 (ENSG00000170606),3193,0.0
HSPA2 (ENSG00000126803),3194,0.0
PLPP1 (ENSG00000067113),3195,0.0
HSPBAP1 (ENSG00000169087),3196,0.0
PLPP2 (ENSG00000141934),3197,0.0
HSPA14 (ENSG00000187522),3198,0.0
PLRG1 (ENSG00000171566),3199,0.0
PLS1 (ENSG00000120756),3200,0.0
PLS3 (ENSG00000102024),3201,0.0
HSP90B1 (ENSG00000166598),3202,0.0
HSP90AB1 (ENSG00000096384),3203,0.0
HSP90AA1 (ENSG00000080824),3204,0.0
HSH2D (ENSG00000196684),3205,0.0
PLSCR1 (ENSG00000188313),3206,0.0
PLXDC2 (ENSG00000120594),3207,0.0
PMAIP1 (ENSG00000141682),3208,0.0
PMEL (ENSG00000185664),3209,0.0
PMF1 (ENSG00000160783),3210,0.0
PLPP5 (ENSG00000147535),3211,0.0
PLEKHH3 (ENSG00000068137),3212,0.0
HSPD1 (ENSG00000144381),3213,0.0
HSPE1 (ENSG00000115541),3214,0.0
PLCB3 (ENSG00000149782),3215,0.0
HYOU1 (ENSG00000149428),3216,0.0
HYLS1 (ENSG00000198331),3217,0.0
PLCD3 (ENSG00000161714),3218,0.0
PLCG1 (ENSG00000124181),3219,0.0
PLCH1 (ENSG00000114805),3220,0.0
PLCL2 (ENSG00000154822),3221,0.0
PLCXD1 (ENSG00000182378),3222,0.0
HYAL1 (ENSG00000114378),3223,0.0
HVCN1 (ENSG00000122986),3224,0.0
HUWE1 (ENSG00000086758),3225,0.0
PLEC (ENSG00000178209),3226,0.0
HUS1 (ENSG00000136273),3227,0.0
PLEKHA3 (ENSG00000116095),3228,0.0
HTT (ENSG00000197386),3229,0.0
PLEKHA5 (ENSG00000052126),3230,0.0
PLEKHA7 (ENSG00000166689),3231,0.0
PLEKHA8 (ENSG00000106086),3232,0.0
HTR3C (ENSG00000178084),3233,0.0
HTR3A (ENSG00000166736),3234,0.0
PLEKHB2 (ENSG00000115762),3235,0.0
PLEKHF1 (ENSG00000166289),3236,0.0
PLEKHG4B (ENSG00000153404),3237,0.0
PLEKHG6 (ENSG00000008323),3238,0.0
HTR1D (ENSG00000179546),3239,0.0
HTR1A (ENSG00000178394),3240,0.0
HTATIP2 (ENSG00000109854),3241,0.0
HSPH1 (ENSG00000120694),3242,0.0
PLEKHH1 (ENSG00000054690),3243,0.0
PLBD2 (ENSG00000151176),3244,0.0
PMFBP1 (ENSG00000118557),3245,0.0
PIP5K1A (ENSG00000143398),3246,0.0
PIP4K2B (ENSG00000276293),3247,0.0
PHB (ENSG00000167085),3248,0.0
PHB2 (ENSG00000215021),3249,0.0
PHC1 (ENSG00000111752),3250,0.0
PHC3 (ENSG00000173889),3251,0.0
PHF10 (ENSG00000130024),3252,0.0
PHF12 (ENSG00000109118),3253,0.0
IL4R (ENSG00000077238),3254,0.0
PHF13 (ENSG00000116273),3255,0.0
PHF14 (ENSG00000106443),3256,0.0
PHF20 (ENSG00000025293),3257,0.0
IL34 (ENSG00000157368),3258,0.0
PHF21B (ENSG00000056487),3259,0.0
PHF23 (ENSG00000040633),3260,0.0
PHAX (ENSG00000164902),3261,0.0
PHF3 (ENSG00000118482),3262,0.0
IL20RB (ENSG00000174564),3263,0.0
IL20RA (ENSG00000016402),3264,0.0
PHF7 (ENSG00000010318),3265,0.0
IL1RAP (ENSG00000196083),3266,0.0
IL1R2 (ENSG00000115590),3267,0.0
PHF8 (ENSG00000172943),3268,0.0
PHGDH (ENSG00000092621),3269,0.0
IL18BP (ENSG00000137496),3270,0.0
IL18 (ENSG00000150782),3271,0.0
PHIP (ENSG00000146247),3272,0.0
IL17RD (ENSG00000144730),3273,0.0
PHKA2 (ENSG00000044446),3274,0.0
PHKB (ENSG00000102893),3275,0.0
PHF5A (ENSG00000100410),3276,0.0
ILF3 (ENSG00000129351),3277,0.0
ILF3-AS1 (ENSG00000267100),3278,0.0
ILKAP (ENSG00000132323),3279,0.0
PGAP2 (ENSG00000148985),3280,0.0
INO80 (ENSG00000128908),3281,0.0
INIP (ENSG00000148153),3282,0.0
INHBE (ENSG00000139269),3283,0.0
PGBD1 (ENSG00000137338),3284,0.0
PGBD5 (ENSG00000177614),3285,0.0
ING5 (ENSG00000168395),3286,0.0
PGD (ENSG00000142657),3287,0.0
ING3 (ENSG00000071243),3288,0.0
ING2 (ENSG00000168556),3289,0.0
ING1 (ENSG00000153487),3290,0.0
INF2 (ENSG00000203485),3291,0.0
PGGT1B (ENSG00000164219),3292,0.0
PGM2 (ENSG00000169299),3293,0.0
INAFM2 (ENSG00000259330),3294,0.0
PGM2L1 (ENSG00000165434),3295,0.0
PGM3 (ENSG00000013375),3296,0.0
PGM5P2 (ENSG00000277778),3297,0.0
PGP (ENSG00000184207),3298,0.0
PGPEP1 (ENSG00000130517),3299,0.0
PGRMC2 (ENSG00000164040),3300,0.0
IMPACT (ENSG00000154059),3301,0.0
IMPA2 (ENSG00000141401),3302,0.0
IMPA1 (ENSG00000133731),3303,0.0
IMP4 (ENSG00000136718),3304,0.0
IMP3 (ENSG00000177971),3305,0.0
IMMT (ENSG00000132305),3306,0.0
PGS1 (ENSG00000087157),3307,0.0
PHACTR2 (ENSG00000112419),3308,0.0
IL17RA (ENSG00000177663),3309,0.0
PIP4K2C (ENSG00000166908),3310,0.0
PHLDA2 (ENSG00000181649),3311,0.0
PHLPP2 (ENSG00000040199),3312,0.0
PIGP (ENSG00000185808),3313,0.0
PIGT (ENSG00000124155),3314,0.0
PIGW (ENSG00000277161),3315,0.0
PIH1D1 (ENSG00000104872),3316,0.0
PIK3C2A (ENSG00000011405),3317,0.0
PIK3CA (ENSG00000121879),3318,0.0
IGFBP1 (ENSG00000146678),3319,0.0
IGF2R (ENSG00000197081),3320,0.0
IGF2BP3 (ENSG00000136231),3321,0.0
PIK3CB (ENSG00000051382),3322,0.0
IGF2BP1 (ENSG00000159217),3323,0.0
PIK3CD (ENSG00000171608),3324,0.0
PIK3CD-AS2 (ENSG00000231789),3325,0.0
IGFBPL1 (ENSG00000137142),3326,0.0
IGF1R (ENSG00000140443),3327,0.0
PIK3R4 (ENSG00000196455),3328,0.0
PIK3R5 (ENSG00000141506),3329,0.0
PIKFYVE (ENSG00000115020),3330,0.0
PILRA (ENSG00000085514),3331,0.0
PILRB (ENSG00000121716),3332,0.0
PIM2 (ENSG00000102096),3333,0.0
PIN1 (ENSG00000127445),3334,0.0
PIN4 (ENSG00000102309),3335,0.0
PINK1 (ENSG00000158828),3336,0.0
PINLYP (ENSG00000234465),3337,0.0
IFT27 (ENSG00000100360),3338,0.0
PINX1 (ENSG00000254093),3339,0.0
PIP4K2A (ENSG00000150867),3340,0.0
PIK3R2 (ENSG00000105647),3341,0.0
PIGN (ENSG00000197563),3342,0.0
IGFLR1 (ENSG00000126246),3343,0.0
IGHMBP2 (ENSG00000132740),3344,0.0
PHOSPHO2 (ENSG00000144362),3345,0.0
PHPT1 (ENSG00000054148),3346,0.0
IL12RB2 (ENSG00000081985),3347,0.0
PHRF1 (ENSG00000070047),3348,0.0
PHTF1 (ENSG00000116793),3349,0.0
PHYH (ENSG00000107537),3350,0.0
PHYHD1 (ENSG00000175287),3351,0.0
IKZF5 (ENSG00000095574),3352,0.0
PI4K2A (ENSG00000155252),3353,0.0
IKZF3 (ENSG00000161405),3354,0.0
PI4K2B (ENSG00000038210),3355,0.0
IKZF1 (ENSG00000185811),3356,0.0
IKBKG (ENSG00000269335),3357,0.0
IKBKE (ENSG00000263528),3358,0.0
PIAS3 (ENSG00000131788),3359,0.0
IKBKAP (ENSG00000070061),3360,0.0
PIAS4 (ENSG00000105229),3361,0.0
PIEZO1 (ENSG00000103335),3362,0.0
PIF1 (ENSG00000140451),3363,0.0
IGSF9B (ENSG00000080854),3364,0.0
PIGB (ENSG00000069943),3365,0.0
IGSF8 (ENSG00000162729),3366,0.0
IGSF5 (ENSG00000183067),3367,0.0
IGSF21 (ENSG00000117154),3368,0.0
IGSF11 (ENSG00000144847),3369,0.0
IGSF10 (ENSG00000152580),3370,0.0
IGSF1 (ENSG00000147255),3371,0.0
PIGK (ENSG00000142892),3372,0.0
PIGL (ENSG00000108474),3373,0.0
PHLPP1 (ENSG00000081913),3374,0.0
INO80C (ENSG00000153391),3375,0.0
HSD3B7 (ENSG00000099377),3376,0.0
HSD17B7 (ENSG00000132196),3377,0.0
PPP1CC (ENSG00000186298),3378,0.0
HLA-DRB1 (ENSG00000196126),3379,0.0
HLA-DRA (ENSG00000204287),3380,0.0
HLA-DQB1 (ENSG00000179344),3381,0.0
HLA-DPB1 (ENSG00000223865),3382,0.0
HLA-DPA1 (ENSG00000231389),3383,0.0
HLA-DOA (ENSG00000204252),3384,0.0
HLA-DMA (ENSG00000204257),3385,0.0
HLA-C (ENSG00000204525),3386,0.0
PPP1R12A (ENSG00000058272),3387,0.0
HLA-A (ENSG00000206503),3388,0.0
PPP1R12C (ENSG00000125503),3389,0.0
HK2 (ENSG00000159399),3390,0.0
HLA-F (ENSG00000204642),3391,0.0
HK1 (ENSG00000156515),3392,0.0
HIVEP2 (ENSG00000010818),3393,0.0
PPP1R14B (ENSG00000173457),3394,0.0
PPP1R15B (ENSG00000158615),3395,0.0
HIST3H2BB (ENSG00000196890),3396,0.0
PPP1R16A (ENSG00000160972),3397,0.0
PPP1R16B (ENSG00000101445),3398,0.0
PPP1R17 (ENSG00000106341),3399,0.0
HIST2H2AC (ENSG00000184260),3400,0.0
PPP1R1B (ENSG00000131771),3401,0.0
HIST1H4J (ENSG00000197238),3402,0.0
HIST1H4H (ENSG00000158406),3403,0.0
PPP1R1C (ENSG00000150722),3404,0.0
HIST1H4E (ENSG00000276966),3405,0.0
PPP1R14A (ENSG00000167641),3406,0.0
HLA-G (ENSG00000204632),3407,0.0
PPP1CB (ENSG00000213639),3408,0.0
HLTF (ENSG00000071794),3409,0.0
HMOX2 (ENSG00000103415),3410,0.0
HMOX1 (ENSG00000100292),3411,0.0
HMMR (ENSG00000072571),3412,0.0
HMHA1 (ENSG00000180448),3413,0.0
PPIH (ENSG00000171960),3414,0.0
HMGXB3 (ENSG00000113716),3415,0.0
HMGN5 (ENSG00000198157),3416,0.0
HMGN4 (ENSG00000182952),3417,0.0
PPIL1 (ENSG00000137168),3418,0.0
HMGN3 (ENSG00000118418),3419,0.0
PPIL3 (ENSG00000240344),3420,0.0
PPIP5K1 (ENSG00000168781),3421,0.0
HMGCR (ENSG00000113161),3422,0.0
PPIP5K2 (ENSG00000145725),3423,0.0
PPM1A (ENSG00000100614),3424,0.0
HMGB3 (ENSG00000029993),3425,0.0
PPM1B (ENSG00000138032),3426,0.0
HMGB1 (ENSG00000189403),3427,0.0
PPM1E (ENSG00000175175),3428,0.0
HMGA1 (ENSG00000137309),3429,0.0
PPM1G (ENSG00000115241),3430,0.0
PPM1H (ENSG00000111110),3431,0.0
HMCN2 (ENSG00000148357),3432,0.0
PPM1J (ENSG00000155367),3433,0.0
HMCES (ENSG00000183624),3434,0.0
HMBS (ENSG00000256269),3435,0.0
PPM1N (ENSG00000213889),3436,0.0
PPOX (ENSG00000143224),3437,0.0
PPP1CA (ENSG00000172531),3438,0.0
PPP1R35 (ENSG00000160813),3439,0.0
PPIG (ENSG00000138398),3440,0.0
PPP1R36 (ENSG00000165807),3441,0.0
HIST1H3J (ENSG00000197153),3442,0.0
HIPK3 (ENSG00000110422),3443,0.0
PPP2R2C (ENSG00000074211),3444,0.0
PPP2R3A (ENSG00000073711),3445,0.0
HIPK1 (ENSG00000163349),3446,0.0
PPP2R3B (ENSG00000167393),3447,0.0
HIP1 (ENSG00000127946),3448,0.0
PPP2R4 (ENSG00000119383),3449,0.0
PPP2R5A (ENSG00000066027),3450,0.0
HINT1 (ENSG00000169567),3451,0.0
HIGD2A (ENSG00000146066),3452,0.0
HIGD1A (ENSG00000181061),3453,0.0
PPP2R5C (ENSG00000078304),3454,0.0
HIF1AN (ENSG00000166135),3455,0.0
PPP2R2B (ENSG00000156475),3456,0.0
PPP2R5D (ENSG00000112640),3457,0.0
PPP2R5E (ENSG00000154001),3458,0.0
HIC2 (ENSG00000169635),3459,0.0
PPP3CA (ENSG00000138814),3460,0.0
HIBCH (ENSG00000198130),3461,0.0
PPP3CB (ENSG00000107758),3462,0.0
PPP3R1 (ENSG00000221823),3463,0.0
HHLA1 (ENSG00000132297),3464,0.0
PPP4C (ENSG00000149923),3465,0.0
PPP4R1 (ENSG00000154845),3466,0.0
PPP4R2 (ENSG00000163605),3467,0.0
PPP4R3A (ENSG00000100796),3468,0.0
PPP4R4 (ENSG00000119698),3469,0.0
PPP5C (ENSG00000011485),3470,0.0
HIF1A (ENSG00000100644),3471,0.0
HIRA (ENSG00000100084),3472,0.0
PPP2R2A (ENSG00000221914),3473,0.0
PPP2R1B (ENSG00000137713),3474,0.0
HIST1H3I (ENSG00000275379),3475,0.0
HIST1H3H (ENSG00000278828),3476,0.0
HIST1H3F (ENSG00000277775),3477,0.0
HIST1H3E (ENSG00000274750),3478,0.0
HIST1H3B (ENSG00000274267),3479,0.0
PPP1R3B (ENSG00000173281),3480,0.0
HIST1H2BO (ENSG00000274641),3481,0.0
HIST1H2BN (ENSG00000233822),3482,0.0
HIST1H2BL (ENSG00000185130),3483,0.0
HIST1H2BK (ENSG00000197903),3484,0.0
HIST1H2BJ (ENSG00000124635),3485,0.0
HIST1H2BH (ENSG00000275713),3486,0.0
HIST1H2BG (ENSG00000273802),3487,0.0
HIST1H2BF (ENSG00000277224),3488,0.0
HIST1H2BE (ENSG00000274290),3489,0.0
PPP1R7 (ENSG00000115685),3490,0.0
HIST1H2BC (ENSG00000180596),3491,0.0
HIST1H2AL (ENSG00000276903),3492,0.0
HIST1H2AK (ENSG00000275221),3493,0.0
HIST1H2AJ (ENSG00000276368),3494,0.0
HIST1H2AI (ENSG00000196747),3495,0.0
HIST1H2AH (ENSG00000274997),3496,0.0
HIST1H2AG (ENSG00000196787),3497,0.0
HIST1H2AE (ENSG00000277075),3498,0.0
PPP1R9A (ENSG00000158528),3499,0.0
HIST1H2AB (ENSG00000278463),3500,0.0
PPP1R9B (ENSG00000108819),3501,0.0
PPP2CA (ENSG00000113575),3502,0.0
PPP2CB (ENSG00000104695),3503,0.0
HIST1H4B (ENSG00000278705),3504,0.0
PMM2 (ENSG00000140650),3505,0.0
HMSD (ENSG00000221887),3506,0.0
HMX2 (ENSG00000188816),3507,0.0
HRAS (ENSG00000174775),3508,0.0
HPSE2 (ENSG00000172987),3509,0.0
HPSE (ENSG00000173083),3510,0.0
PNPT1 (ENSG00000138035),3511,0.0
HPS5 (ENSG00000110756),3512,0.0
PNRC2 (ENSG00000189266),3513,0.0
HPS3 (ENSG00000163755),3514,0.0
HPS1 (ENSG00000107521),3515,0.0
HPRT1 (ENSG00000165704),3516,0.0
POC1A (ENSG00000164087),3517,0.0
POC5 (ENSG00000152359),3518,0.0
PODXL (ENSG00000128567),3519,0.0
POFUT1 (ENSG00000101346),3520,0.0
HRASLS (ENSG00000127252),3521,0.0
POGK (ENSG00000143157),3522,0.0
POGZ (ENSG00000143442),3523,0.0
POLA1 (ENSG00000101868),3524,0.0
POLD4 (ENSG00000175482),3525,0.0
POLDIP2 (ENSG00000004142),3526,0.0
POLE (ENSG00000177084),3527,0.0
POLE2 (ENSG00000100479),3528,0.0
POLE4 (ENSG00000115350),3529,0.0
POLG2 (ENSG00000256525),3530,0.0
POLQ (ENSG00000051341),3531,0.0
POLR1A (ENSG00000068654),3532,0.0
POLR1B (ENSG00000125630),3533,0.0
POLR1D (ENSG00000186184),3534,0.0
POLR1E (ENSG00000137054),3535,0.0
POGLUT1 (ENSG00000163389),3536,0.0
HRASLS5 (ENSG00000168004),3537,0.0
PNPLA6 (ENSG00000032444),3538,0.0
PNPLA4 (ENSG00000006757),3539,0.0
HSD17B6 (ENSG00000025423),3540,0.0
HSD17B4 (ENSG00000133835),3541,0.0
PMPCA (ENSG00000165688),3542,0.0
PMPCB (ENSG00000105819),3543,0.0
PMS1 (ENSG00000064933),3544,0.0
HSD17B12 (ENSG00000149084),3545,0.0
PMS2 (ENSG00000122512),3546,0.0
HSD17B10 (ENSG00000072506),3547,0.0
HSD17B1 (ENSG00000108786),3548,0.0
HSD11B2 (ENSG00000176387),3549,0.0
PMVK (ENSG00000163344),3550,0.0
HSCB (ENSG00000100209),3551,0.0
PNKD (ENSG00000127838),3552,0.0
HSBP1 (ENSG00000230989),3553,0.0
HS6ST3 (ENSG00000185352),3554,0.0
HS6ST1 (ENSG00000136720),3555,0.0
PNKP (ENSG00000039650),3556,0.0
HS3ST5 (ENSG00000249853),3557,0.0
HS3ST4 (ENSG00000182601),3558,0.0
PNMT (ENSG00000141744),3559,0.0
PNN (ENSG00000100941),3560,0.0
PNO1 (ENSG00000115946),3561,0.0
PNP (ENSG00000198805),3562,0.0
PNPLA2 (ENSG00000177666),3563,0.0
PNPLA3 (ENSG00000100344),3564,0.0
HRSP12 (ENSG00000132541),3565,0.0
HRK (ENSG00000135116),3566,0.0
HRH3 (ENSG00000101180),3567,0.0
HRH2 (ENSG00000113749),3568,0.0
POLR2A (ENSG00000181222),3569,0.0
PPID (ENSG00000171497),3570,0.0
POLR2B (ENSG00000047315),3571,0.0
POLR2E (ENSG00000099817),3572,0.0
PPA2 (ENSG00000138777),3573,0.0
HOMER1 (ENSG00000152413),3574,0.0
HOGA1 (ENSG00000241935),3575,0.0
HNRNPUL2 (ENSG00000214753),3576,0.0
PPAN (ENSG00000130810),3577,0.0
HNRNPU-AS1 (ENSG00000188206),3578,0.0
HNRNPU (ENSG00000153187),3579,0.0
HNRNPM (ENSG00000099783),3580,0.0
HNRNPLL (ENSG00000143889),3581,0.0
HNRNPL (ENSG00000104824),3582,0.0
HNRNPH3 (ENSG00000096746),3583,0.0
PPARGC1B (ENSG00000155846),3584,0.0
HNRNPH1 (ENSG00000169045),3585,0.0
PPA1 (ENSG00000180817),3586,0.0
HNRNPF (ENSG00000169813),3587,0.0
HNRNPD (ENSG00000138668),3588,0.0
HNRNPC (ENSG00000092199),3589,0.0
HNRNPAB (ENSG00000197451),3590,0.0
HNRNPA3 (ENSG00000170144),3591,0.0
HNRNPA2B1 (ENSG00000122566),3592,0.0
PPCDC (ENSG00000138621),3593,0.0
PPCS (ENSG00000127125),3594,0.0
PPFIA1 (ENSG00000131626),3595,0.0
PPFIA2 (ENSG00000139220),3596,0.0
PPHLN1 (ENSG00000134283),3597,0.0
PPIA (ENSG00000196262),3598,0.0
HN1L (ENSG00000206053),3599,0.0
HN1 (ENSG00000189159),3600,0.0
PPAT (ENSG00000128059),3601,0.0
HOOK1 (ENSG00000134709),3602,0.0
HOOK2 (ENSG00000095066),3603,0.0
POU5F1B (ENSG00000212993),3604,0.0
POLR2F (ENSG00000100142),3605,0.0
POLR2G (ENSG00000168002),3606,0.0
POLR2H (ENSG00000163882),3607,0.0
POLR2I (ENSG00000105258),3608,0.0
POLR2J (ENSG00000005075),3609,0.0
POLR2K (ENSG00000147669),3610,0.0
POLR2L (ENSG00000177700),3611,0.0
POLR3A (ENSG00000148606),3612,0.0
POLR3B (ENSG00000013503),3613,0.0
POLR3D (ENSG00000168495),3614,0.0
POLR3E (ENSG00000058600),3615,0.0
POLR3F (ENSG00000132664),3616,0.0
POLR3G (ENSG00000113356),3617,0.0
POLR3H (ENSG00000100413),3618,0.0
POLR3K (ENSG00000161980),3619,0.0
POLRMT (ENSG00000099821),3620,0.0
POM121 (ENSG00000196313),3621,0.0
POMC (ENSG00000115138),3622,0.0
POMGNT2 (ENSG00000144647),3623,0.0
POMP (ENSG00000132963),3624,0.0
POP1 (ENSG00000104356),3625,0.0
POP4 (ENSG00000105171),3626,0.0
POP5 (ENSG00000167272),3627,0.0
POP7 (ENSG00000172336),3628,0.0
POT1 (ENSG00000128513),3629,0.0
POU2F1 (ENSG00000143190),3630,0.0
POU2F3 (ENSG00000137709),3631,0.0
POU3F1 (ENSG00000185668),3632,0.0
POU5F1 (ENSG00000204531),3633,0.0
POLR2D (ENSG00000144231),3634,0.0
SAP18 (ENSG00000150459),3635,0.0
INO80D (ENSG00000114933),3636,0.0
PGAM5 (ENSG00000247077),3637,0.0
KIAA0040 (ENSG00000235750),3638,0.0
KHSRP (ENSG00000088247),3639,0.0
OSBPL6 (ENSG00000079156),3640,0.0
KHK (ENSG00000138030),3641,0.0
KHDRBS3 (ENSG00000131773),3642,0.0
OSBPL8 (ENSG00000091039),3643,0.0
OSCAR (ENSG00000170909),3644,0.0
KHDC3L (ENSG00000203908),3645,0.0
OSER1 (ENSG00000132823),3646,0.0
OSGEP (ENSG00000092094),3647,0.0
OSGIN2 (ENSG00000164823),3648,0.0
KEAP1 (ENSG00000079999),3649,0.0
KDSR (ENSG00000119537),3650,0.0
KIAA0100 (ENSG00000007202),3651,0.0
KDR (ENSG00000128052),3652,0.0
OST4 (ENSG00000228474),3653,0.0
KDM6A (ENSG00000147050),3654,0.0
OSTC (ENSG00000198856),3655,0.0
KDM5C (ENSG00000126012),3656,0.0
KDM5B (ENSG00000117139),3657,0.0
OSTF1 (ENSG00000134996),3658,0.0
OSTM1 (ENSG00000081087),3659,0.0
KDM4C (ENSG00000107077),3660,0.0
OTUB1 (ENSG00000167770),3661,0.0
KDM4A (ENSG00000066135),3662,0.0
KDM3B (ENSG00000120733),3663,0.0
OTUD3 (ENSG00000169914),3664,0.0
KDM2B (ENSG00000089094),3665,0.0
KDM7A (ENSG00000006459),3666,0.0
KIAA0101 (ENSG00000166803),3667,0.0
KIAA0141 (ENSG00000081791),3668,0.0
KIAA0196 (ENSG00000164961),3669,0.0
ORAI1 (ENSG00000276045),3670,0.0
ORAOV1 (ENSG00000149716),3671,0.0
KIAA1324L (ENSG00000164659),3672,0.0
ORC1 (ENSG00000085840),3673,0.0
ORC2 (ENSG00000115942),3674,0.0
ORC3 (ENSG00000135336),3675,0.0
ORC4 (ENSG00000115947),3676,0.0
KIAA1191 (ENSG00000122203),3677,0.0
ORC5 (ENSG00000164815),3678,0.0
KIAA1147 (ENSG00000257093),3679,0.0
KIAA1143 (ENSG00000163807),3680,0.0
KIAA1109 (ENSG00000138688),3681,0.0
ORC6 (ENSG00000091651),3682,0.0
KIAA1033 (ENSG00000136051),3683,0.0
KIAA1024 (ENSG00000169330),3684,0.0
KIAA0930 (ENSG00000100364),3685,0.0
KIAA0922 (ENSG00000121210),3686,0.0
ORM2 (ENSG00000228278),3687,0.0
ORMDL1 (ENSG00000128699),3688,0.0
ORMDL2 (ENSG00000123353),3689,0.0
ORMDL3 (ENSG00000172057),3690,0.0
KIAA0586 (ENSG00000100578),3691,0.0
OSBP (ENSG00000110048),3692,0.0
OSBPL10 (ENSG00000144645),3693,0.0
OSBPL11 (ENSG00000144909),3694,0.0
KIAA0368 (ENSG00000136813),3695,0.0
OSBPL1A (ENSG00000141447),3696,0.0
KIAA0319L (ENSG00000142687),3697,0.0
OSBPL3 (ENSG00000070882),3698,0.0
KDM2A (ENSG00000173120),3699,0.0
OR2B6 (ENSG00000124657),3700,0.0
OTUD4 (ENSG00000164164),3701,0.0
KDF1 (ENSG00000175707),3702,0.0
PAFAH1B1 (ENSG00000007168),3703,0.0
PAFAH1B2 (ENSG00000168092),3704,0.0
KCNN2 (ENSG00000080709),3705,0.0
PAFAH2 (ENSG00000158006),3706,0.0
KCNMB4 (ENSG00000135643),3707,0.0
PAGR1 (ENSG00000280789),3708,0.0
KCNMB2-AS1 (ENSG00000237978),3709,0.0
PAH (ENSG00000171759),3710,0.0
PAICS (ENSG00000128050),3711,0.0
KCNMA1 (ENSG00000156113),3712,0.0
KCNK9 (ENSG00000169427),3713,0.0
KCNK7 (ENSG00000173338),3714,0.0
KCNK6 (ENSG00000099337),3715,0.0
KCNQ1 (ENSG00000053918),3716,0.0
PAIP1 (ENSG00000172239),3717,0.0
PAIP2B (ENSG00000124374),3718,0.0
KCNK17 (ENSG00000124780),3719,0.0
PAK1 (ENSG00000149269),3720,0.0
KCNK15 (ENSG00000124249),3721,0.0
PAK1IP1 (ENSG00000111845),3722,0.0
KCNK12 (ENSG00000184261),3723,0.0
PAK2 (ENSG00000180370),3724,0.0
PAK4 (ENSG00000130669),3725,0.0
PAK6 (ENSG00000137843),3726,0.0
KCNJ6 (ENSG00000157542),3727,0.0
PALD1 (ENSG00000107719),3728,0.0
PALM3 (ENSG00000187867),3729,0.0
PAMR1 (ENSG00000149090),3730,0.0
PAIP2 (ENSG00000120727),3731,0.0
PADI2 (ENSG00000117115),3732,0.0
PACSIN2 (ENSG00000100266),3733,0.0
KCNQ2 (ENSG00000075043),3734,0.0
OTUD5 (ENSG00000068308),3735,0.0
OTUD6B (ENSG00000155100),3736,0.0
OTUD6B-AS1 (ENSG00000253738),3737,0.0
OTULIN (ENSG00000154124),3738,0.0
KCTD9 (ENSG00000104756),3739,0.0
OTX2 (ENSG00000165588),3740,0.0
OVOL2 (ENSG00000125850),3741,0.0
OXCT1 (ENSG00000083720),3742,0.0
KCTD3 (ENSG00000136636),3743,0.0
OXGR1 (ENSG00000165621),3744,0.0
OXLD1 (ENSG00000204237),3745,0.0
KCTD2 (ENSG00000180901),3746,0.0
OXNAD1 (ENSG00000154814),3747,0.0
OXSR1 (ENSG00000172939),3748,0.0
P2RX5 (ENSG00000083454),3749,0.0
P2RX5-TAX1BP3 (ENSG00000257950),3750,0.0
P2RY1 (ENSG00000169860),3751,0.0
KCTD14 (ENSG00000151364),3752,0.0
P2RY11 (ENSG00000244165),3753,0.0
P2RY14 (ENSG00000174944),3754,0.0
PA2G4 (ENSG00000170515),3755,0.0
KCTD10 (ENSG00000110906),3756,0.0
PABPC1L (ENSG00000101104),3757,0.0
PABPC4 (ENSG00000090621),3758,0.0
PABPN1 (ENSG00000100836),3759,0.0
KCNS3 (ENSG00000170745),3760,0.0
PACS2 (ENSG00000179364),3761,0.0
KCNQ4 (ENSG00000117013),3762,0.0
PACSIN1 (ENSG00000124507),3763,0.0
KDM1A (ENSG00000004487),3764,0.0
PAN3 (ENSG00000152520),3765,0.0
OR2A1-AS1 (ENSG00000244479),3766,0.0
KIAA1522 (ENSG00000162522),3767,0.0
KLHDC3 (ENSG00000124702),3768,0.0
NUMBL (ENSG00000105245),3769,0.0
NUP107 (ENSG00000111581),3770,0.0
NUP133 (ENSG00000069248),3771,0.0
NUP153 (ENSG00000124789),3772,0.0
KLF8 (ENSG00000102349),3773,0.0
NUP155 (ENSG00000113569),3774,0.0
NUP160 (ENSG00000030066),3775,0.0
NUP188 (ENSG00000095319),3776,0.0
NUP205 (ENSG00000155561),3777,0.0
NUP210 (ENSG00000132182),3778,0.0
NUP214 (ENSG00000126883),3779,0.0
KLF16 (ENSG00000129911),3780,0.0
KLHDC4 (ENSG00000104731),3781,0.0
KLF15 (ENSG00000163884),3782,0.0
NUP35 (ENSG00000163002),3783,0.0
NUP37 (ENSG00000075188),3784,0.0
NUP43 (ENSG00000120253),3785,0.0
NUP50 (ENSG00000093000),3786,0.0
NUP54 (ENSG00000138750),3787,0.0
NUP58 (ENSG00000139496),3788,0.0
NUP62 (ENSG00000213024),3789,0.0
NUP88 (ENSG00000108559),3790,0.0
KLB (ENSG00000134962),3791,0.0
NUP93 (ENSG00000102900),3792,0.0
KIZ (ENSG00000088970),3793,0.0
NUP98 (ENSG00000110713),3794,0.0
NUS1 (ENSG00000153989),3795,0.0
KLF13 (ENSG00000169926),3796,0.0
KLHDC7A (ENSG00000179023),3797,0.0
NUFIP2 (ENSG00000108256),3798,0.0
NUFIP1 (ENSG00000083635),3799,0.0
KLK10 (ENSG00000129451),3800,0.0
KLK1 (ENSG00000167748),3801,0.0
NUDT10 (ENSG00000122824),3802,0.0
NUDT12 (ENSG00000112874),3803,0.0
KLHL7-AS1 (ENSG00000230658),3804,0.0
KLHL7 (ENSG00000122550),3805,0.0
NUDT13 (ENSG00000166321),3806,0.0
KLHL42 (ENSG00000087448),3807,0.0
KLHL4 (ENSG00000102271),3808,0.0
NUDT14 (ENSG00000183828),3809,0.0
NUDT15 (ENSG00000136159),3810,0.0
NUDT16 (ENSG00000198585),3811,0.0
NUDT16L1 (ENSG00000168101),3812,0.0
KLHL3 (ENSG00000146021),3813,0.0
NUDT19 (ENSG00000213965),3814,0.0
NUDT2 (ENSG00000164978),3815,0.0
NUDT21 (ENSG00000167005),3816,0.0
KLHL25 (ENSG00000183655),3817,0.0
NUDT22 (ENSG00000149761),3818,0.0
KLHL23 (ENSG00000213160),3819,0.0
NUDT3 (ENSG00000272325),3820,0.0
KLHL21 (ENSG00000162413),3821,0.0
NUDT5 (ENSG00000165609),3822,0.0
KLHL2 (ENSG00000109466),3823,0.0
KLHL18 (ENSG00000114648),3824,0.0
KLHL17 (ENSG00000187961),3825,0.0
KLHL15 (ENSG00000174010),3826,0.0
NUDT7 (ENSG00000140876),3827,0.0
NUDT9 (ENSG00000170502),3828,0.0
NUTF2 (ENSG00000102898),3829,0.0
KIAA1468 (ENSG00000134444),3830,0.0
NUTM2A-AS1 (ENSG00000223482),3831,0.0
NXN (ENSG00000167693),3832,0.0
OGDH (ENSG00000105953),3833,0.0
KIF18B (ENSG00000186185),3834,0.0
OGFOD1 (ENSG00000087263),3835,0.0
OGFOD2 (ENSG00000111325),3836,0.0
OGFRL1 (ENSG00000119900),3837,0.0
OGG1 (ENSG00000114026),3838,0.0
KIF14 (ENSG00000118193),3839,0.0
OGT (ENSG00000147162),3840,0.0
KIF13A (ENSG00000137177),3841,0.0
OIP5 (ENSG00000104147),3842,0.0
KIF11 (ENSG00000138160),3843,0.0
OLA1 (ENSG00000138430),3844,0.0
OLFM1 (ENSG00000130558),3845,0.0
KIF1A (ENSG00000130294),3846,0.0
KIAA2013 (ENSG00000116685),3847,0.0
OLMALINC (ENSG00000235823),3848,0.0
OMA1 (ENSG00000162600),3849,0.0
OPA1 (ENSG00000198836),3850,0.0
OPA3 (ENSG00000125741),3851,0.0
OPLAH (ENSG00000178814),3852,0.0
KIAA1671 (ENSG00000197077),3853,0.0
KIAA1644 (ENSG00000138944),3854,0.0
OPRD1 (ENSG00000116329),3855,0.0
KIAA1586 (ENSG00000168116),3856,0.0
KIAA1551 (ENSG00000174718),3857,0.0
OPTC (ENSG00000188770),3858,0.0
KIAA1549 (ENSG00000122778),3859,0.0
KIAA1524 (ENSG00000163507),3860,0.0
OLFML2A (ENSG00000185585),3861,0.0
KIF1B (ENSG00000054523),3862,0.0
OFD1 (ENSG00000046651),3863,0.0
KIF1C (ENSG00000129250),3864,0.0
KIN (ENSG00000151657),3865,0.0
NXPE3 (ENSG00000144815),3866,0.0
KIFC2 (ENSG00000167702),3867,0.0
NXPH3 (ENSG00000182575),3868,0.0
NXT2 (ENSG00000101888),3869,0.0
OARD1 (ENSG00000124596),3870,0.0
KIF7 (ENSG00000166813),3871,0.0
OAT (ENSG00000065154),3872,0.0
KIF5C (ENSG00000168280),3873,0.0
OAZ1 (ENSG00000104904),3874,0.0
KIF5A (ENSG00000155980),3875,0.0
KIF4A (ENSG00000090889),3876,0.0
KIF3C (ENSG00000084731),3877,0.0
KIF3B (ENSG00000101350),3878,0.0
KIF3A (ENSG00000131437),3879,0.0
OAZ2 (ENSG00000180304),3880,0.0
KIF2A (ENSG00000068796),3881,0.0
OAZ3 (ENSG00000143450),3882,0.0
OBSL1 (ENSG00000124006),3883,0.0
KIF26A (ENSG00000066735),3884,0.0
KIF25-AS1 (ENSG00000229921),3885,0.0
KIF25 (ENSG00000125337),3886,0.0
OCIAD1 (ENSG00000109180),3887,0.0
KIF23 (ENSG00000137807),3888,0.0
OCIAD2 (ENSG00000145247),3889,0.0
OCLN (ENSG00000197822),3890,0.0
KIF21A (ENSG00000139116),3891,0.0
KIF20B (ENSG00000138182),3892,0.0
OCRL (ENSG00000122126),3893,0.0
NVL (ENSG00000143748),3894,0.0
INO80E (ENSG00000169592),3895,0.0
KCNJ14 (ENSG00000182324),3896,0.0
PANK2 (ENSG00000125779),3897,0.0
ISOC2 (ENSG00000063241),3898,0.0
PDF (ENSG00000258429),3899,0.0
PDGFA (ENSG00000197461),3900,0.0
PDHA1 (ENSG00000131828),3901,0.0
PDHB (ENSG00000168291),3902,0.0
PDHX (ENSG00000110435),3903,0.0
PDIA3 (ENSG00000167004),3904,0.0
ISG20L2 (ENSG00000143319),3905,0.0
ISG20 (ENSG00000172183),3906,0.0
ISG15 (ENSG00000187608),3907,0.0
ISCU (ENSG00000136003),3908,0.0
ISCA2 (ENSG00000165898),3909,0.0
ISCA1 (ENSG00000135070),3910,0.0
PDE9A (ENSG00000160191),3911,0.0
PDIA4 (ENSG00000155660),3912,0.0
IRX4 (ENSG00000113430),3913,0.0
PDK3 (ENSG00000067992),3914,0.0
IRX2 (ENSG00000170561),3915,0.0
IRX1 (ENSG00000170549),3916,0.0
PDLIM1 (ENSG00000107438),3917,0.0
IRS2 (ENSG00000185950),3918,0.0
PDLIM5 (ENSG00000163110),3919,0.0
IRGQ (ENSG00000167378),3920,0.0
PDP2 (ENSG00000172840),3921,0.0
PDPK1 (ENSG00000140992),3922,0.0
PDPN (ENSG00000162493),3923,0.0
PDPR (ENSG00000090857),3924,0.0
IRF4 (ENSG00000137265),3925,0.0
PDIA6 (ENSG00000143870),3926,0.0
IST1 (ENSG00000182149),3927,0.0
PDE7A (ENSG00000205268),3928,0.0
PDE6G (ENSG00000185527),3929,0.0
PCYT1A (ENSG00000161217),3930,0.0
PCYT1B (ENSG00000102230),3931,0.0
PCYT2 (ENSG00000185813),3932,0.0
PDAP1 (ENSG00000106244),3933,0.0
PDCD10 (ENSG00000114209),3934,0.0
PDCD11 (ENSG00000148843),3935,0.0
ITGB5 (ENSG00000082781),3936,0.0
PDCD2 (ENSG00000071994),3937,0.0
ITGB3BP (ENSG00000142856),3938,0.0
PDCD2L (ENSG00000126249),3939,0.0
ITGB1BP2 (ENSG00000147166),3940,0.0
PDCD5 (ENSG00000105185),3941,0.0
PDCD6 (ENSG00000249915),3942,0.0
ITGAV (ENSG00000138448),3943,0.0
ITGAE (ENSG00000083457),3944,0.0
PDCD6IP (ENSG00000170248),3945,0.0
ITGA7 (ENSG00000135424),3946,0.0
ITGA6 (ENSG00000091409),3947,0.0
PDCL2 (ENSG00000163440),3948,0.0
PDCL3 (ENSG00000115539),3949,0.0
PDE12 (ENSG00000174840),3950,0.0
ITGA2B (ENSG00000005961),3951,0.0
PDE2A (ENSG00000186642),3952,0.0
PDE4A (ENSG00000065989),3953,0.0
PDE4C (ENSG00000105650),3954,0.0
PDE5A (ENSG00000138735),3955,0.0
ITFG2 (ENSG00000111203),3956,0.0
PDE6D (ENSG00000156973),3957,0.0
ITCH (ENSG00000078747),3958,0.0
IRF3 (ENSG00000126456),3959,0.0
PCSK7 (ENSG00000160613),3960,0.0
PDRG1 (ENSG00000088356),3961,0.0
IRF2BP1 (ENSG00000170604),3962,0.0
PEX13 (ENSG00000162928),3963,0.0
PEX16 (ENSG00000121680),3964,0.0
PEX26 (ENSG00000215193),3965,0.0
PEX3 (ENSG00000034693),3966,0.0
INTS8 (ENSG00000164941),3967,0.0
INTS7 (ENSG00000143493),3968,0.0
INTS6 (ENSG00000102786),3969,0.0
INTS5 (ENSG00000185085),3970,0.0
PEX5L (ENSG00000114757),3971,0.0
PEX7 (ENSG00000112357),3972,0.0
INTS2 (ENSG00000108506),3973,0.0
PF4 (ENSG00000163737),3974,0.0
INTS10 (ENSG00000104613),3975,0.0
IPMK (ENSG00000151151),3976,0.0
PFAS (ENSG00000178921),3977,0.0
PFDN2 (ENSG00000143256),3978,0.0
INSL3 (ENSG00000248099),3979,0.0
PFDN4 (ENSG00000101132),3980,0.0
PFDN6 (ENSG00000204220),3981,0.0
PFKFB2 (ENSG00000123836),3982,0.0
PFN1 (ENSG00000108518),3983,0.0
INPP5K (ENSG00000132376),3984,0.0
INPP5J (ENSG00000185133),3985,0.0
INPP5F (ENSG00000198825),3986,0.0
PFN4 (ENSG00000176732),3987,0.0
PGAM1 (ENSG00000171314),3988,0.0
INPP5B (ENSG00000204084),3989,0.0
INPP5A (ENSG00000068383),3990,0.0
INSR (ENSG00000171105),3991,0.0
PEX1 (ENSG00000127980),3992,0.0
IPO4 (ENSG00000196497),3993,0.0
IPO5 (ENSG00000065150),3994,0.0
PDS5B (ENSG00000083642),3995,0.0
PDSS1 (ENSG00000148459),3996,0.0
IREB2 (ENSG00000136381),3997,0.0
PDSS2 (ENSG00000164494),3998,0.0
IRAK3 (ENSG00000090376),3999,0.0
PDXDC1 (ENSG00000179889),4000,0.0
IRAK1BP1 (ENSG00000146243),4001,0.0
IRAK1 (ENSG00000184216),4002,0.0
PDXK (ENSG00000160209),4003,0.0
PDZD11 (ENSG00000120509),4004,0.0
IQSEC2 (ENSG00000124313),4005,0.0
PDZD4 (ENSG00000067840),4006,0.0
IQGAP2 (ENSG00000145703),4007,0.0
IQGAP1 (ENSG00000140575),4008,0.0
PEAK1 (ENSG00000173517),4009,0.0
PEBP1 (ENSG00000089220),4010,0.0
PECR (ENSG00000115425),4011,0.0
PELI1 (ENSG00000197329),4012,0.0
PELI2 (ENSG00000139946),4013,0.0
PELP1 (ENSG00000141456),4014,0.0
PEPD (ENSG00000124299),4015,0.0
PER3 (ENSG00000049246),4016,0.0
PES1 (ENSG00000100029),4017,0.0
IQCA1 (ENSG00000132321),4018,0.0
IPPK (ENSG00000127080),4019,0.0
PET117 (ENSG00000232838),4020,0.0
IPO9 (ENSG00000198700),4021,0.0
IPO8 (ENSG00000133704),4022,0.0
IPO7 (ENSG00000205339),4023,0.0
PDS5A (ENSG00000121892),4024,0.0
PANK1 (ENSG00000152782),4025,0.0
PCSK2 (ENSG00000125851),4026,0.0
PCNXL2 (ENSG00000135749),4027,0.0
PARP12 (ENSG00000059378),4028,0.0
KBTBD3 (ENSG00000182359),4029,0.0
PARP14 (ENSG00000173193),4030,0.0
KBTBD11-OT1 (ENSG00000253696),4031,0.0
PARP2 (ENSG00000129484),4032,0.0
PARP4 (ENSG00000102699),4033,0.0
KB-226F1.2 (ENSG00000272787),4034,0.0
KB-1980E6.3 (ENSG00000253633),4035,0.0
PARPBP (ENSG00000185480),4036,0.0
PARS2 (ENSG00000162396),4037,0.0
PASK (ENSG00000115687),4038,0.0
PATL1 (ENSG00000166889),4039,0.0
PATZ1 (ENSG00000100105),4040,0.0
PARP11 (ENSG00000111224),4041,0.0
PAWR (ENSG00000177425),4042,0.0
PAX2 (ENSG00000075891),4043,0.0
KATNBL1 (ENSG00000134152),4044,0.0
KATNB1 (ENSG00000140854),4045,0.0
KATNAL2 (ENSG00000167216),4046,0.0
KATNAL1 (ENSG00000102781),4047,0.0
KATNA1 (ENSG00000186625),4048,0.0
PAX5 (ENSG00000196092),4049,0.0
KAT7 (ENSG00000136504),4050,0.0
PAXBP1 (ENSG00000159086),4051,0.0
PBDC1 (ENSG00000102390),4052,0.0
PBRM1 (ENSG00000163939),4053,0.0
PBX1 (ENSG00000185630),4054,0.0
KARS (ENSG00000065427),4055,0.0
KAZN (ENSG00000189337),4056,0.0
KBTBD8 (ENSG00000163376),4057,0.0
PARP10 (ENSG00000178685),4058,0.0
KCMF1 (ENSG00000176407),4059,0.0
PANK3 (ENSG00000120137),4060,0.0
PANX1 (ENSG00000110218),4061,0.0
PANX2 (ENSG00000073150),4062,0.0
PAPD5 (ENSG00000121274),4063,0.0
PAPD7 (ENSG00000112941),4064,0.0
PAPLN (ENSG00000100767),4065,0.0
PAPOLA (ENSG00000090060),4066,0.0
KCNG3 (ENSG00000171126),4067,0.0
PAPOLG (ENSG00000115421),4068,0.0
PAPSS2 (ENSG00000198682),4069,0.0
KCNE5 (ENSG00000176076),4070,0.0
PAQR3 (ENSG00000163291),4071,0.0
KCNE3 (ENSG00000175538),4072,0.0
PAQR9 (ENSG00000188582),4073,0.0
PARD3 (ENSG00000148498),4074,0.0
PARD6A (ENSG00000102981),4075,0.0
KCND2 (ENSG00000184408),4076,0.0
KCND1 (ENSG00000102057),4077,0.0
KCNC4 (ENSG00000116396),4078,0.0
PARD6B (ENSG00000124171),4079,0.0
PARD6G (ENSG00000178184),4080,0.0
PARG (ENSG00000227345),4081,0.0
KCNB1 (ENSG00000158445),4082,0.0
PARK7 (ENSG00000116288),4083,0.0
PARL (ENSG00000175193),4084,0.0
KCNAB1 (ENSG00000169282),4085,0.0
PARN (ENSG00000140694),4086,0.0
PARP1 (ENSG00000143799),4087,0.0
KCNA1 (ENSG00000111262),4088,0.0
PBX2 (ENSG00000204304),4089,0.0
PCSK1 (ENSG00000175426),4090,0.0
KANSL2 (ENSG00000139620),4091,0.0
KANSL1-AS1 (ENSG00000214401),4092,0.0
JAKMIP2-AS1 (ENSG00000280780),4093,0.0
PCGF3 (ENSG00000185619),4094,0.0
JAKMIP1 (ENSG00000152969),4095,0.0
JAK3 (ENSG00000105639),4096,0.0
PCGF5 (ENSG00000180628),4097,0.0
PCGF6 (ENSG00000156374),4098,0.0
PCID2 (ENSG00000126226),4099,0.0
JAG2 (ENSG00000184916),4100,0.0
PCIF1 (ENSG00000100982),4101,0.0
JADE3 (ENSG00000102221),4102,0.0
JADE2 (ENSG00000043143),4103,0.0
JADE1 (ENSG00000077684),4104,0.0
PCK2 (ENSG00000100889),4105,0.0
PCDHB4 (ENSG00000081818),4106,0.0
IZUMO2 (ENSG00000161652),4107,0.0
IVNS1ABP (ENSG00000116679),4108,0.0
IVD (ENSG00000128928),4109,0.0
ITSN2 (ENSG00000198399),4110,0.0
ITSN1 (ENSG00000205726),4111,0.0
PCLO (ENSG00000186472),4112,0.0
PCMT1 (ENSG00000120265),4113,0.0
ITPR3 (ENSG00000096433),4114,0.0
PCNP (ENSG00000081154),4115,0.0
PCNT (ENSG00000160299),4116,0.0
ITPKC (ENSG00000086544),4117,0.0
PCNX (ENSG00000100731),4118,0.0
ITPK1 (ENSG00000100605),4119,0.0
ITPA (ENSG00000125877),4120,0.0
IWS1 (ENSG00000163166),4121,0.0
PCDHB3 (ENSG00000113205),4122,0.0
JAML (ENSG00000160593),4123,0.0
JARID2 (ENSG00000008083),4124,0.0
KANSL1 (ENSG00000120071),4125,0.0
PCBD1 (ENSG00000166228),4126,0.0
PCBD2 (ENSG00000132570),4127,0.0
KANK2 (ENSG00000197256),4128,0.0
KANK1 (ENSG00000107104),4129,0.0
PCBP3 (ENSG00000183570),4130,0.0
PCCA (ENSG00000175198),4131,0.0
PCCB (ENSG00000114054),4132,0.0
PCDH1 (ENSG00000156453),4133,0.0
PCDH11X (ENSG00000102290),4134,0.0
JTB (ENSG00000143543),4135,0.0
JSRP1 (ENSG00000167476),4136,0.0
PCDH11Y (ENSG00000099715),4137,0.0
JPX (ENSG00000225470),4138,0.0
JPH3 (ENSG00000154118),4139,0.0
JPH1 (ENSG00000104369),4140,0.0
PCDHA12 (ENSG00000251664),4141,0.0
JOSD1 (ENSG00000100221),4142,0.0
JMY (ENSG00000152409),4143,0.0
JMJD8 (ENSG00000161999),4144,0.0
JMJD7-PLA2G4B (ENSG00000168970),4145,0.0
PCDHA6 (ENSG00000081842),4146,0.0
PCDHA9 (ENSG00000204961),4147,0.0
PCDHB11 (ENSG00000197479),4148,0.0
JMJD1C (ENSG00000171988),4149,0.0
JKAMP (ENSG00000050130),4150,0.0
JHDM1D-AS1 (ENSG00000260231),4151,0.0
PCDHB12 (ENSG00000120328),4152,0.0
PCDHB13 (ENSG00000187372),4153,0.0
PC (ENSG00000173599),4154,0.0
DLG3 (ENSG00000082458),4155,0.0
RPS15A (ENSG00000134419),4156,0.0
SAP30 (ENSG00000164105),4157,0.0
BCL10 (ENSG00000142867),4158,0.0
UBAC2-AS1 (ENSG00000228889),4159,0.0
BCKDHB (ENSG00000083123),4160,0.0
UBALD1 (ENSG00000153443),4161,0.0
UBALD2 (ENSG00000185262),4162,0.0
UBAP2 (ENSG00000137073),4163,0.0
UBAP2L (ENSG00000143569),4164,0.0
BCCIP (ENSG00000107949),4165,0.0
UBASH3B (ENSG00000154127),4166,0.0
BCAT1 (ENSG00000060982),4167,0.0
BCAS4 (ENSG00000124243),4168,0.0
UBE2A (ENSG00000077721),4169,0.0
BCAS2 (ENSG00000116752),4170,0.0
BCL11A (ENSG00000119866),4171,0.0
UBE2C (ENSG00000175063),4172,0.0
BCAP31 (ENSG00000185825),4173,0.0
BCAN (ENSG00000132692),4174,0.0
UBE2D1 (ENSG00000072401),4175,0.0
UBE2D2 (ENSG00000131508),4176,0.0
BBS9 (ENSG00000122507),4177,0.0
BBS7 (ENSG00000138686),4178,0.0
UBE2D3 (ENSG00000109332),4179,0.0
UBE2D4 (ENSG00000078967),4180,0.0
UBE2E1 (ENSG00000170142),4181,0.0
UBE2E1-AS1 (ENSG00000223791),4182,0.0
UBE2F (ENSG00000184182),4183,0.0
BBS1 (ENSG00000174483),4184,0.0
BBOX1-AS1 (ENSG00000254560),4185,0.0
BCAR1 (ENSG00000050820),4186,0.0
UBE2G1 (ENSG00000132388),4187,0.0
BCL11B (ENSG00000127152),4188,0.0
BCL2L1 (ENSG00000171552),4189,0.0
TYW3 (ENSG00000162623),4190,0.0
TYW5 (ENSG00000162971),4191,0.0
U2AF1L4 (ENSG00000161265),4192,0.0
U2AF1L5 (ENSG00000275895),4193,0.0
U2AF2 (ENSG00000063244),4194,0.0
U2SURP (ENSG00000163714),4195,0.0
U47924.27 (ENSG00000257084),4196,0.0
BDH1 (ENSG00000161267),4197,0.0
U47924.31 (ENSG00000272173),4198,0.0
U91319.1 (ENSG00000262801),4199,0.0
BCR (ENSG00000186716),4200,0.0
UBA1 (ENSG00000130985),4201,0.0
BCOR (ENSG00000183337),4202,0.0
UBAC2 (ENSG00000134882),4203,0.0
UBA2 (ENSG00000126261),4204,0.0
BCLAF1 (ENSG00000029363),4205,0.0
BCL9L (ENSG00000186174),4206,0.0
BCL9 (ENSG00000116128),4207,0.0
BCL7B (ENSG00000106635),4208,0.0
UBA5 (ENSG00000081307),4209,0.0
UBA52 (ENSG00000221983),4210,0.0
BCL6 (ENSG00000113916),4211,0.0
UBAC1 (ENSG00000130560),4212,0.0
BCL2L14 (ENSG00000121380),4213,0.0
BCL2L13 (ENSG00000099968),4214,0.0
BCL2L12 (ENSG00000126453),4215,0.0
BCL2L11 (ENSG00000153094),4216,0.0
BCL2L10 (ENSG00000137875),4217,0.0
UBA3 (ENSG00000144744),4218,0.0
BBIP1 (ENSG00000214413),4219,0.0
UBE2G2 (ENSG00000184787),4220,0.0
UBE2H (ENSG00000186591),4221,0.0
BACH1 (ENSG00000156273),4222,0.0
UBE3B (ENSG00000151148),4223,0.0
BACE1-AS (ENSG00000278768),4224,0.0
UBE3C (ENSG00000009335),4225,0.0
BABAM1 (ENSG00000105393),4226,0.0
UBE4A (ENSG00000110344),4227,0.0
UBE4B (ENSG00000130939),4228,0.0
UBFD1 (ENSG00000103353),4229,0.0
B9D1 (ENSG00000108641),4230,0.0
UBIAD1 (ENSG00000120942),4231,0.0
UBL5 (ENSG00000198258),4232,0.0
B4GALT6 (ENSG00000118276),4233,0.0
B4GALT5 (ENSG00000158470),4234,0.0
UBE3A (ENSG00000114062),4235,0.0
B4GALT4 (ENSG00000121578),4236,0.0
UBLCP1 (ENSG00000164332),4237,0.0
UBN2 (ENSG00000157741),4238,0.0
UBP1 (ENSG00000153560),4239,0.0
UBQLN1 (ENSG00000135018),4240,0.0
UBQLN4 (ENSG00000160803),4241,0.0
UBR1 (ENSG00000159459),4242,0.0
UBR2 (ENSG00000024048),4243,0.0
UBR3 (ENSG00000144357),4244,0.0
UBR4 (ENSG00000127481),4245,0.0
B3GNT7 (ENSG00000156966),4246,0.0
UBR5 (ENSG00000104517),4247,0.0
B3GNT4 (ENSG00000176383),4248,0.0
B3GNT3 (ENSG00000179913),4249,0.0
UBL7-AS1 (ENSG00000247240),4250,0.0
UBE2Z (ENSG00000159202),4251,0.0
UBE2W (ENSG00000104343),4252,0.0
BAG2 (ENSG00000112208),4253,0.0
BAZ2A (ENSG00000076108),4254,0.0
UBE2J2 (ENSG00000160087),4255,0.0
BAX (ENSG00000087088),4256,0.0
BATF3 (ENSG00000123685),4257,0.0
UBE2K (ENSG00000078140),4258,0.0
UBE2L3 (ENSG00000185651),4259,0.0
UBE2L6 (ENSG00000156587),4260,0.0
UBE2M (ENSG00000130725),4261,0.0
UBE2N (ENSG00000177889),4262,0.0
UBE2O (ENSG00000175931),4263,0.0
BARD1 (ENSG00000138376),4264,0.0
BAP1 (ENSG00000163930),4265,0.0
BANP (ENSG00000172530),4266,0.0
BANK1 (ENSG00000153064),4267,0.0
BANF1 (ENSG00000175334),4268,0.0
BANCR (ENSG00000278910),4269,0.0
UBE2Q1 (ENSG00000160714),4270,0.0
BAK1 (ENSG00000030110),4271,0.0
UBE2Q2 (ENSG00000140367),4272,0.0
BAIAP2L2 (ENSG00000128298),4273,0.0
BAIAP2L1 (ENSG00000006453),4274,0.0
UBE2R2 (ENSG00000107341),4275,0.0
UBE2S (ENSG00000108106),4276,0.0
BAHD1 (ENSG00000140320),4277,0.0
UBE2T (ENSG00000077152),4278,0.0
UBE2V1 (ENSG00000244687),4279,0.0
BAG5 (ENSG00000166170),4280,0.0
BAG4 (ENSG00000156735),4281,0.0
UBE2V2 (ENSG00000169139),4282,0.0
BECN1 (ENSG00000126581),4283,0.0
TYW1B (ENSG00000277149),4284,0.0
BEND3 (ENSG00000178409),4285,0.0
BEND4 (ENSG00000188848),4286,0.0
BRCC3 (ENSG00000185515),4287,0.0
BRCA2 (ENSG00000139618),4288,0.0
TTC39C (ENSG00000168234),4289,0.0
BRAP (ENSG00000089234),4290,0.0
BRAF (ENSG00000157764),4291,0.0
BPTF (ENSG00000171634),4292,0.0
TTC4 (ENSG00000243725),4293,0.0
TTC7B (ENSG00000165914),4294,0.0
TTC9 (ENSG00000133985),4295,0.0
BORCS8 (ENSG00000254901),4296,0.0
TTF1 (ENSG00000125482),4297,0.0
TTF2 (ENSG00000116830),4298,0.0
BORCS5 (ENSG00000165714),4299,0.0
TTC39B (ENSG00000155158),4300,0.0
BOP1 (ENSG00000261236),4301,0.0
BOLA3 (ENSG00000163170),4302,0.0
BOLA2B (ENSG00000169627),4303,0.0
BOLA1 (ENSG00000178096),4304,0.0
BOK (ENSG00000176720),4305,0.0
BOD1L1 (ENSG00000038219),4306,0.0
BOD1 (ENSG00000145919),4307,0.0
TTI2 (ENSG00000129696),4308,0.0
BNIPL (ENSG00000163141),4309,0.0
TTK (ENSG00000112742),4310,0.0
TTL (ENSG00000114999),4311,0.0
BNIP2 (ENSG00000140299),4312,0.0
TTLL12 (ENSG00000100304),4313,0.0
TTLL6 (ENSG00000170703),4314,0.0
BOLA3-AS1 (ENSG00000225439),4315,0.0
BRD2 (ENSG00000204256),4316,0.0
BRD3 (ENSG00000169925),4317,0.0
BRD4 (ENSG00000141867),4318,0.0
BTBD1 (ENSG00000064726),4319,0.0
BTAF1 (ENSG00000095564),4320,0.0
TSR2 (ENSG00000158526),4321,0.0
TSR3 (ENSG00000007520),4322,0.0
BSPRY (ENSG00000119411),4323,0.0
BSN (ENSG00000164061),4324,0.0
TST (ENSG00000128311),4325,0.0
TSTA3 (ENSG00000104522),4326,0.0
TSTD1 (ENSG00000215845),4327,0.0
BRWD3 (ENSG00000165288),4328,0.0
TSTD3 (ENSG00000228439),4329,0.0
TTC1 (ENSG00000113312),4330,0.0
BRSK2 (ENSG00000174672),4331,0.0
BRPF3 (ENSG00000096070),4332,0.0
BRPF1 (ENSG00000156983),4333,0.0
BROX (ENSG00000162819),4334,0.0
TTC19 (ENSG00000011295),4335,0.0
BRMS1 (ENSG00000174744),4336,0.0
TTC22 (ENSG00000006555),4337,0.0
BRIX1 (ENSG00000113460),4338,0.0
BRIP1 (ENSG00000136492),4339,0.0
TTC27 (ENSG00000018699),4340,0.0
BRINP1 (ENSG00000078725),4341,0.0
BRI3BP (ENSG00000184992),4342,0.0
BRI3 (ENSG00000164713),4343,0.0
TTC31 (ENSG00000115282),4344,0.0
TTC37 (ENSG00000198677),4345,0.0
TTC39A (ENSG00000085831),4346,0.0
BRD8 (ENSG00000112983),4347,0.0
TTN (ENSG00000155657),4348,0.0
B3GNT2 (ENSG00000170340),4349,0.0
BMS1 (ENSG00000165733),4350,0.0
BMPR1A (ENSG00000107779),4351,0.0
BIK (ENSG00000100290),4352,0.0
BID (ENSG00000015475),4353,0.0
TXNDC16 (ENSG00000087301),4354,0.0
BICD1 (ENSG00000151746),4355,0.0
TXNDC17 (ENSG00000129235),4356,0.0
BHMT (ENSG00000145692),4357,0.0
BHLHE41 (ENSG00000123095),4358,0.0
TXNDC5 (ENSG00000239264),4359,0.0
TXNDC9 (ENSG00000115514),4360,0.0
TXNL1 (ENSG00000091164),4361,0.0
BHLHB9 (ENSG00000198908),4362,0.0
TXNL4A (ENSG00000141759),4363,0.0
TXNL4B (ENSG00000140830),4364,0.0
TXNDC12 (ENSG00000117862),4365,0.0
TXNRD1 (ENSG00000198431),4366,0.0
BFAR (ENSG00000103429),4367,0.0
BEX5 (ENSG00000184515),4368,0.0
TXNRD2 (ENSG00000184470),4369,0.0
BEX2 (ENSG00000133134),4370,0.0
BEX1 (ENSG00000133169),4371,0.0
BET1L (ENSG00000177951),4372,0.0
BET1 (ENSG00000105829),4373,0.0
BEST4 (ENSG00000142959),4374,0.0
BEST2 (ENSG00000039987),4375,0.0
BEST1 (ENSG00000167995),4376,0.0
TYRO3 (ENSG00000092445),4377,0.0
TYSND1 (ENSG00000156521),4378,0.0
TYW1 (ENSG00000198874),4379,0.0
BFSP1 (ENSG00000125864),4380,0.0
BIN2 (ENSG00000110934),4381,0.0
TXN2 (ENSG00000100348),4382,0.0
TXN (ENSG00000136810),4383,0.0
TTPAL (ENSG00000124120),4384,0.0
TTTY14 (ENSG00000176728),4385,0.0
TTTY15 (ENSG00000233864),4386,0.0
TTYH3 (ENSG00000136295),4387,0.0
TUBA1C (ENSG00000167553),4388,0.0
TUBA4A (ENSG00000127824),4389,0.0
TUBB2A (ENSG00000137267),4390,0.0
BMP2K (ENSG00000138756),4391,0.0
TUBB2B (ENSG00000137285),4392,0.0
TUBG1 (ENSG00000131462),4393,0.0
TUBGCP6 (ENSG00000128159),4394,0.0
TUFM (ENSG00000178952),4395,0.0
TUFT1 (ENSG00000143367),4396,0.0
BLVRA (ENSG00000106605),4397,0.0
TUG1 (ENSG00000253352),4398,0.0
TULP4 (ENSG00000130338),4399,0.0
TUNAR (ENSG00000250366),4400,0.0
BLOC1S3 (ENSG00000189114),4401,0.0
BLOC1S2 (ENSG00000196072),4402,0.0
BLOC1S1 (ENSG00000135441),4403,0.0
TUSC2 (ENSG00000114383),4404,0.0
TVP23A (ENSG00000166676),4405,0.0
BLM (ENSG00000197299),4406,0.0
TWF2 (ENSG00000247596),4407,0.0
TWISTNB (ENSG00000105849),4408,0.0
TXLNA (ENSG00000084652),4409,0.0
TXLNG (ENSG00000086712),4410,0.0
BIRC6 (ENSG00000115760),4411,0.0
BIRC5 (ENSG00000089685),4412,0.0
TTN-AS1 (ENSG00000237298),4413,0.0
UBR5-AS1 (ENSG00000246263),4414,0.0
UBR7 (ENSG00000012963),4415,0.0
UBTD1 (ENSG00000165886),4416,0.0
ATF1 (ENSG00000123268),4417,0.0
USP1 (ENSG00000162607),4418,0.0
ATE1 (ENSG00000107669),4419,0.0
ATCAY (ENSG00000167654),4420,0.0
USP10 (ENSG00000103194),4421,0.0
ATAD3C (ENSG00000215915),4422,0.0
ATAD3B (ENSG00000160072),4423,0.0
ATAD3A (ENSG00000197785),4424,0.0
ATAD2B (ENSG00000119778),4425,0.0
USP12 (ENSG00000152484),4426,0.0
USP13 (ENSG00000058056),4427,0.0
USP14 (ENSG00000101557),4428,0.0
ASXL2 (ENSG00000143970),4429,0.0
USO1 (ENSG00000138768),4430,0.0
USP15 (ENSG00000135655),4431,0.0
ASTN2 (ENSG00000148219),4432,0.0
ASTE1 (ENSG00000034533),4433,0.0
ASS1 (ENSG00000130707),4434,0.0
ASRGL1 (ENSG00000162174),4435,0.0
USP16 (ENSG00000156256),4436,0.0
ASPM (ENSG00000066279),4437,0.0
ASPHD2 (ENSG00000128203),4438,0.0
ASPHD1 (ENSG00000174939),4439,0.0
USP2-AS1 (ENSG00000245248),4440,0.0
USP22 (ENSG00000124422),4441,0.0
ASNSD1 (ENSG00000138381),4442,0.0
ASNS (ENSG00000070669),4443,0.0
ASNA1 (ENSG00000198356),4444,0.0
ASUN (ENSG00000064102),4445,0.0
USMG5 (ENSG00000173915),4446,0.0
ATF4 (ENSG00000128272),4447,0.0
USHBP1 (ENSG00000130307),4448,0.0
ATMIN (ENSG00000166454),4449,0.0
ATM (ENSG00000149311),4450,0.0
ATL3 (ENSG00000184743),4451,0.0
ATL2 (ENSG00000119787),4452,0.0
UQCRHL (ENSG00000233954),4453,0.0
ATIC (ENSG00000138363),4454,0.0
UQCRQ (ENSG00000164405),4455,0.0
URB1 (ENSG00000142207),4456,0.0
ATG9A (ENSG00000198925),4457,0.0
URB2 (ENSG00000135763),4458,0.0
ATG5 (ENSG00000057663),4459,0.0
ATG4D (ENSG00000130734),4460,0.0
ATG4C (ENSG00000125703),4461,0.0
URI1 (ENSG00000105176),4462,0.0
URM1 (ENSG00000167118),4463,0.0
ATG3 (ENSG00000144848),4464,0.0
UROD (ENSG00000126088),4465,0.0
USB1 (ENSG00000103005),4466,0.0
ATG16L1 (ENSG00000085978),4467,0.0
ATG14 (ENSG00000126775),4468,0.0
ATG13 (ENSG00000175224),4469,0.0
ATG12 (ENSG00000145782),4470,0.0
ATG101 (ENSG00000123395),4471,0.0
ATG10 (ENSG00000152348),4472,0.0
USF1 (ENSG00000158773),4473,0.0
ATF7IP (ENSG00000171681),4474,0.0
ATF7 (ENSG00000170653),4475,0.0
USF2 (ENSG00000105698),4476,0.0
USF3 (ENSG00000176542),4477,0.0
ASMTL (ENSG00000169093),4478,0.0
UQCRH (ENSG00000173660),4479,0.0
ASL (ENSG00000126522),4480,0.0
USP25 (ENSG00000155313),4481,0.0
ARSK (ENSG00000164291),4482,0.0
UST (ENSG00000111962),4483,0.0
UTF1 (ENSG00000171794),4484,0.0
UTP11L (ENSG00000183520),4485,0.0
UTP14A (ENSG00000156697),4486,0.0
ARSB (ENSG00000113273),4487,0.0
UTP14C (ENSG00000253797),4488,0.0
UTP15 (ENSG00000164338),4489,0.0
ARRDC3-AS1 (ENSG00000281357),4490,0.0
UTP18 (ENSG00000011260),4491,0.0
ARRDC2 (ENSG00000105643),4492,0.0
ARRDC1-AS1 (ENSG00000203993),4493,0.0
UTP20 (ENSG00000120800),4494,0.0
USP9Y (ENSG00000114374),4495,0.0
ARRB2 (ENSG00000141480),4496,0.0
UTP3 (ENSG00000132467),4497,0.0
UTP4 (ENSG00000141076),4498,0.0
ARPC5L (ENSG00000136950),4499,0.0
UTP6 (ENSG00000108651),4500,0.0
ARPC4 (ENSG00000241553),4501,0.0
ARPC3 (ENSG00000111229),4502,0.0
ARPC2 (ENSG00000163466),4503,0.0
UTRN (ENSG00000152818),4504,0.0
UVRAG (ENSG00000198382),4505,0.0
ARNTL2 (ENSG00000029153),4506,0.0
ARNTL (ENSG00000133794),4507,0.0
UXS1 (ENSG00000115652),4508,0.0
UXT (ENSG00000126756),4509,0.0
UTP23 (ENSG00000147679),4510,0.0
USP9X (ENSG00000124486),4511,0.0
ART5 (ENSG00000167311),4512,0.0
ARTN (ENSG00000117407),4513,0.0
USP27X-AS1 (ENSG00000234390),4514,0.0
ASIC2 (ENSG00000108684),4515,0.0
USP28 (ENSG00000048028),4516,0.0
ASH2L (ENSG00000129691),4517,0.0
ASH1L-AS1 (ENSG00000235919),4518,0.0
USP31 (ENSG00000103404),4519,0.0
USP32 (ENSG00000170832),4520,0.0
USP33 (ENSG00000077254),4521,0.0
USP34 (ENSG00000115464),4522,0.0
ASF1A (ENSG00000111875),4523,0.0
USP35 (ENSG00000118369),4524,0.0
USP36 (ENSG00000055483),4525,0.0
USP37 (ENSG00000135913),4526,0.0
ASCC3 (ENSG00000112249),4527,0.0
USP39 (ENSG00000168883),4528,0.0
USP43 (ENSG00000154914),4529,0.0
USP44 (ENSG00000136014),4530,0.0
ASB7 (ENSG00000183475),4531,0.0
ASB6 (ENSG00000148331),4532,0.0
USP45 (ENSG00000123552),4533,0.0
USP46 (ENSG00000109189),4534,0.0
ASB2 (ENSG00000100628),4535,0.0
USP48 (ENSG00000090686),4536,0.0
ASB1 (ENSG00000065802),4537,0.0
USP49 (ENSG00000164663),4538,0.0
USP5 (ENSG00000111667),4539,0.0
USP7 (ENSG00000187555),4540,0.0
USP8 (ENSG00000138592),4541,0.0
ARV1 (ENSG00000173409),4542,0.0
USP24 (ENSG00000162402),4543,0.0
BTBD10 (ENSG00000148925),4544,0.0
UQCRFS1 (ENSG00000169021),4545,0.0
UQCR11 (ENSG00000127540),4546,0.0
ATXN7L3 (ENSG00000087152),4547,0.0
UFM1 (ENSG00000120686),4548,0.0
ATXN7L1 (ENSG00000146776),4549,0.0
ATXN7 (ENSG00000163635),4550,0.0
ATXN3 (ENSG00000066427),4551,0.0
ATXN2L (ENSG00000168488),4552,0.0
UFSP1 (ENSG00000176125),4553,0.0
ATXN1L (ENSG00000224470),4554,0.0
UGCG (ENSG00000148154),4555,0.0
UGDH (ENSG00000109814),4556,0.0
UGGT1 (ENSG00000136731),4557,0.0
UGP2 (ENSG00000169764),4558,0.0
UGT3A1 (ENSG00000145626),4559,0.0
ATXN7L3B (ENSG00000253719),4560,0.0
ATR (ENSG00000175054),4561,0.0
ATPAF2 (ENSG00000171953),4562,0.0
ATPAF1 (ENSG00000123472),4563,0.0
UGT3A2 (ENSG00000168671),4564,0.0
ATP9A (ENSG00000054793),4565,0.0
UGT8 (ENSG00000174607),4566,0.0
UHMK1 (ENSG00000152332),4567,0.0
ATP8B2 (ENSG00000143515),4568,0.0
UHRF1BP1 (ENSG00000065060),4569,0.0
ATP8A2 (ENSG00000132932),4570,0.0
ATP8A1 (ENSG00000124406),4571,0.0
UHRF2 (ENSG00000147854),4572,0.0
UIMC1 (ENSG00000087206),4573,0.0
ULK1 (ENSG00000177169),4574,0.0
ATPIF1 (ENSG00000130770),4575,0.0
AUH (ENSG00000148090),4576,0.0
AUNIP (ENSG00000127423),4577,0.0
UFD1L (ENSG00000070010),4578,0.0
B3GAT1 (ENSG00000109956),4579,0.0
UBTD2 (ENSG00000168246),4580,0.0
B3GALT5-AS1 (ENSG00000184809),4581,0.0
B3GALT5 (ENSG00000183778),4582,0.0
B3GALT4 (ENSG00000235863),4583,0.0
UBTF (ENSG00000108312),4584,0.0
B3GALT1 (ENSG00000172318),4585,0.0
UBXN2B (ENSG00000215114),4586,0.0
UBXN4 (ENSG00000144224),4587,0.0
UBXN7 (ENSG00000163960),4588,0.0
UBXN8 (ENSG00000104691),4589,0.0
UCHL1 (ENSG00000154277),4590,0.0
UCHL3 (ENSG00000118939),4591,0.0
AZIN1 (ENSG00000155096),4592,0.0
UCHL5 (ENSG00000116750),4593,0.0
UCK1 (ENSG00000130717),4594,0.0
UCK2 (ENSG00000143179),4595,0.0
UCKL1 (ENSG00000198276),4596,0.0
AXIN1 (ENSG00000103126),4597,0.0
UCMA (ENSG00000165623),4598,0.0
AVPI1 (ENSG00000119986),4599,0.0
UCP2 (ENSG00000175567),4600,0.0
AVL9 (ENSG00000105778),4601,0.0
UEVLD (ENSG00000151116),4602,0.0
AVEN (ENSG00000169857),4603,0.0
AUTS2 (ENSG00000158321),4604,0.0
AURKC (ENSG00000105146),4605,0.0
AURKAIP1 (ENSG00000175756),4606,0.0
AURKA (ENSG00000087586),4607,0.0
ULK4 (ENSG00000168038),4608,0.0
UQCRB (ENSG00000156467),4609,0.0
ATP6V1G1 (ENSG00000136888),4610,0.0
UMPS (ENSG00000114491),4611,0.0
UNKL (ENSG00000059145),4612,0.0
ATP5D (ENSG00000099624),4613,0.0
ATP5C1 (ENSG00000165629),4614,0.0
ATP5B (ENSG00000110955),4615,0.0
ATP5A1 (ENSG00000152234),4616,0.0
UNQ6494 (ENSG00000237372),4617,0.0
ATP2C1 (ENSG00000017260),4618,0.0
UPF1 (ENSG00000005007),4619,0.0
UPF3A (ENSG00000169062),4620,0.0
ATP2A3 (ENSG00000074370),4621,0.0
ATP2A2 (ENSG00000174437),4622,0.0
ATP2A1-AS1 (ENSG00000260442),4623,0.0
UPF3B (ENSG00000125351),4624,0.0
ATP5EP2 (ENSG00000180389),4625,0.0
ATP1B3 (ENSG00000069849),4626,0.0
UPK1A-AS1 (ENSG00000226510),4627,0.0
UPP1 (ENSG00000183696),4628,0.0
UPRT (ENSG00000094841),4629,0.0
ATP1A1 (ENSG00000163399),4630,0.0
UQCC1 (ENSG00000101019),4631,0.0
ATP13A3 (ENSG00000133657),4632,0.0
ATP13A2 (ENSG00000159363),4633,0.0
ATP13A1 (ENSG00000105726),4634,0.0
ATP11C (ENSG00000101974),4635,0.0
UQCC2 (ENSG00000137288),4636,0.0
UQCC3 (ENSG00000204922),4637,0.0
UQCR10 (ENSG00000184076),4638,0.0
ATOX1 (ENSG00000177556),4639,0.0
UPK1A (ENSG00000105668),4640,0.0
ATP5F1 (ENSG00000116459),4641,0.0
ATP5G1 (ENSG00000159199),4642,0.0
UNK (ENSG00000132478),4643,0.0
ATP6V1E1 (ENSG00000131100),4644,0.0
ATP6V1D (ENSG00000100554),4645,0.0
UNC119B (ENSG00000175970),4646,0.0
ATP6V1C1 (ENSG00000155097),4647,0.0
UNC13A (ENSG00000130477),4648,0.0
UNC13B (ENSG00000198722),4649,0.0
ATP6V1A (ENSG00000114573),4650,0.0
UNC13D (ENSG00000092929),4651,0.0
UNC50 (ENSG00000115446),4652,0.0
ATP6V0E1 (ENSG00000113732),4653,0.0
UNC5A (ENSG00000113763),4654,0.0
UNC5B-AS1 (ENSG00000237512),4655,0.0
UNC5D (ENSG00000156687),4656,0.0
ATP6V0B (ENSG00000117410),4657,0.0
ATP6V0A4 (ENSG00000105929),4658,0.0
ATP6V0A2 (ENSG00000185344),4659,0.0
ATP6AP2 (ENSG00000182220),4660,0.0
UNC93B1 (ENSG00000110057),4661,0.0
UNG (ENSG00000076248),4662,0.0
ATP5SL (ENSG00000105341),4663,0.0
ATP5S (ENSG00000125375),4664,0.0
ATP5O (ENSG00000241837),4665,0.0
ATP5L2 (ENSG00000249222),4666,0.0
ATP5L (ENSG00000167283),4667,0.0
ATP5J2 (ENSG00000241468),4668,0.0
ATP5J (ENSG00000154723),4669,0.0
ATP5I (ENSG00000169020),4670,0.0
ATP5H (ENSG00000167863),4671,0.0
ATP5G3 (ENSG00000154518),4672,0.0
ATP6V1F (ENSG00000128524),4673,0.0
ARMT1 (ENSG00000146476),4674,0.0
BTBD11 (ENSG00000151136),4675,0.0
TSPYL5 (ENSG00000180543),4676,0.0
TMX4 (ENSG00000125827),4677,0.0
C9orf163 (ENSG00000196366),4678,0.0
C9orf16 (ENSG00000171159),4679,0.0
TNFAIP8 (ENSG00000145779),4680,0.0
TNFRSF10A (ENSG00000104689),4681,0.0
C9orf135 (ENSG00000204711),4682,0.0
C9orf129 (ENSG00000204352),4683,0.0
C9orf116 (ENSG00000160345),4684,0.0
C9orf114 (ENSG00000198917),4685,0.0
TNFRSF11A (ENSG00000141655),4686,0.0
C8orf88 (ENSG00000253250),4687,0.0
C8orf82 (ENSG00000213563),4688,0.0
C8orf76 (ENSG00000189376),4689,0.0
TMX3 (ENSG00000166479),4690,0.0
C8orf59 (ENSG00000176731),4691,0.0
TNFRSF18 (ENSG00000186891),4692,0.0
TNFRSF21 (ENSG00000146072),4693,0.0
TNFRSF25 (ENSG00000215788),4694,0.0
TNFRSF8 (ENSG00000120949),4695,0.0
TNFSF11 (ENSG00000120659),4696,0.0
TNIK (ENSG00000154310),4697,0.0
TNIP2 (ENSG00000168884),4698,0.0
C8orf34-AS1 (ENSG00000248801),4699,0.0
TNK1 (ENSG00000174292),4700,0.0
C7orf73 (ENSG00000243317),4701,0.0
TNKS1BP1 (ENSG00000149115),4702,0.0
TNKS2 (ENSG00000107854),4703,0.0
C7orf55 (ENSG00000164898),4704,0.0
TNFRSF12A (ENSG00000006327),4705,0.0
TNMD (ENSG00000000005),4706,0.0
TMX2 (ENSG00000213593),4707,0.0
SAP25 (ENSG00000205307),4708,0.0
CABLES1 (ENSG00000134508),4709,0.0
CABIN1 (ENSG00000099991),4710,0.0
TMEM92 (ENSG00000167105),4711,0.0
CAB39 (ENSG00000135932),4712,0.0
CAAP1 (ENSG00000120159),4713,0.0
TMEM94 (ENSG00000177728),4714,0.0
TMEM97 (ENSG00000109084),4715,0.0
TMEM99 (ENSG00000167920),4716,0.0
CA5B (ENSG00000169239),4717,0.0
TMIE (ENSG00000181585),4718,0.0
TMOD3 (ENSG00000138594),4719,0.0
TMPO (ENSG00000120802),4720,0.0
TMPO-AS1 (ENSG00000257167),4721,0.0
C9orf40 (ENSG00000135045),4722,0.0
CA13 (ENSG00000185015),4723,0.0
CA11 (ENSG00000063180),4724,0.0
TMPRSS3 (ENSG00000160183),4725,0.0
TMSB4X (ENSG00000205542),4726,0.0
TMSB4Y (ENSG00000154620),4727,0.0
TMTC1 (ENSG00000133687),4728,0.0
C9orf85 (ENSG00000155621),4729,0.0
C9orf78 (ENSG00000136819),4730,0.0
C9orf72 (ENSG00000147894),4731,0.0
C9orf69 (ENSG00000238227),4732,0.0
C9orf66 (ENSG00000183784),4733,0.0
TMTC3 (ENSG00000139324),4734,0.0
TMUB1 (ENSG00000164897),4735,0.0
C9orf43 (ENSG00000157653),4736,0.0
TMPRSS2 (ENSG00000184012),4737,0.0
TNN (ENSG00000120332),4738,0.0
C7orf43 (ENSG00000146826),4739,0.0
TNNC2 (ENSG00000101470),4740,0.0
TOMM40L (ENSG00000158882),4741,0.0
C5orf22 (ENSG00000082213),4742,0.0
TOMM5 (ENSG00000175768),4743,0.0
TOMM7 (ENSG00000196683),4744,0.0
TOMM70A (ENSG00000154174),4745,0.0
TONSL (ENSG00000160949),4746,0.0
TOP1 (ENSG00000198900),4747,0.0
C4orf46 (ENSG00000205208),4748,0.0
TOP1MT (ENSG00000184428),4749,0.0
C4orf36 (ENSG00000163633),4750,0.0
C4orf32 (ENSG00000174749),4751,0.0
C4orf3 (ENSG00000164096),4752,0.0
C4orf27 (ENSG00000056050),4753,0.0
TOMM40 (ENSG00000130204),4754,0.0
TOP2B (ENSG00000077097),4755,0.0
TOPORS (ENSG00000197579),4756,0.0
TOPORS-AS1 (ENSG00000235453),4757,0.0
TOR1A (ENSG00000136827),4758,0.0
C3orf67 (ENSG00000163689),4759,0.0
TOR1AIP2 (ENSG00000169905),4760,0.0
TOR1B (ENSG00000136816),4761,0.0
C3orf52 (ENSG00000114529),4762,0.0
C3orf38 (ENSG00000179021),4763,0.0
TOR3A (ENSG00000186283),4764,0.0
C3orf17 (ENSG00000163608),4765,0.0
C3orf14 (ENSG00000114405),4766,0.0
TOX4 (ENSG00000092203),4767,0.0
TP53 (ENSG00000141510),4768,0.0
TOPBP1 (ENSG00000163781),4769,0.0
TOMM22 (ENSG00000100216),4770,0.0
C5orf38 (ENSG00000186493),4771,0.0
TOMM20 (ENSG00000173726),4772,0.0
TNNI3 (ENSG00000129991),4773,0.0
C7orf25 (ENSG00000136197),4774,0.0
TNNT1 (ENSG00000105048),4775,0.0
C6orf99 (ENSG00000203711),4776,0.0
TNPO1 (ENSG00000083312),4777,0.0
C6orf62 (ENSG00000112308),4778,0.0
TNPO2 (ENSG00000105576),4779,0.0
TNPO3 (ENSG00000064419),4780,0.0
TNRC6A (ENSG00000090905),4781,0.0
C6orf47 (ENSG00000204439),4782,0.0
C6orf3 (ENSG00000255389),4783,0.0
C6orf226 (ENSG00000221821),4784,0.0
C6orf203 (ENSG00000130349),4785,0.0
C6orf163 (ENSG00000203872),4786,0.0
C6orf141 (ENSG00000197261),4787,0.0
C6orf136 (ENSG00000204564),4788,0.0
C6orf132 (ENSG00000188112),4789,0.0
C6orf120 (ENSG00000185127),4790,0.0
TNRC6B (ENSG00000100354),4791,0.0
C6orf106 (ENSG00000196821),4792,0.0
TNRC6C (ENSG00000078687),4793,0.0
TNXB (ENSG00000168477),4794,0.0
TOB2 (ENSG00000183864),4795,0.0
C5orf63 (ENSG00000164241),4796,0.0
TOE1 (ENSG00000132773),4797,0.0
C5orf51 (ENSG00000205765),4798,0.0
TOLLIP-AS1 (ENSG00000255153),4799,0.0
C5orf47 (ENSG00000185056),4800,0.0
TOM1L1 (ENSG00000141198),4801,0.0
CABLES2 (ENSG00000149679),4802,0.0
TMEM8A (ENSG00000129925),4803,0.0
CABYR (ENSG00000154040),4804,0.0
TMEM87B (ENSG00000153214),4805,0.0
CARD11 (ENSG00000198286),4806,0.0
CARD10 (ENSG00000100065),4807,0.0
CAPZB (ENSG00000077549),4808,0.0
CAPZA2 (ENSG00000198898),4809,0.0
CAPZA1 (ENSG00000116489),4810,0.0
TMEM216 (ENSG00000187049),4811,0.0
TMEM217 (ENSG00000172738),4812,0.0
CAPRIN2 (ENSG00000110888),4813,0.0
TMEM220 (ENSG00000187824),4814,0.0
CAPNS1 (ENSG00000126247),4815,0.0
TMEM220-AS1 (ENSG00000263400),4816,0.0
TMEM223 (ENSG00000168569),4817,0.0
TMEM230 (ENSG00000089063),4818,0.0
TMEM208 (ENSG00000168701),4819,0.0
CAPN5 (ENSG00000149260),4820,0.0
TMEM240 (ENSG00000205090),4821,0.0
CAPN15 (ENSG00000103326),4822,0.0
CAPN12 (ENSG00000182472),4823,0.0
CAPN11 (ENSG00000137225),4824,0.0
TMEM241 (ENSG00000134490),4825,0.0
CAPN10 (ENSG00000142330),4826,0.0
CAPN1 (ENSG00000014216),4827,0.0
CAPG (ENSG00000042493),4828,0.0
TMEM242 (ENSG00000215712),4829,0.0
CAP1 (ENSG00000131236),4830,0.0
CANX (ENSG00000127022),4831,0.0
TMEM243 (ENSG00000135185),4832,0.0
TMEM245 (ENSG00000106771),4833,0.0
TMEM237 (ENSG00000155755),4834,0.0
CARD8 (ENSG00000105483),4835,0.0
TMEM205 (ENSG00000105518),4836,0.0
CARD9 (ENSG00000187796),4837,0.0
CASQ1 (ENSG00000143318),4838,0.0
CASP9 (ENSG00000132906),4839,0.0
TMEM184A (ENSG00000164855),4840,0.0
TMEM184B (ENSG00000198792),4841,0.0
TMEM184C (ENSG00000164168),4842,0.0
CASP3 (ENSG00000164305),4843,0.0
CASP10 (ENSG00000003400),4844,0.0
TMEM189 (ENSG00000240849),4845,0.0
CASKIN2 (ENSG00000177303),4846,0.0
CASKIN1 (ENSG00000167971),4847,0.0
TMEM19 (ENSG00000139291),4848,0.0
CASD1 (ENSG00000127995),4849,0.0
TMEM191B (ENSG00000278558),4850,0.0
CASC5 (ENSG00000137812),4851,0.0
CASC4 (ENSG00000166734),4852,0.0
CASC3 (ENSG00000108349),4853,0.0
TMEM191C (ENSG00000206140),4854,0.0
TMEM192 (ENSG00000170088),4855,0.0
CASC10 (ENSG00000204682),4856,0.0
TMEM199 (ENSG00000244045),4857,0.0
TMEM2 (ENSG00000135048),4858,0.0
CARS2 (ENSG00000134905),4859,0.0
CARS (ENSG00000110619),4860,0.0
CARNMT1 (ENSG00000156017),4861,0.0
TMEM201 (ENSG00000188807),4862,0.0
CARM1 (ENSG00000142453),4863,0.0
CARKD (ENSG00000213995),4864,0.0
CARHSP1 (ENSG00000153048),4865,0.0
TMEM203 (ENSG00000187713),4866,0.0
TMEM248 (ENSG00000106609),4867,0.0
TP53BP1 (ENSG00000067369),4868,0.0
TMEM251 (ENSG00000153485),4869,0.0
CAMSAP3 (ENSG00000076826),4870,0.0
TMEM53 (ENSG00000126106),4871,0.0
TMEM55A (ENSG00000155099),4872,0.0
CADM2 (ENSG00000175161),4873,0.0
CAD (ENSG00000084774),4874,0.0
CACYBP (ENSG00000116161),4875,0.0
CACUL1 (ENSG00000151893),4876,0.0
TMEM56-RWDD3 (ENSG00000271092),4877,0.0
CACNG8 (ENSG00000142408),4878,0.0
CACNG7 (ENSG00000105605),4879,0.0
CACNG6 (ENSG00000130433),4880,0.0
TMEM57 (ENSG00000204178),4881,0.0
TMEM60 (ENSG00000135211),4882,0.0
TMEM61 (ENSG00000143001),4883,0.0
TMEM52 (ENSG00000178821),4884,0.0
TMEM62 (ENSG00000137842),4885,0.0
TMEM64 (ENSG00000180694),4886,0.0
CACNA2D4 (ENSG00000151062),4887,0.0
CACNA2D3 (ENSG00000157445),4888,0.0
TMEM69 (ENSG00000159596),4889,0.0
CACNA2D1 (ENSG00000153956),4890,0.0
TMEM70 (ENSG00000175606),4891,0.0
CACNA1F (ENSG00000102001),4892,0.0
TMEM81 (ENSG00000174529),4893,0.0
TMEM82 (ENSG00000162460),4894,0.0
CACNA1C-AS2 (ENSG00000256271),4895,0.0
TMEM86A (ENSG00000151117),4896,0.0
CACNA1A (ENSG00000141837),4897,0.0
CACHD1 (ENSG00000158966),4898,0.0
TMEM63B (ENSG00000137216),4899,0.0
CADPS2 (ENSG00000081803),4900,0.0
TMEM50A (ENSG00000183726),4901,0.0
CALB2 (ENSG00000172137),4902,0.0
CAMSAP2 (ENSG00000118200),4903,0.0
CAMSAP1 (ENSG00000130559),4904,0.0
TMEM253 (ENSG00000232070),4905,0.0
CAMKV (ENSG00000164076),4906,0.0
CAMKMT (ENSG00000143919),4907,0.0
CAMKK2 (ENSG00000110931),4908,0.0
TMEM254 (ENSG00000133678),4909,0.0
CAMK4 (ENSG00000152495),4910,0.0
CAMK2N2 (ENSG00000163888),4911,0.0
TMEM254-AS1 (ENSG00000230091),4912,0.0
TMEM255B (ENSG00000184497),4913,0.0
TMEM256 (ENSG00000205544),4914,0.0
TMEM256-PLSCR3 (ENSG00000187838),4915,0.0
TMEM258 (ENSG00000134825),4916,0.0
TMEM26 (ENSG00000196932),4917,0.0
TMEM261 (ENSG00000137038),4918,0.0
CALR (ENSG00000179218),4919,0.0
CALN1 (ENSG00000183166),4920,0.0
TMEM30B (ENSG00000182107),4921,0.0
TMEM33 (ENSG00000109133),4922,0.0
CALM2 (ENSG00000143933),4923,0.0
CALM1 (ENSG00000198668),4924,0.0
TMEM37 (ENSG00000171227),4925,0.0
TMEM39A (ENSG00000176142),4926,0.0
TMEM39B (ENSG00000121775),4927,0.0
CALCR (ENSG00000004948),4928,0.0
TMEM41B (ENSG00000166471),4929,0.0
TMEM42 (ENSG00000169964),4930,0.0
CALCB (ENSG00000175868),4931,0.0
CAMTA1 (ENSG00000171735),4932,0.0
TP53BP2 (ENSG00000143514),4933,0.0
TP53I11 (ENSG00000175274),4934,0.0
C2orf80 (ENSG00000188674),4935,0.0
C14orf28 (ENSG00000179476),4936,0.0
C14orf2 (ENSG00000156411),4937,0.0
C14orf169 (ENSG00000170468),4938,0.0
C14orf166 (ENSG00000087302),4939,0.0
C14orf159 (ENSG00000133943),4940,0.0
C14orf142 (ENSG00000170270),4941,0.0
TRMT10C (ENSG00000174173),4942,0.0
C14orf119 (ENSG00000179933),4943,0.0
TRMT112 (ENSG00000173113),4944,0.0
C14orf1 (ENSG00000133935),4945,0.0
TRMT12 (ENSG00000183665),4946,0.0
C12orf75 (ENSG00000235162),4947,0.0
C12orf73 (ENSG00000204954),4948,0.0
C14orf37 (ENSG00000139971),4949,0.0
C12orf66 (ENSG00000174206),4950,0.0
C12orf60 (ENSG00000182993),4951,0.0
C12orf57 (ENSG00000111678),4952,0.0
C12orf56 (ENSG00000185306),4953,0.0
TRMT2B (ENSG00000188917),4954,0.0
C12orf49 (ENSG00000111412),4955,0.0
C12orf45 (ENSG00000151131),4956,0.0
C12orf43 (ENSG00000157895),4957,0.0
C12orf29 (ENSG00000133641),4958,0.0
C12orf10 (ENSG00000139637),4959,0.0
C11orf98 (ENSG00000278615),4960,0.0
C11orf96 (ENSG00000187479),4961,0.0
C11orf95 (ENSG00000188070),4962,0.0
TRMT5 (ENSG00000126814),4963,0.0
TRMT1L (ENSG00000121486),4964,0.0
TRMT1 (ENSG00000104907),4965,0.0
TRIT1 (ENSG00000043514),4966,0.0
TRIP6 (ENSG00000087077),4967,0.0
C17orf64 (ENSG00000141371),4968,0.0
C17orf58 (ENSG00000186665),4969,0.0
TRIM45 (ENSG00000134253),4970,0.0
TRIM46 (ENSG00000163462),4971,0.0
TRIM54 (ENSG00000138100),4972,0.0
TRIM58 (ENSG00000162722),4973,0.0
TRIM59 (ENSG00000213186),4974,0.0
TRIM6 (ENSG00000121236),4975,0.0
TRIM61 (ENSG00000183439),4976,0.0
C16orf91 (ENSG00000174109),4977,0.0
C16orf89 (ENSG00000153446),4978,0.0
C16orf87 (ENSG00000155330),4979,0.0
TRIM65 (ENSG00000141569),4980,0.0
C16orf72 (ENSG00000182831),4981,0.0
C16orf70 (ENSG00000125149),4982,0.0
C16orf62 (ENSG00000103544),4983,0.0
C16orf59 (ENSG00000162062),4984,0.0
TRIM71 (ENSG00000206557),4985,0.0
C16orf52 (ENSG00000185716),4986,0.0
C16orf45 (ENSG00000166780),4987,0.0
C16orf13 (ENSG00000130731),4988,0.0
TRIML2 (ENSG00000179046),4989,0.0
TRIOBP (ENSG00000100106),4990,0.0
C15orf59-AS1 (ENSG00000260469),4991,0.0
TRIP10 (ENSG00000125733),4992,0.0
TRIP11 (ENSG00000100815),4993,0.0
TRIP12 (ENSG00000153827),4994,0.0
C15orf40 (ENSG00000169609),4995,0.0
TRIP13 (ENSG00000071539),4996,0.0
TRMT6 (ENSG00000089195),4997,0.0
C17orf67 (ENSG00000214226),4998,0.0
C11orf86 (ENSG00000173237),4999,0.0
C11orf80 (ENSG00000173715),5000,0.0
BYSL (ENSG00000112578),5001,0.0
TSC22D1-AS1 (ENSG00000278156),5002,0.0
TSC22D2 (ENSG00000196428),5003,0.0
BUD31 (ENSG00000106245),5004,0.0
BUB3 (ENSG00000154473),5005,0.0
BUB1B (ENSG00000156970),5006,0.0
BUB1 (ENSG00000169679),5007,0.0
BTRC (ENSG00000166167),5008,0.0
BTNL8 (ENSG00000113303),5009,0.0
TSEN54 (ENSG00000182173),5010,0.0
TSFM (ENSG00000123297),5011,0.0
TSGA10IP (ENSG00000175513),5012,0.0
TSN (ENSG00000211460),5013,0.0
TSC1 (ENSG00000165699),5014,0.0
TSNARE1 (ENSG00000171045),5015,0.0
TSPAN13 (ENSG00000106537),5016,0.0
TSPAN17 (ENSG00000048140),5017,0.0
TSPAN2 (ENSG00000134198),5018,0.0
BTF3L4 (ENSG00000134717),5019,0.0
BTF3 (ENSG00000145741),5020,0.0
BTD (ENSG00000169814),5021,0.0
TSPAN33 (ENSG00000158457),5022,0.0
TSPAN5 (ENSG00000168785),5023,0.0
TSPAN6 (ENSG00000000003),5024,0.0
BTBD7 (ENSG00000011114),5025,0.0
TSPAN9 (ENSG00000011105),5026,0.0
TSPYL1 (ENSG00000189241),5027,0.0
BTBD2 (ENSG00000133243),5028,0.0
TSNAX (ENSG00000116918),5029,0.0
TSACC (ENSG00000163467),5030,0.0
BZW1 (ENSG00000082153),5031,0.0
TRUB2 (ENSG00000167112),5032,0.0
TRMT61A (ENSG00000166166),5033,0.0
C11orf73 (ENSG00000149196),5034,0.0
TRMT61B (ENSG00000171103),5035,0.0
TRMU (ENSG00000100416),5036,0.0
C11orf68 (ENSG00000175573),5037,0.0
TRNAU1AP (ENSG00000180098),5038,0.0
C11orf58 (ENSG00000110696),5039,0.0
C11orf57 (ENSG00000150776),5040,0.0
TRNP1 (ENSG00000253368),5041,0.0
TRNT1 (ENSG00000072756),5042,0.0
TROAP (ENSG00000135451),5043,0.0
C11orf31 (ENSG00000211450),5044,0.0
C11orf24 (ENSG00000171067),5045,0.0
C11orf1 (ENSG00000137720),5046,0.0
C10orf95 (ENSG00000120055),5047,0.0
C10orf82 (ENSG00000165863),5048,0.0
C10orf76 (ENSG00000120029),5049,0.0
TRPC4 (ENSG00000133107),5050,0.0
C10orf35 (ENSG00000171224),5051,0.0
TRPM4 (ENSG00000130529),5052,0.0
C10orf2 (ENSG00000107815),5053,0.0
C10orf131 (ENSG00000173088),5054,0.0
TRPM7 (ENSG00000092439),5055,0.0
TRPM8 (ENSG00000144481),5056,0.0
TRPT1 (ENSG00000149743),5057,0.0
TRPV2 (ENSG00000187688),5058,0.0
TRPV3 (ENSG00000167723),5059,0.0
C10orf105 (ENSG00000214688),5060,0.0
TRRAP (ENSG00000196367),5061,0.0
C11orf84 (ENSG00000168005),5062,0.0
TSR1 (ENSG00000167721),5063,0.0
C17orf75 (ENSG00000108666),5064,0.0
C17orf89 (ENSG00000224877),5065,0.0
C20orf27 (ENSG00000101220),5066,0.0
C20orf24 (ENSG00000101084),5067,0.0
TRABD2A (ENSG00000186854),5068,0.0
C20orf196 (ENSG00000171984),5069,0.0
TRAF2 (ENSG00000127191),5070,0.0
TRAF3IP1 (ENSG00000204104),5071,0.0
TRAF3IP2-AS1 (ENSG00000231889),5072,0.0
TRAF4 (ENSG00000076604),5073,0.0
TRAF5 (ENSG00000082512),5074,0.0
C1orf94 (ENSG00000142698),5075,0.0
C1orf74 (ENSG00000162757),5076,0.0
TRAF6 (ENSG00000175104),5077,0.0
TRAF7 (ENSG00000131653),5078,0.0
TRABD (ENSG00000170638),5079,0.0
TRAIP (ENSG00000183763),5080,0.0
C1orf52 (ENSG00000162642),5081,0.0
C1orf50 (ENSG00000164008),5082,0.0
TRAK1 (ENSG00000182606),5083,0.0
C1orf35 (ENSG00000143793),5084,0.0
TRAK2 (ENSG00000115993),5085,0.0
C1orf233 (ENSG00000228594),5086,0.0
TRAM2 (ENSG00000065308),5087,0.0
TRANK1 (ENSG00000168016),5088,0.0
C1orf226 (ENSG00000239887),5089,0.0
TRAPPC1 (ENSG00000170043),5090,0.0
C1orf210 (ENSG00000253313),5091,0.0
C1orf21 (ENSG00000116667),5092,0.0
TRAPPC10 (ENSG00000160218),5093,0.0
C1orf53 (ENSG00000203724),5094,0.0
TRA2B (ENSG00000136527),5095,0.0
TRA2A (ENSG00000164548),5096,0.0
TPT1 (ENSG00000133112),5097,0.0
C2orf76 (ENSG00000186132),5098,0.0
C2orf74 (ENSG00000237651),5099,0.0
TP53I3 (ENSG00000115129),5100,0.0
TP53RK (ENSG00000172315),5101,0.0
C2orf69 (ENSG00000178074),5102,0.0
C2orf68 (ENSG00000168887),5103,0.0
TPD52 (ENSG00000076554),5104,0.0
TPD52L2 (ENSG00000101150),5105,0.0
C2orf49 (ENSG00000135974),5106,0.0
C2orf47 (ENSG00000162972),5107,0.0
TPM1 (ENSG00000140416),5108,0.0
C2orf15 (ENSG00000273045),5109,0.0
C2CD5 (ENSG00000111731),5110,0.0
C2CD4D (ENSG00000225556),5111,0.0
TPM3 (ENSG00000143549),5112,0.0
C2CD4B (ENSG00000205502),5113,0.0
TPMT (ENSG00000137364),5114,0.0
TPP2 (ENSG00000134900),5115,0.0
C2CD2 (ENSG00000157617),5116,0.0
C22orf46 (ENSG00000184208),5117,0.0
C22orf39 (ENSG00000242259),5118,0.0
TPR (ENSG00000047410),5119,0.0
TPRA1 (ENSG00000163870),5120,0.0
TPRG1L (ENSG00000158109),5121,0.0
C21orf91 (ENSG00000154642),5122,0.0
TPRKB (ENSG00000144034),5123,0.0
TPRN (ENSG00000176058),5124,0.0
C21orf59 (ENSG00000159079),5125,0.0
TPST2 (ENSG00000128294),5126,0.0
TRAPPC11 (ENSG00000168538),5127,0.0
TRIM44 (ENSG00000166326),5128,0.0
TRAPPC12 (ENSG00000171853),5129,0.0
TRAPPC13 (ENSG00000113597),5130,0.0
C19orf81 (ENSG00000235034),5131,0.0
C19orf73 (ENSG00000221916),5132,0.0
TRIM13 (ENSG00000204977),5133,0.0
C19orf68 (ENSG00000185453),5134,0.0
TRIM14 (ENSG00000106785),5135,0.0
TRIM2 (ENSG00000109654),5136,0.0
C19orf60 (ENSG00000006015),5137,0.0
TRIM22 (ENSG00000132274),5138,0.0
C19orf53 (ENSG00000104979),5139,0.0
C19orf52 (ENSG00000142444),5140,0.0
C19orf48 (ENSG00000167747),5141,0.0
C19orf47 (ENSG00000160392),5142,0.0
TRIM24 (ENSG00000122779),5143,0.0
C19orf84 (ENSG00000262874),5144,0.0
TRIM25 (ENSG00000121060),5145,0.0
C19orf33 (ENSG00000167644),5146,0.0
C19orf25 (ENSG00000119559),5147,0.0
C19orf24 (ENSG00000228300),5148,0.0
TRIM27 (ENSG00000204713),5149,0.0
TRIM28 (ENSG00000130726),5150,0.0
C18orf8 (ENSG00000141452),5151,0.0
TRIM33 (ENSG00000197323),5152,0.0
C18orf54 (ENSG00000166845),5153,0.0
TRIM36 (ENSG00000152503),5154,0.0
C18orf25 (ENSG00000152242),5155,0.0
C18orf21 (ENSG00000141428),5156,0.0
TRIM37 (ENSG00000108395),5157,0.0
TRIM39 (ENSG00000204599),5158,0.0
TRIM26 (ENSG00000234127),5159,0.0
C1D (ENSG00000197223),5160,0.0
C1GALT1 (ENSG00000106392),5161,0.0
C1GALT1C1 (ENSG00000171155),5162,0.0
C1orf167 (ENSG00000215910),5163,0.0
TRAPPC2 (ENSG00000196459),5164,0.0
TRAPPC2L (ENSG00000167515),5165,0.0
TRAPPC2P1 (ENSG00000256060),5166,0.0
TRAPPC3 (ENSG00000054116),5167,0.0
TRAPPC4 (ENSG00000196655),5168,0.0
C1orf131 (ENSG00000143633),5169,0.0
C1orf122 (ENSG00000197982),5170,0.0
C1orf116 (ENSG00000182795),5171,0.0
C1orf115 (ENSG00000162817),5172,0.0
C1orf112 (ENSG00000000460),5173,0.0
C1orf109 (ENSG00000116922),5174,0.0
C1orf106 (ENSG00000163362),5175,0.0
TRAPPC5 (ENSG00000181029),5176,0.0
TRAPPC6B (ENSG00000182400),5177,0.0
TRAPPC8 (ENSG00000153339),5178,0.0
TRBC2 (ENSG00000211772),5179,0.0
TRDMT1 (ENSG00000107614),5180,0.0
TRDN (ENSG00000186439),5181,0.0
C1QTNF9B-AS1 (ENSG00000205861),5182,0.0
TREM2 (ENSG00000095970),5183,0.0
TRERF1 (ENSG00000124496),5184,0.0
TRG-AS1 (ENSG00000281103),5185,0.0
TRGC1 (ENSG00000211689),5186,0.0
TRIAP1 (ENSG00000170855),5187,0.0
TRIB1 (ENSG00000173334),5188,0.0
TRIM11 (ENSG00000154370),5189,0.0
C1QL1 (ENSG00000131094),5190,0.0
C1QBP (ENSG00000108561),5191,0.0
TRAPPC12-AS1 (ENSG00000225234),5192,0.0
TMEM183A (ENSG00000163444),5193,0.0
VAC14 (ENSG00000103043),5194,0.0
VAMP4 (ENSG00000117533),5195,0.0
ACVR2A (ENSG00000121989),5196,0.0
ACVR1C (ENSG00000123612),5197,0.0
ZNF419 (ENSG00000105136),5198,0.0
ZNF423 (ENSG00000102935),5199,0.0
ACTRT3 (ENSG00000184378),5200,0.0
ACTR8 (ENSG00000113812),5201,0.0
ACTR6 (ENSG00000075089),5202,0.0
ACTR5 (ENSG00000101442),5203,0.0
ACTR3C (ENSG00000106526),5204,0.0
ACTR3B (ENSG00000133627),5205,0.0
ACTR3 (ENSG00000115091),5206,0.0
ACTR2 (ENSG00000138071),5207,0.0
ZNF425 (ENSG00000204947),5208,0.0
ACVR2B (ENSG00000114739),5209,0.0
ZNF426 (ENSG00000130818),5210,0.0
ACTN3 (ENSG00000248746),5211,0.0
ACTN2 (ENSG00000077522),5212,0.0
ACTN1 (ENSG00000072110),5213,0.0
ACTL8 (ENSG00000117148),5214,0.0
ACTL6B (ENSG00000077080),5215,0.0
ACTL6A (ENSG00000136518),5216,0.0
ZNF431 (ENSG00000196705),5217,0.0
ACTC1 (ENSG00000159251),5218,0.0
ZNF445 (ENSG00000185219),5219,0.0
ZNF449 (ENSG00000173275),5220,0.0
ACTA1 (ENSG00000143632),5221,0.0
ACSS3 (ENSG00000111058),5222,0.0
ZNF45 (ENSG00000124459),5223,0.0
ACTN4 (ENSG00000130402),5224,0.0
ZNF451 (ENSG00000112200),5225,0.0
ZNF418 (ENSG00000196724),5226,0.0
ZNF416 (ENSG00000083817),5227,0.0
ZNF3 (ENSG00000166526),5228,0.0
ZNF30 (ENSG00000168661),5229,0.0
ZNF304 (ENSG00000131845),5230,0.0
ZNF311 (ENSG00000197935),5231,0.0
ZNF317 (ENSG00000130803),5232,0.0
ZNF319 (ENSG00000166188),5233,0.0
ADAMTS19 (ENSG00000145808),5234,0.0
ZNF320 (ENSG00000182986),5235,0.0
ZNF322 (ENSG00000181315),5236,0.0
ADAMTS16 (ENSG00000145536),5237,0.0
ZNF326 (ENSG00000162664),5238,0.0
ZNF331 (ENSG00000130844),5239,0.0
ZNF337-AS1 (ENSG00000213742),5240,0.0
ACY1 (ENSG00000243989),5241,0.0
ZNF33A (ENSG00000189180),5242,0.0
ZNF341 (ENSG00000131061),5243,0.0
ZNF347 (ENSG00000197937),5244,0.0
ADAM23 (ENSG00000114948),5245,0.0
ADAM22 (ENSG00000008277),5246,0.0
ADAM20P1 (ENSG00000259158),5247,0.0
ZNF35 (ENSG00000169981),5248,0.0
ZNF384 (ENSG00000126746),5249,0.0
ZNF385C (ENSG00000187595),5250,0.0
ADAM11 (ENSG00000073670),5251,0.0
ADAM10 (ENSG00000137845),5252,0.0
ZNF394 (ENSG00000160908),5253,0.0
ZNF397 (ENSG00000186812),5254,0.0
ZNF398 (ENSG00000197024),5255,0.0
ZNF33B (ENSG00000196693),5256,0.0
ZNF461 (ENSG00000197808),5257,0.0
ACSM1 (ENSG00000166743),5258,0.0
ACSL6 (ENSG00000164398),5259,0.0
ACD (ENSG00000102977),5260,0.0
ZNF514 (ENSG00000144026),5261,0.0
ACBD7 (ENSG00000176244),5262,0.0
ACBD6 (ENSG00000230124),5263,0.0
ZNF518A (ENSG00000177853),5264,0.0
ZNF519 (ENSG00000175322),5265,0.0
ACBD3 (ENSG00000182827),5266,0.0
ACAT2 (ENSG00000120437),5267,0.0
ACAT1 (ENSG00000075239),5268,0.0
ZNF525 (ENSG00000203326),5269,0.0
ACAP2 (ENSG00000114331),5270,0.0
ACAP1 (ENSG00000072818),5271,0.0
ZNF526 (ENSG00000167625),5272,0.0
ACER3 (ENSG00000078124),5273,0.0
ACADSB (ENSG00000196177),5274,0.0
ZNF532 (ENSG00000074657),5275,0.0
ACAD8 (ENSG00000151498),5276,0.0
ZNF543 (ENSG00000178229),5277,0.0
ACACB (ENSG00000076555),5278,0.0
ACACA (ENSG00000278540),5279,0.0
ACAA2 (ENSG00000167315),5280,0.0
ZNF546 (ENSG00000187187),5281,0.0
ZNF547 (ENSG00000152433),5282,0.0
ZNF550 (ENSG00000251369),5283,0.0
ZNF551 (ENSG00000204519),5284,0.0
ZNF552 (ENSG00000178935),5285,0.0
AC144652.1 (ENSG00000273117),5286,0.0
AC144450.2 (ENSG00000203635),5287,0.0
ACADM (ENSG00000117054),5288,0.0
ACHE (ENSG00000087085),5289,0.0
ACIN1 (ENSG00000100813),5290,0.0
ZNF513 (ENSG00000163795),5291,0.0
ACSL4 (ENSG00000068366),5292,0.0
ACSL3 (ENSG00000123983),5293,0.0
ZNF462 (ENSG00000148143),5294,0.0
ZNF48 (ENSG00000180035),5295,0.0
ACRC (ENSG00000147174),5296,0.0
ZNF480 (ENSG00000198464),5297,0.0
ZNF483 (ENSG00000173258),5298,0.0
ACP6 (ENSG00000162836),5299,0.0
ACP5 (ENSG00000102575),5300,0.0
ZNF484 (ENSG00000127081),5301,0.0
ACP1 (ENSG00000143727),5302,0.0
ACOXL (ENSG00000153093),5303,0.0
ZNF485 (ENSG00000198298),5304,0.0
ACOX2 (ENSG00000168306),5305,0.0
ZNF486 (ENSG00000256229),5306,0.0
ACOT9 (ENSG00000123130),5307,0.0
ACOT8 (ENSG00000101473),5308,0.0
ACOT7 (ENSG00000097021),5309,0.0
ACOT4 (ENSG00000177465),5310,0.0
ZNF488 (ENSG00000265763),5311,0.0
ACOT13 (ENSG00000112304),5312,0.0
ACOT12 (ENSG00000172497),5313,0.0
ZNF496 (ENSG00000162714),5314,0.0
ZNF501 (ENSG00000186446),5315,0.0
ZNF502 (ENSG00000196653),5316,0.0
ZNF507 (ENSG00000168813),5317,0.0
ACLY (ENSG00000131473),5318,0.0
ZNF510 (ENSG00000081386),5319,0.0
ZNF511 (ENSG00000198546),5320,0.0
ZNF296 (ENSG00000170684),5321,0.0
ZNF292 (ENSG00000188994),5322,0.0
ZNF287 (ENSG00000141040),5323,0.0
ZNF286B (ENSG00000249459),5324,0.0
AGA (ENSG00000038002),5325,0.0
AFP (ENSG00000081051),5326,0.0
AFMID (ENSG00000183077),5327,0.0
AFG3L2 (ENSG00000141385),5328,0.0
ZNF106 (ENSG00000103994),5329,0.0
ZNF107 (ENSG00000196247),5330,0.0
ZNF114 (ENSG00000178150),5331,0.0
AFF1 (ENSG00000172493),5332,0.0
ZNF12 (ENSG00000164631),5333,0.0
ZNF121 (ENSG00000197961),5334,0.0
ZNF132 (ENSG00000131849),5335,0.0
ZNF133 (ENSG00000125846),5336,0.0
ZNF134 (ENSG00000213762),5337,0.0
AGAP1 (ENSG00000157985),5338,0.0
AF131216.5 (ENSG00000255020),5339,0.0
ZNF140 (ENSG00000196387),5340,0.0
ZNF142 (ENSG00000115568),5341,0.0
ZNF143 (ENSG00000166478),5342,0.0
AEN (ENSG00000181026),5343,0.0
AEBP2 (ENSG00000139154),5344,0.0
ZNF146 (ENSG00000167635),5345,0.0
ZNF155 (ENSG00000204920),5346,0.0
ADSS (ENSG00000035687),5347,0.0
ADSL (ENSG00000239900),5348,0.0
ADRM1 (ENSG00000130706),5349,0.0
ADRBK2 (ENSG00000100077),5350,0.0
ADRBK1 (ENSG00000173020),5351,0.0
ZNF169 (ENSG00000175787),5352,0.0
AF131216.1 (ENSG00000280273),5353,0.0
ZNF101 (ENSG00000181896),5354,0.0
ZNF100 (ENSG00000197020),5355,0.0
AGAP4 (ENSG00000188234),5356,0.0
ZKSCAN3 (ENSG00000189298),5357,0.0
ZKSCAN5 (ENSG00000196652),5358,0.0
AGTPBP1 (ENSG00000135049),5359,0.0
ZKSCAN8 (ENSG00000198315),5360,0.0
ZMAT2 (ENSG00000146007),5361,0.0
AGPS (ENSG00000018510),5362,0.0
AGPAT5 (ENSG00000155189),5363,0.0
ZMAT4 (ENSG00000165061),5364,0.0
ZMIZ2 (ENSG00000122515),5365,0.0
ZMPSTE24 (ENSG00000084073),5366,0.0
AGPAT1 (ENSG00000204310),5367,0.0
AGO3 (ENSG00000126070),5368,0.0
AGO2 (ENSG00000123908),5369,0.0
AGO1 (ENSG00000092847),5370,0.0
AGMO (ENSG00000187546),5371,0.0
AGMAT (ENSG00000116771),5372,0.0
AGL (ENSG00000162688),5373,0.0
ZMYM1 (ENSG00000197056),5374,0.0
AGFG2 (ENSG00000106351),5375,0.0
AGFG1 (ENSG00000173744),5376,0.0
ZMYM3 (ENSG00000147130),5377,0.0
ZMYM4 (ENSG00000146463),5378,0.0
ZMYM5 (ENSG00000132950),5379,0.0
ZMYND12 (ENSG00000066185),5380,0.0
ZMYND15 (ENSG00000141497),5381,0.0
ZMYND19 (ENSG00000165724),5382,0.0
AGAP9 (ENSG00000204172),5383,0.0
ZMYND8 (ENSG00000101040),5384,0.0
AGAP5 (ENSG00000172650),5385,0.0
ADRA2C (ENSG00000184160),5386,0.0
ZNF560 (ENSG00000198028),5387,0.0
ADRA2B (ENSG00000274286),5388,0.0
ZNF175 (ENSG00000105497),5389,0.0
ZNF232 (ENSG00000167840),5390,0.0
ZNF233 (ENSG00000159915),5391,0.0
ADGRA3 (ENSG00000152990),5392,0.0
ZNF234 (ENSG00000263002),5393,0.0
ZNF235 (ENSG00000159917),5394,0.0
ZNF239 (ENSG00000196793),5395,0.0
ADD2 (ENSG00000075340),5396,0.0
ZNF253 (ENSG00000256771),5397,0.0
ADCYAP1R1 (ENSG00000078549),5398,0.0
ZNF26 (ENSG00000198393),5399,0.0
ZNF260 (ENSG00000254004),5400,0.0
ZNF264 (ENSG00000083844),5401,0.0
ZNF267 (ENSG00000185947),5402,0.0
ZNF227 (ENSG00000131115),5403,0.0
ADCY5 (ENSG00000173175),5404,0.0
ADCY2 (ENSG00000078295),5405,0.0
ADCY1 (ENSG00000164742),5406,0.0
ZNF273 (ENSG00000198039),5407,0.0
ADCK2 (ENSG00000133597),5408,0.0
ZNF280B (ENSG00000275004),5409,0.0
ADAT2 (ENSG00000189007),5410,0.0
ADAT1 (ENSG00000065457),5411,0.0
ZNF280D (ENSG00000137871),5412,0.0
ZNF281 (ENSG00000162702),5413,0.0
ADAR (ENSG00000160710),5414,0.0
ZNF282 (ENSG00000170265),5415,0.0
ADAP1 (ENSG00000105963),5416,0.0
ZNF283 (ENSG00000167637),5417,0.0
ADCY3 (ENSG00000138031),5418,0.0
ZNF225 (ENSG00000256294),5419,0.0
ZNF223 (ENSG00000178386),5420,0.0
ADGRE2 (ENSG00000127507),5421,0.0
ZNF181 (ENSG00000197841),5422,0.0
ADPRH (ENSG00000144843),5423,0.0
ZNF182 (ENSG00000147118),5424,0.0
ZNF185 (ENSG00000147394),5425,0.0
ZNF189 (ENSG00000136870),5426,0.0
ADO (ENSG00000181915),5427,0.0
ADNP2 (ENSG00000101544),5428,0.0
ADNP-AS1 (ENSG00000259456),5429,0.0
ADNP (ENSG00000101126),5430,0.0
ZNF195 (ENSG00000005801),5431,0.0
ADM2 (ENSG00000128165),5432,0.0
ADM (ENSG00000148926),5433,0.0
ZNF20 (ENSG00000132010),5434,0.0
ZNF200 (ENSG00000010539),5435,0.0
ZNF202 (ENSG00000166261),5436,0.0
ADIPOR1 (ENSG00000159346),5437,0.0
ADI1 (ENSG00000182551),5438,0.0
ZNF207 (ENSG00000010244),5439,0.0
ADH5 (ENSG00000197894),5440,0.0
ADGRV1 (ENSG00000164199),5441,0.0
ZNF211 (ENSG00000121417),5442,0.0
ADGRL2 (ENSG00000117114),5443,0.0
ADGRL1 (ENSG00000072071),5444,0.0
ZNF212 (ENSG00000170260),5445,0.0
ADGRG5 (ENSG00000159618),5446,0.0
ADGRG3 (ENSG00000182885),5447,0.0
ADGRG2 (ENSG00000173698),5448,0.0
ZNF215 (ENSG00000149054),5449,0.0
ZNF217 (ENSG00000171940),5450,0.0
ZNF174 (ENSG00000103343),5451,0.0
ZNF561 (ENSG00000171469),5452,0.0
AC142119.1 (ENSG00000236989),5453,0.0
ZNF562 (ENSG00000171466),5454,0.0
ZNF816-ZNF321P (ENSG00000221874),5455,0.0
ZNF827 (ENSG00000151612),5456,0.0
AC003075.4 (ENSG00000237773),5457,0.0
AC002550.6 (ENSG00000276571),5458,0.0
AC002467.7 (ENSG00000241764),5459,0.0
AC002456.2 (ENSG00000223969),5460,0.0
AC002116.7 (ENSG00000267698),5461,0.0
AC000068.5 (ENSG00000185065),5462,0.0
ABT1 (ENSG00000146109),5463,0.0
ABRACL (ENSG00000146386),5464,0.0
ZNF845 (ENSG00000213799),5465,0.0
ZNF85 (ENSG00000105750),5466,0.0
ZNF850 (ENSG00000267041),5467,0.0
ZNF814 (ENSG00000204514),5468,0.0
ZNF852 (ENSG00000178917),5469,0.0
ABL2 (ENSG00000143322),5470,0.0
ABL1 (ENSG00000097007),5471,0.0
ZNF860 (ENSG00000197385),5472,0.0
ABI3 (ENSG00000108798),5473,0.0
ABI2 (ENSG00000138443),5474,0.0
ABI1 (ENSG00000136754),5475,0.0
ABHD5 (ENSG00000011198),5476,0.0
ZNF878 (ENSG00000257446),5477,0.0
ZNF880 (ENSG00000221923),5478,0.0
ZNF883 (ENSG00000228623),5479,0.0
ABHD17C (ENSG00000136379),5480,0.0
ABHD17B (ENSG00000107362),5481,0.0
ZNF891 (ENSG00000214029),5482,0.0
ABLIM1 (ENSG00000099204),5483,0.0
ZNF813 (ENSG00000198346),5484,0.0
ZNF81 (ENSG00000197779),5485,0.0
ZNF808 (ENSG00000198482),5486,0.0
AC007255.8 (ENSG00000223813),5487,0.0
ZNF766 (ENSG00000196214),5488,0.0
ZNF770 (ENSG00000198146),5489,0.0
ZNF771 (ENSG00000179965),5490,0.0
ZNF775 (ENSG00000196456),5491,0.0
AC006273.4 (ENSG00000272473),5492,0.0
ZNF777 (ENSG00000196453),5493,0.0
ZNF778 (ENSG00000170100),5494,0.0
ZNF780A (ENSG00000197782),5495,0.0
AC005754.8 (ENSG00000272108),5496,0.0
AC005618.6 (ENSG00000272070),5497,0.0
ZNF780B (ENSG00000128000),5498,0.0
AC005609.20 (ENSG00000278946),5499,0.0
ZNF782 (ENSG00000196597),5500,0.0
AC005592.1 (ENSG00000236714),5501,0.0
AC005523.3 (ENSG00000268536),5502,0.0
AC005523.2 (ENSG00000269604),5503,0.0
AC005498.3 (ENSG00000267421),5504,0.0
ZNF786 (ENSG00000197362),5505,0.0
ZNF787 (ENSG00000142409),5506,0.0
AC005307.1 (ENSG00000260725),5507,0.0
AC005253.2 (ENSG00000268030),5508,0.0
AC005152.3 (ENSG00000228639),5509,0.0
AC005076.5 (ENSG00000224046),5510,0.0
ZNF788 (ENSG00000214189),5511,0.0
ZNF79 (ENSG00000196152),5512,0.0
AC004854.4 (ENSG00000234183),5513,0.0
ZNF790-AS1 (ENSG00000267254),5514,0.0
ZNF8 (ENSG00000278129),5515,0.0
ZNF90 (ENSG00000213988),5516,0.0
ZNF761 (ENSG00000160336),5517,0.0
ZNF92 (ENSG00000146757),5518,0.0
ZNFX1 (ENSG00000124201),5519,0.0
ZSWIM1 (ENSG00000168612),5520,0.0
ZSWIM3 (ENSG00000132801),5521,0.0
ZSWIM4 (ENSG00000132003),5522,0.0
ABCA1 (ENSG00000165029),5523,0.0
ZSWIM7 (ENSG00000214941),5524,0.0
AATF (ENSG00000275700),5525,0.0
AASS (ENSG00000008311),5526,0.0
AASDHPPT (ENSG00000149313),5527,0.0
AASDH (ENSG00000157426),5528,0.0
ZUFSP (ENSG00000153975),5529,0.0
AARS2 (ENSG00000124608),5530,0.0
AARS (ENSG00000090861),5531,0.0
AARD (ENSG00000205002),5532,0.0
ZSCAN5A (ENSG00000131848),5533,0.0
ZW10 (ENSG00000086827),5534,0.0
AAMP (ENSG00000127837),5535,0.0
AAMDC (ENSG00000087884),5536,0.0
ZWINT (ENSG00000122952),5537,0.0
AAGAB (ENSG00000103591),5538,0.0
AAED1 (ENSG00000158122),5539,0.0
ZXDB (ENSG00000198455),5540,0.0
AACS (ENSG00000081760),5541,0.0
ZXDC (ENSG00000070476),5542,0.0
A4GALT (ENSG00000128274),5543,0.0
A2ML1 (ENSG00000166535),5544,0.0
ZYG11A (ENSG00000203995),5545,0.0
ZYG11B (ENSG00000162378),5546,0.0
ZYX (ENSG00000159840),5547,0.0
ZWILCH (ENSG00000174442),5548,0.0
ZSCAN32 (ENSG00000140987),5549,0.0
ZSCAN31 (ENSG00000235109),5550,0.0
ZSCAN30 (ENSG00000186814),5551,0.0
ZNHIT1 (ENSG00000106400),5552,0.0
ZNHIT2 (ENSG00000174276),5553,0.0
ABHD12 (ENSG00000100997),5554,0.0
ZNHIT3 (ENSG00000273611),5555,0.0
ZNHIT6 (ENSG00000117174),5556,0.0
ABHD1 (ENSG00000143994),5557,0.0
ZNRF1 (ENSG00000186187),5558,0.0
ZNRF2 (ENSG00000180233),5559,0.0
ZPR1 (ENSG00000109917),5560,0.0
ABCF2 (ENSG00000033050),5561,0.0
ABCF1 (ENSG00000204574),5562,0.0
ABCE1 (ENSG00000164163),5563,0.0
ZRANB1 (ENSG00000019995),5564,0.0
ABCD3 (ENSG00000117528),5565,0.0
ABCD1 (ENSG00000101986),5566,0.0
ZRANB2 (ENSG00000132485),5567,0.0
ZRANB3 (ENSG00000121988),5568,0.0
ABCC5 (ENSG00000114770),5569,0.0
ABCC3 (ENSG00000108846),5570,0.0
ABCC2 (ENSG00000023839),5571,0.0
ABCC10 (ENSG00000124574),5572,0.0
ABCC1 (ENSG00000103222),5573,0.0
ZSCAN10 (ENSG00000130182),5574,0.0
ZSCAN16 (ENSG00000196812),5575,0.0
ABCB7 (ENSG00000131269),5576,0.0
ZSCAN2 (ENSG00000176371),5577,0.0
ZSCAN21 (ENSG00000166529),5578,0.0
ZSCAN25 (ENSG00000197037),5579,0.0
ZSCAN29 (ENSG00000140265),5580,0.0
ZNF93 (ENSG00000184635),5581,0.0
AGTRAP (ENSG00000177674),5582,0.0
AC007292.6 (ENSG00000267980),5583,0.0
ZNF75A (ENSG00000162086),5584,0.0
ZNF597 (ENSG00000167981),5585,0.0
AC093627.9 (ENSG00000242474),5586,0.0
AC093627.10 (ENSG00000240859),5587,0.0
ZNF598 (ENSG00000167962),5588,0.0
AC093390.1 (ENSG00000232057),5589,0.0
AC093375.1 (ENSG00000226383),5590,0.0
ZNF607 (ENSG00000198182),5591,0.0
AC092835.2 (ENSG00000233757),5592,0.0
AC092669.3 (ENSG00000232164),5593,0.0
ZNF609 (ENSG00000180357),5594,0.0
AC092614.2 (ENSG00000227542),5595,0.0
ZNF610 (ENSG00000167554),5596,0.0
ZNF613 (ENSG00000176024),5597,0.0
ZNF595 (ENSG00000272602),5598,0.0
ZNF614 (ENSG00000142556),5599,0.0
ZNF615 (ENSG00000197619),5600,0.0
ZNF616 (ENSG00000204611),5601,0.0
AC084809.2 (ENSG00000226377),5602,0.0
ZNF620 (ENSG00000177842),5603,0.0
AC083843.1 (ENSG00000259820),5604,0.0
AC079807.2 (ENSG00000233230),5605,0.0
ZNF622 (ENSG00000173545),5606,0.0
ZNF623 (ENSG00000183309),5607,0.0
AC079354.5 (ENSG00000231903),5608,0.0
ZNF625 (ENSG00000257591),5609,0.0
AC078941.1 (ENSG00000236780),5610,0.0
ZNF629 (ENSG00000102870),5611,0.0
ZNF638 (ENSG00000075292),5612,0.0
AC091493.2 (ENSG00000229271),5613,0.0
ZNF594 (ENSG00000180626),5614,0.0
AC093818.1 (ENSG00000225205),5615,0.0
AC093901.1 (ENSG00000226856),5616,0.0
ZNF567 (ENSG00000189042),5617,0.0
ZNF569 (ENSG00000196437),5618,0.0
AC138969.4 (ENSG00000183889),5619,0.0
AC137934.1 (ENSG00000260923),5620,0.0
ZNF57 (ENSG00000171970),5621,0.0
ZNF573 (ENSG00000189144),5622,0.0
ZNF574 (ENSG00000105732),5623,0.0
AC131097.4 (ENSG00000216921),5624,0.0
AC129492.6 (ENSG00000214999),5625,0.0
AC116614.1 (ENSG00000235688),5626,0.0
ZNF576 (ENSG00000124444),5627,0.0
AC113189.5 (ENSG00000233223),5628,0.0
AC109642.1 (ENSG00000235997),5629,0.0
ZNF581 (ENSG00000171425),5630,0.0
AC108448.3 (ENSG00000234791),5631,0.0
ZNF585B (ENSG00000245680),5632,0.0
ZNF586 (ENSG00000083828),5633,0.0
AC104667.3 (ENSG00000234949),5634,0.0
AC104655.3 (ENSG00000226508),5635,0.0
ZNF587 (ENSG00000198466),5636,0.0
ZNF587B (ENSG00000269343),5637,0.0
AC100830.3 (ENSG00000259635),5638,0.0
AC099850.1 (ENSG00000224738),5639,0.0
AC098973.2 (ENSG00000225548),5640,0.0
AC098820.4 (ENSG00000241520),5641,0.0
ZNF589 (ENSG00000164048),5642,0.0
ZNF592 (ENSG00000166716),5643,0.0
ZNF593 (ENSG00000142684),5644,0.0
AC096772.6 (ENSG00000244567),5645,0.0
AC074289.1 (ENSG00000225889),5646,0.0
ZNF75D (ENSG00000186376),5647,0.0
ZNF639 (ENSG00000121864),5648,0.0
ZNF649 (ENSG00000198093),5649,0.0
AC010884.1 (ENSG00000224509),5650,0.0
AC010883.5 (ENSG00000234936),5651,0.0
AC010761.8 (ENSG00000264577),5652,0.0
ZNF706 (ENSG00000120963),5653,0.0
ZNF708 (ENSG00000182141),5654,0.0
ZNF710 (ENSG00000140548),5655,0.0
ZNF714 (ENSG00000160352),5656,0.0
AC009961.3 (ENSG00000226266),5657,0.0
AC009948.5 (ENSG00000223960),5658,0.0
ZNF717 (ENSG00000227124),5659,0.0
AC009410.1 (ENSG00000232023),5660,0.0
AC009404.2 (ENSG00000236255),5661,0.0
AC009403.2 (ENSG00000216895),5662,0.0
ZNF697 (ENSG00000143067),5663,0.0
AC009299.3 (ENSG00000227403),5664,0.0
ZNF720 (ENSG00000197302),5665,0.0
AC009120.11 (ENSG00000275236),5666,0.0
AC009065.4 (ENSG00000279473),5667,0.0
ZNF724P (ENSG00000196081),5668,0.0
ZNF726 (ENSG00000213967),5669,0.0
ZNF730 (ENSG00000183850),5670,0.0
ZNF732 (ENSG00000186777),5671,0.0
ZNF738 (ENSG00000172687),5672,0.0
AC007773.2 (ENSG00000267213),5673,0.0
AC007405.6 (ENSG00000239467),5674,0.0
AC007405.4 (ENSG00000234350),5675,0.0
ZNF740 (ENSG00000139651),5676,0.0
ZNF749 (ENSG00000186230),5677,0.0
ZNF718 (ENSG00000250312),5678,0.0
AC011997.1 (ENSG00000222017),5679,0.0
ZNF696 (ENSG00000185730),5680,0.0
AC012354.6 (ENSG00000225156),5681,0.0
ZNF652 (ENSG00000198740),5682,0.0
ZNF655 (ENSG00000197343),5683,0.0
AC069277.2 (ENSG00000189229),5684,0.0
ZNF66 (ENSG00000160229),5685,0.0
ZNF660 (ENSG00000144792),5686,0.0
ZNF667 (ENSG00000198046),5687,0.0
ZNF667-AS1 (ENSG00000166770),5688,0.0
ZNF668 (ENSG00000167394),5689,0.0
AC053503.4 (ENSG00000229525),5690,0.0
ZNF670 (ENSG00000277462),5691,0.0
AC034243.1 (ENSG00000253404),5692,0.0
ZNF670-ZNF695 (ENSG00000135747),5693,0.0
ZNF671 (ENSG00000083814),5694,0.0
ZNF674 (ENSG00000251192),5695,0.0
ZNF674-AS1 (ENSG00000230844),5696,0.0
ZNF675 (ENSG00000197372),5697,0.0
ZNF677 (ENSG00000197928),5698,0.0
ZNF678 (ENSG00000181450),5699,0.0
ZNF680 (ENSG00000173041),5700,0.0
AC018890.6 (ENSG00000236449),5701,0.0
ZNF681 (ENSG00000196172),5702,0.0
ZNF682 (ENSG00000197124),5703,0.0
AC016700.5 (ENSG00000231327),5704,0.0
ZNF684 (ENSG00000117010),5705,0.0
ZNF687 (ENSG00000143373),5706,0.0
ZNF689 (ENSG00000156853),5707,0.0
ZNF69 (ENSG00000198429),5708,0.0
ZNF691 (ENSG00000164011),5709,0.0
ZNF695 (ENSG00000197472),5710,0.0
ZNF646 (ENSG00000167395),5711,0.0
VAMP1 (ENSG00000139190),5712,0.0
AHCTF1 (ENSG00000153207),5713,0.0
AHCYL1 (ENSG00000168710),5714,0.0
WDR45B (ENSG00000141580),5715,0.0
WDR46 (ENSG00000227057),5716,0.0
WDR48 (ENSG00000114742),5717,0.0
WDR5 (ENSG00000196363),5718,0.0
WDR53 (ENSG00000185798),5719,0.0
WDR55 (ENSG00000120314),5720,0.0
WDR59 (ENSG00000103091),5721,0.0
APITD1 (ENSG00000175279),5722,0.0
APIP (ENSG00000149089),5723,0.0
WDR61 (ENSG00000140395),5724,0.0
WDR62 (ENSG00000075702),5725,0.0
APEX2 (ENSG00000169188),5726,0.0
APEX1 (ENSG00000100823),5727,0.0
WDR44 (ENSG00000131725),5728,0.0
APELA (ENSG00000248329),5729,0.0
APCDD1L (ENSG00000198768),5730,0.0
WDR7 (ENSG00000091157),5731,0.0
WDR72 (ENSG00000166415),5732,0.0
WDR74 (ENSG00000133316),5733,0.0
APBB2 (ENSG00000163697),5734,0.0
WDR75 (ENSG00000115368),5735,0.0
WDR76 (ENSG00000092470),5736,0.0
WDR77 (ENSG00000116455),5737,0.0
APAF1 (ENSG00000120868),5738,0.0
WDR83OS (ENSG00000105583),5739,0.0
WDR89 (ENSG00000140006),5740,0.0
AP5M1 (ENSG00000053770),5741,0.0
WDR92 (ENSG00000243667),5742,0.0
APEH (ENSG00000164062),5743,0.0
AP4S1 (ENSG00000100478),5744,0.0
WDR43 (ENSG00000163811),5745,0.0
WDR37 (ENSG00000047056),5746,0.0
AQP11 (ENSG00000178301),5747,0.0
WBSCR17 (ENSG00000185274),5748,0.0
WBSCR22 (ENSG00000071462),5749,0.0
APTX (ENSG00000137074),5750,0.0
WBSCR27 (ENSG00000165171),5751,0.0
APRT (ENSG00000198931),5752,0.0
WDFY1 (ENSG00000085449),5753,0.0
APPL1 (ENSG00000157500),5754,0.0
WDFY2 (ENSG00000139668),5755,0.0
WDFY3 (ENSG00000163625),5756,0.0
APOPT1 (ENSG00000256053),5757,0.0
APOOL (ENSG00000155008),5758,0.0
APOO (ENSG00000184831),5759,0.0
WDR4 (ENSG00000160193),5760,0.0
WDHD1 (ENSG00000198554),5761,0.0
WDR1 (ENSG00000071127),5762,0.0
WDR12 (ENSG00000138442),5763,0.0
WDR20 (ENSG00000140153),5764,0.0
APOE (ENSG00000130203),5765,0.0
WDR26 (ENSG00000162923),5766,0.0
WDR3 (ENSG00000065183),5767,0.0
APOC1 (ENSG00000130208),5768,0.0
APOBEC3H (ENSG00000100298),5769,0.0
WDR35 (ENSG00000118965),5770,0.0
APOBEC3D (ENSG00000243811),5771,0.0
APOBEC3C (ENSG00000244509),5772,0.0
APOBEC3B (ENSG00000179750),5773,0.0
WDR36 (ENSG00000134987),5774,0.0
WDPCP (ENSG00000143951),5775,0.0
AP4E1 (ENSG00000081014),5776,0.0
AP3S2 (ENSG00000157823),5777,0.0
AP3S1 (ENSG00000177879),5778,0.0
WWC3 (ENSG00000047644),5779,0.0
WWP1 (ENSG00000123124),5780,0.0
AP000688.29 (ENSG00000233393),5781,0.0
AP000569.9 (ENSG00000273102),5782,0.0
WWTR1-AS1 (ENSG00000241313),5783,0.0
AP000442.1 (ENSG00000255139),5784,0.0
AP000438.2 (ENSG00000257002),5785,0.0
XBP1 (ENSG00000100219),5786,0.0
XCL1 (ENSG00000143184),5787,0.0
XIAP (ENSG00000101966),5788,0.0
XKR4 (ENSG00000206579),5789,0.0
XKR6 (ENSG00000171044),5790,0.0
AP000251.3 (ENSG00000237594),5791,0.0
WWC2-AS2 (ENSG00000251359),5792,0.0
XKR8 (ENSG00000158156),5793,0.0
XKRX (ENSG00000182489),5794,0.0
AOC2 (ENSG00000131480),5795,0.0
ANXA9 (ENSG00000143412),5796,0.0
XPNPEP3 (ENSG00000196236),5797,0.0
XPO1 (ENSG00000082898),5798,0.0
ANXA7 (ENSG00000138279),5799,0.0
XPO4 (ENSG00000132953),5800,0.0
ANXA5 (ENSG00000164111),5801,0.0
XPO5 (ENSG00000124571),5802,0.0
XPO6 (ENSG00000169180),5803,0.0
ANXA2R (ENSG00000177721),5804,0.0
XPO7 (ENSG00000130227),5805,0.0
XPOT (ENSG00000184575),5806,0.0
XKR9 (ENSG00000221947),5807,0.0
WWC2 (ENSG00000151718),5808,0.0
WWC1 (ENSG00000113645),5809,0.0
AP001258.4 (ENSG00000245571),5810,0.0
WEE1 (ENSG00000166483),5811,0.0
AP3D1 (ENSG00000065000),5812,0.0
WFDC2 (ENSG00000101443),5813,0.0
AP3B1 (ENSG00000132842),5814,0.0
AP2S1 (ENSG00000042753),5815,0.0
AP2M1 (ENSG00000161203),5816,0.0
WIPF3 (ENSG00000122574),5817,0.0
AP2A1 (ENSG00000196961),5818,0.0
AP1S3 (ENSG00000152056),5819,0.0
AP1S2 (ENSG00000182287),5820,0.0
WIPI2 (ENSG00000157954),5821,0.0
AP1M2 (ENSG00000129354),5822,0.0
WIZ (ENSG00000011451),5823,0.0
AP1G2 (ENSG00000213983),5824,0.0
AP1G1 (ENSG00000166747),5825,0.0
AP1B1 (ENSG00000100280),5826,0.0
AP1AR (ENSG00000138660),5827,0.0
WNK1 (ENSG00000060237),5828,0.0
WNK2 (ENSG00000165238),5829,0.0
AP006216.10 (ENSG00000226645),5830,0.0
WNK3 (ENSG00000196632),5831,0.0
AP003774.1 (ENSG00000236935),5832,0.0
AP003068.23 (ENSG00000254614),5833,0.0
AP002856.5 (ENSG00000231698),5834,0.0
WRN (ENSG00000165392),5835,0.0
WRNIP1 (ENSG00000124535),5836,0.0
AP001462.6 (ENSG00000269038),5837,0.0
AP001412.1 (ENSG00000272948),5838,0.0
WSCD1 (ENSG00000179314),5839,0.0
WBSCR16 (ENSG00000274523),5840,0.0
WBP4 (ENSG00000120688),5841,0.0
WBP11 (ENSG00000084463),5842,0.0
AQR (ENSG00000021776),5843,0.0
ARL11 (ENSG00000152213),5844,0.0
VEPH1 (ENSG00000197415),5845,0.0
ARL1 (ENSG00000120805),5846,0.0
VGF (ENSG00000128564),5847,0.0
ARIH2 (ENSG00000177479),5848,0.0
ARIH1 (ENSG00000166233),5849,0.0
VGLL3 (ENSG00000206538),5850,0.0
VIMP (ENSG00000131871),5851,0.0
VIP (ENSG00000146469),5852,0.0
VIPR1 (ENSG00000114812),5853,0.0
ARID3B (ENSG00000179361),5854,0.0
VIPR2 (ENSG00000106018),5855,0.0
ARID2 (ENSG00000189079),5856,0.0
VENTX (ENSG00000151650),5857,0.0
ARID1B (ENSG00000049618),5858,0.0
ARHGEF9 (ENSG00000131089),5859,0.0
VKORC1L1 (ENSG00000196715),5860,0.0
VLDLR-AS1 (ENSG00000236404),5861,0.0
ARHGEF5 (ENSG00000050327),5862,0.0
VMA21 (ENSG00000160131),5863,0.0
VMP1 (ENSG00000062716),5864,0.0
ARHGEF39 (ENSG00000137135),5865,0.0
ARHGEF35 (ENSG00000213214),5866,0.0
ARHGEF33 (ENSG00000214694),5867,0.0
VOPP1 (ENSG00000154978),5868,0.0
VPRBP (ENSG00000145041),5869,0.0
ARHGEF26 (ENSG00000114790),5870,0.0
VPREB3 (ENSG00000128218),5871,0.0
ARID1A (ENSG00000117713),5872,0.0
ARL14EP (ENSG00000152219),5873,0.0
ARL15 (ENSG00000185305),5874,0.0
VDAC3 (ENSG00000078668),5875,0.0
VAMP7 (ENSG00000124333),5876,0.0
ARMCX2 (ENSG00000184867),5877,0.0
VAMP8 (ENSG00000118640),5878,0.0
ARMC8 (ENSG00000114098),5879,0.0
VAPB (ENSG00000124164),5880,0.0
ARMC6 (ENSG00000105676),5881,0.0
VARS (ENSG00000204394),5882,0.0
VARS2 (ENSG00000137411),5883,0.0
VASH2 (ENSG00000143494),5884,0.0
VASP (ENSG00000125753),5885,0.0
VAT1 (ENSG00000108828),5886,0.0
ARMC10 (ENSG00000170632),5887,0.0
ARMC1 (ENSG00000104442),5888,0.0
ARL8B (ENSG00000134108),5889,0.0
VAT1L (ENSG00000171724),5890,0.0
VAX1 (ENSG00000148704),5891,0.0
VBP1 (ENSG00000155959),5892,0.0
VCL (ENSG00000035403),5893,0.0
ARL6 (ENSG00000113966),5894,0.0
ARL5B (ENSG00000165997),5895,0.0
ARL5A (ENSG00000162980),5896,0.0
VCP (ENSG00000165280),5897,0.0
VCPIP1 (ENSG00000175073),5898,0.0
ARL4A (ENSG00000122644),5899,0.0
ARL3 (ENSG00000138175),5900,0.0
VCPKMT (ENSG00000100483),5901,0.0
ARL2 (ENSG00000213465),5902,0.0
VCX3A (ENSG00000169059),5903,0.0
VDAC1 (ENSG00000213585),5904,0.0
VPS13A (ENSG00000197969),5905,0.0
XRCC2 (ENSG00000196584),5906,0.0
ARHGEF19 (ENSG00000142632),5907,0.0
ARHGEF16 (ENSG00000130762),5908,0.0
VSTM2A (ENSG00000170419),5909,0.0
ARHGAP12 (ENSG00000165322),5910,0.0
VTA1 (ENSG00000009844),5911,0.0
ARHGAP11A (ENSG00000198826),5912,0.0
VTI1A (ENSG00000151532),5913,0.0
ARHGAP1 (ENSG00000175220),5914,0.0
ARG2 (ENSG00000081181),5915,0.0
VTI1B (ENSG00000100568),5916,0.0
VWA2 (ENSG00000165816),5917,0.0
ARFIP1 (ENSG00000164144),5918,0.0
ARFGEF3 (ENSG00000112379),5919,0.0
ARFGEF2 (ENSG00000124198),5920,0.0
ARFGEF1 (ENSG00000066777),5921,0.0
ARHGAP17 (ENSG00000140750),5922,0.0
VWA5A (ENSG00000110002),5923,0.0
VWDE (ENSG00000146530),5924,0.0
ARF6 (ENSG00000165527),5925,0.0
WAC (ENSG00000095787),5926,0.0
ARF3 (ENSG00000134287),5927,0.0
WAPL (ENSG00000062650),5928,0.0
AREL1 (ENSG00000119682),5929,0.0
WARS (ENSG00000140105),5930,0.0
ARCN1 (ENSG00000095139),5931,0.0
WASF2 (ENSG00000158195),5932,0.0
ARAP3 (ENSG00000120318),5933,0.0
ARAP2 (ENSG00000047365),5934,0.0
WASL (ENSG00000106299),5935,0.0
AR (ENSG00000169083),5936,0.0
VWA8 (ENSG00000102763),5937,0.0
VSNL1 (ENSG00000163032),5938,0.0
ARHGAP19 (ENSG00000213390),5939,0.0
VSIG10 (ENSG00000176834),5940,0.0
VPS18 (ENSG00000104142),5941,0.0
VPS25 (ENSG00000131475),5942,0.0
ARHGEF11 (ENSG00000132694),5943,0.0
ARHGEF10L (ENSG00000074964),5944,0.0
ARHGEF10 (ENSG00000104728),5945,0.0
VPS26A (ENSG00000122958),5946,0.0
VPS29 (ENSG00000111237),5947,0.0
VPS33A (ENSG00000139719),5948,0.0
VPS33B (ENSG00000184056),5949,0.0
ARHGAP8 (ENSG00000241484),5950,0.0
VPS37A (ENSG00000155975),5951,0.0
VPS45 (ENSG00000136631),5952,0.0
ARHGAP44 (ENSG00000006740),5953,0.0
ARHGAP42 (ENSG00000165895),5954,0.0
VPS4A (ENSG00000132612),5955,0.0
VPS4B (ENSG00000119541),5956,0.0
ARHGAP35 (ENSG00000160007),5957,0.0
VPS51 (ENSG00000149823),5958,0.0
VPS52 (ENSG00000223501),5959,0.0
VPS72 (ENSG00000163159),5960,0.0
VPS9D1-AS1 (ENSG00000261373),5961,0.0
VRK1 (ENSG00000100749),5962,0.0
VRK2 (ENSG00000028116),5963,0.0
ARHGAP26 (ENSG00000145819),5964,0.0
ARHGAP25 (ENSG00000163219),5965,0.0
ARHGAP23 (ENSG00000275832),5966,0.0
ARHGAP22 (ENSG00000128805),5967,0.0
VRTN (ENSG00000133980),5968,0.0
VSIG1 (ENSG00000101842),5969,0.0
VPS13D (ENSG00000048707),5970,0.0
ANTXR1 (ENSG00000169604),5971,0.0
XRCC3 (ENSG00000126215),5972,0.0
ANP32E (ENSG00000143401),5973,0.0
ALDH3A2 (ENSG00000072210),5974,0.0
ALDH3A1 (ENSG00000108602),5975,0.0
ZCRB1 (ENSG00000139168),5976,0.0
ZCWPW1 (ENSG00000078487),5977,0.0
ALDH1L1 (ENSG00000144908),5978,0.0
ALDH1B1 (ENSG00000137124),5979,0.0
ALDH1A3 (ENSG00000184254),5980,0.0
ZDBF2 (ENSG00000204186),5981,0.0
ZDHHC11 (ENSG00000188818),5982,0.0
ALDH18A1 (ENSG00000059573),5983,0.0
ALDH16A1 (ENSG00000161618),5984,0.0
ZDHHC12 (ENSG00000160446),5985,0.0
ALAS1 (ENSG00000023330),5986,0.0
ZCCHC6 (ENSG00000083223),5987,0.0
ZDHHC13 (ENSG00000177054),5988,0.0
ZDHHC16 (ENSG00000171307),5989,0.0
ZDHHC18 (ENSG00000204160),5990,0.0
ZDHHC19 (ENSG00000163958),5991,0.0
ZDHHC2 (ENSG00000104219),5992,0.0
AL133493.2 (ENSG00000233922),5993,0.0
ZDHHC20 (ENSG00000180776),5994,0.0
AL049794.1 (ENSG00000280240),5995,0.0
AL022341.3 (ENSG00000228201),5996,0.0
AKTIP (ENSG00000166971),5997,0.0
ZDHHC22 (ENSG00000177108),5998,0.0
ZDHHC23 (ENSG00000184307),5999,0.0
AKT1S1 (ENSG00000204673),6000,0.0
ZDHHC3 (ENSG00000163812),6001,0.0
ZDHHC14 (ENSG00000175048),6002,0.0
ALDH4A1 (ENSG00000159423),6003,0.0
ZCCHC4 (ENSG00000168228),6004,0.0
ALDH6A1 (ENSG00000119711),6005,0.0
ZC3H4 (ENSG00000130749),6006,0.0
ALOX12 (ENSG00000108839),6007,0.0
ALMS1 (ENSG00000116127),6008,0.0
ALKBH8 (ENSG00000137760),6009,0.0
ALKBH7 (ENSG00000125652),6010,0.0
ALKBH6 (ENSG00000239382),6011,0.0
ALKBH4 (ENSG00000160993),6012,0.0
ZC3HAV1 (ENSG00000105939),6013,0.0
ZC3HAV1L (ENSG00000146858),6014,0.0
ALKBH1 (ENSG00000100601),6015,0.0
ZC3HC1 (ENSG00000091732),6016,0.0
ALG8 (ENSG00000159063),6017,0.0
ALG6 (ENSG00000088035),6018,0.0
ALG5 (ENSG00000120697),6019,0.0
ALG3 (ENSG00000214160),6020,0.0
ALG2 (ENSG00000119523),6021,0.0
ZCCHC10 (ENSG00000155329),6022,0.0
ALG1L (ENSG00000189366),6023,0.0
ZCCHC14 (ENSG00000140948),6024,0.0
ALG13 (ENSG00000101901),6025,0.0
ALG12 (ENSG00000182858),6026,0.0
ZCCHC17 (ENSG00000121766),6027,0.0
ALG10B (ENSG00000175548),6028,0.0
ALG10 (ENSG00000139133),6029,0.0
ALG1 (ENSG00000033011),6030,0.0
ZCCHC2 (ENSG00000141664),6031,0.0
ZCCHC3 (ENSG00000247315),6032,0.0
ALDH9A1 (ENSG00000143149),6033,0.0
ALDH7A1 (ENSG00000164904),6034,0.0
ZDHHC4 (ENSG00000136247),6035,0.0
ZC3H18 (ENSG00000158545),6036,0.0
ZDHHC5 (ENSG00000156599),6037,0.0
ZDHHC8 (ENSG00000099904),6038,0.0
ZFX (ENSG00000005889),6039,0.0
ZFY (ENSG00000067646),6040,0.0
ZFYVE21 (ENSG00000100711),6041,0.0
AJAP1 (ENSG00000196581),6042,0.0
AJ011932.1 (ENSG00000274248),6043,0.0
ZFYVE26 (ENSG00000072121),6044,0.0
ZFYVE28 (ENSG00000159733),6045,0.0
AIMP2 (ENSG00000106305),6046,0.0
AIMP1 (ENSG00000164022),6047,0.0
AIM1L (ENSG00000176092),6048,0.0
AIM1 (ENSG00000112297),6049,0.0
AIG1 (ENSG00000146416),6050,0.0
AIFM3 (ENSG00000183773),6051,0.0
ZFR2 (ENSG00000105278),6052,0.0
AIFM2 (ENSG00000042286),6053,0.0
AIF1L (ENSG00000126878),6054,0.0
AIF1 (ENSG00000204472),6055,0.0
AIDA (ENSG00000186063),6056,0.0
AHSP (ENSG00000169877),6057,0.0
ZGPAT (ENSG00000197114),6058,0.0
ZGRF1 (ENSG00000138658),6059,0.0
AHSA1 (ENSG00000100591),6060,0.0
AHR (ENSG00000106546),6061,0.0
ZHX2 (ENSG00000178764),6062,0.0
ZIC2 (ENSG00000043355),6063,0.0
ZIC3 (ENSG00000156925),6064,0.0
ZIC5 (ENSG00000139800),6065,0.0
ZIK1 (ENSG00000171649),6066,0.0
AIFM1 (ENSG00000156709),6067,0.0
AK4 (ENSG00000162433),6068,0.0
AK5 (ENSG00000154027),6069,0.0
AK6 (ENSG00000085231),6070,0.0
AKR1C3 (ENSG00000196139),6071,0.0
ZDHHC9 (ENSG00000188706),6072,0.0
ZER1 (ENSG00000160445),6073,0.0
ZFAND1 (ENSG00000104231),6074,0.0
ZFAND2A (ENSG00000178381),6075,0.0
AKR1B1 (ENSG00000085662),6076,0.0
AKR1A1 (ENSG00000117448),6077,0.0
ZFAND5 (ENSG00000107372),6078,0.0
AKNA (ENSG00000106948),6079,0.0
ZFAND6 (ENSG00000086666),6080,0.0
AKIRIN1 (ENSG00000174574),6081,0.0
AKIP1 (ENSG00000166452),6082,0.0
ZFAT (ENSG00000066827),6083,0.0
ZFC3H1 (ENSG00000133858),6084,0.0
AKAP8 (ENSG00000105127),6085,0.0
AKAP7 (ENSG00000118507),6086,0.0
ZFHX2 (ENSG00000136367),6087,0.0
AKAP5 (ENSG00000179841),6088,0.0
ZFP41 (ENSG00000181638),6089,0.0
AKAP17A (ENSG00000197976),6090,0.0
AKAP14 (ENSG00000186471),6091,0.0
ZFP42 (ENSG00000179059),6092,0.0
ZFP62 (ENSG00000196670),6093,0.0
AKAP11 (ENSG00000023516),6094,0.0
ZFP64 (ENSG00000020256),6095,0.0
AKAP1 (ENSG00000121057),6096,0.0
ZFP69B (ENSG00000187801),6097,0.0
ZFP91 (ENSG00000186660),6098,0.0
AK7 (ENSG00000140057),6099,0.0
ZDHHC6 (ENSG00000023041),6100,0.0
AHCY (ENSG00000101444),6101,0.0
ZC3H15 (ENSG00000065548),6102,0.0
ZC3H13 (ENSG00000123200),6103,0.0
ANKRD37 (ENSG00000186352),6104,0.0
YBEY (ENSG00000182362),6105,0.0
YBX2 (ENSG00000006047),6106,0.0
ANKRD35 (ENSG00000198483),6107,0.0
ANKRD34B (ENSG00000189127),6108,0.0
YBX3 (ENSG00000060138),6109,0.0
ANKRD33B (ENSG00000164236),6110,0.0
YDJC (ENSG00000161179),6111,0.0
YEATS4 (ENSG00000127337),6112,0.0
ANKRD29 (ENSG00000154065),6113,0.0
ANKRD28 (ENSG00000206560),6114,0.0
ANKRD27 (ENSG00000105186),6115,0.0
YES1 (ENSG00000176105),6116,0.0
ANKRD39 (ENSG00000213337),6117,0.0
YIF1A (ENSG00000174851),6118,0.0
YIPF1 (ENSG00000058799),6119,0.0
ANKRD18A (ENSG00000180071),6120,0.0
ANKRD17 (ENSG00000132466),6121,0.0
ANKRD16 (ENSG00000134461),6122,0.0
YIPF6 (ENSG00000181704),6123,0.0
ANKRD13C (ENSG00000118454),6124,0.0
YKT6 (ENSG00000106636),6125,0.0
YLPM1 (ENSG00000119596),6126,0.0
ANKRD11 (ENSG00000167522),6127,0.0
ANKRD10 (ENSG00000088448),6128,0.0
YME1L1 (ENSG00000136758),6129,0.0
YOD1 (ENSG00000180667),6130,0.0
YRDC (ENSG00000196449),6131,0.0
YIF1B (ENSG00000167645),6132,0.0
ANKRD40 (ENSG00000154945),6133,0.0
YARS2 (ENSG00000139131),6134,0.0
YARS (ENSG00000134684),6135,0.0
XRCC4 (ENSG00000152422),6136,0.0
ANP32A (ENSG00000140350),6137,0.0
ANOS1 (ENSG00000011201),6138,0.0
ANO9 (ENSG00000185101),6139,0.0
ANO8 (ENSG00000074855),6140,0.0
XRCC5 (ENSG00000079246),6141,0.0
ANO6 (ENSG00000177119),6142,0.0
ANO5 (ENSG00000171714),6143,0.0
XRCC6 (ENSG00000196419),6144,0.0
ANO3 (ENSG00000134343),6145,0.0
ANO2 (ENSG00000047617),6146,0.0
ANO10 (ENSG00000160746),6147,0.0
XRCC6BP1 (ENSG00000166896),6148,0.0
ANLN (ENSG00000011426),6149,0.0
XRN2 (ENSG00000088930),6150,0.0
ANKS6 (ENSG00000165138),6151,0.0
XXbac-B135H6.15 (ENSG00000237476),6152,0.0
XXbac-B33L19.4 (ENSG00000235578),6153,0.0
ANKS1A (ENSG00000064999),6154,0.0
ANKRD9 (ENSG00000156381),6155,0.0
XXbac-B476C20.9 (ENSG00000225335),6156,0.0
XXbac-BPG181B23.7 (ENSG00000272221),6157,0.0
XXbac-BPG27H4.8 (ENSG00000237923),6158,0.0
XYLB (ENSG00000093217),6159,0.0
ANKRD52 (ENSG00000139645),6160,0.0
ANKRD50 (ENSG00000151458),6161,0.0
ANKRD49 (ENSG00000168876),6162,0.0
XYLT2 (ENSG00000015532),6163,0.0
YAE1D1 (ENSG00000241127),6164,0.0
ANKLE2 (ENSG00000176915),6165,0.0
ZC3H14 (ENSG00000100722),6166,0.0
ANKLE1 (ENSG00000160117),6167,0.0
ANKHD1 (ENSG00000131503),6168,0.0
ZBTB18 (ENSG00000179456),6169,0.0
ZBTB2 (ENSG00000181472),6170,0.0
ZBTB24 (ENSG00000112365),6171,0.0
AMMECR1L (ENSG00000144233),6172,0.0
AMMECR1 (ENSG00000101935),6173,0.0
ZBTB3 (ENSG00000185670),6174,0.0
ZBTB33 (ENSG00000177485),6175,0.0
ZBTB39 (ENSG00000166860),6176,0.0
ZBTB43 (ENSG00000169155),6177,0.0
ZBTB44 (ENSG00000196323),6178,0.0
AMER2 (ENSG00000165566),6179,0.0
ZBTB7A (ENSG00000178951),6180,0.0
AMDHD2 (ENSG00000162066),6181,0.0
ZBTB14 (ENSG00000198081),6182,0.0
AMDHD1 (ENSG00000139344),6183,0.0
AMBRA1 (ENSG00000110497),6184,0.0
ZBTB7B (ENSG00000160685),6185,0.0
ZBTB8A (ENSG00000160062),6186,0.0
ZBTB8B (ENSG00000273274),6187,0.0
ALYREF (ENSG00000183684),6188,0.0
ZBTB8OS (ENSG00000176261),6189,0.0
ZBTB9 (ENSG00000213588),6190,0.0
ZC2HC1C (ENSG00000119703),6191,0.0
ZC3H10 (ENSG00000135482),6192,0.0
ALS2 (ENSG00000003393),6193,0.0
ALPL (ENSG00000162551),6194,0.0
ZC3H11A (ENSG00000058673),6195,0.0
ZC3H12A (ENSG00000163874),6196,0.0
AMD1 (ENSG00000123505),6197,0.0
ZBTB11-AS1 (ENSG00000256628),6198,0.0
ZBTB11 (ENSG00000066422),6199,0.0
AMPH (ENSG00000078053),6200,0.0
YTHDC1 (ENSG00000083896),6201,0.0
ANKFY1 (ENSG00000185722),6202,0.0
YTHDC2 (ENSG00000047188),6203,0.0
ANKEF1 (ENSG00000132623),6204,0.0
YTHDF1 (ENSG00000149658),6205,0.0
YTHDF2 (ENSG00000198492),6206,0.0
YTHDF3 (ENSG00000185728),6207,0.0
YTHDF3-AS1 (ENSG00000270673),6208,0.0
ANK2 (ENSG00000145362),6209,0.0
ANK1 (ENSG00000029534),6210,0.0
YWHAB (ENSG00000166913),6211,0.0
YWHAG (ENSG00000170027),6212,0.0
YWHAH (ENSG00000128245),6213,0.0
ANGPT4 (ENSG00000101280),6214,0.0
YWHAZ (ENSG00000164924),6215,0.0
YY1 (ENSG00000100811),6216,0.0
ANGEL2 (ENSG00000174606),6217,0.0
ZBED1 (ENSG00000214717),6218,0.0
ANAPC7 (ENSG00000196510),6219,0.0
ZBED3-AS1 (ENSG00000250802),6220,0.0
ANAPC4 (ENSG00000053900),6221,0.0
ZBED4 (ENSG00000100426),6222,0.0
ANAPC15 (ENSG00000110200),6223,0.0
ZBED5 (ENSG00000236287),6224,0.0
ANAPC11 (ENSG00000141552),6225,0.0
ANAPC10 (ENSG00000164162),6226,0.0
ANAPC1 (ENSG00000153107),6227,0.0
ZBED8 (ENSG00000221886),6228,0.0
AMT (ENSG00000145020),6229,0.0
ANKIB1 (ENSG00000001629),6230,0.0
TMEM181 (ENSG00000146433),6231,0.0
TMX1 (ENSG00000139921),6232,0.0
COPS7A (ENSG00000111652),6233,0.0
CSRNP2 (ENSG00000110925),6234,0.0
SMARCD1 (ENSG00000066117),6235,0.0
SMARCD2 (ENSG00000108604),6236,0.0
SMC1B (ENSG00000077935),6237,0.0
SMC2 (ENSG00000136824),6238,0.0
CSNK2A3 (ENSG00000254598),6239,0.0
CSNK2A2 (ENSG00000070770),6240,0.0
CSNK2A1 (ENSG00000101266),6241,0.0
CSNK1G3 (ENSG00000151292),6242,0.0
CSNK1G2 (ENSG00000133275),6243,0.0
CSNK1G1 (ENSG00000169118),6244,0.0
CSNK1E (ENSG00000213923),6245,0.0
CSNK1A1 (ENSG00000113712),6246,0.0
SMC3 (ENSG00000108055),6247,0.0
CSMD2 (ENSG00000121904),6248,0.0
SMC4 (ENSG00000113810),6249,0.0
CSK (ENSG00000103653),6250,0.0
SMC6 (ENSG00000163029),6251,0.0
SMCO4 (ENSG00000166002),6252,0.0
CSF2RA (ENSG00000198223),6253,0.0
SMCR8 (ENSG00000176994),6254,0.0
CSE1L (ENSG00000124207),6255,0.0
CSDE1 (ENSG00000009307),6256,0.0
SMG1 (ENSG00000157106),6257,0.0
SMG5 (ENSG00000198952),6258,0.0
CS (ENSG00000062485),6259,0.0
SMG6 (ENSG00000070366),6260,0.0
SMARCC1 (ENSG00000173473),6261,0.0
CRYZ (ENSG00000116791),6262,0.0
SMARCAD1 (ENSG00000163104),6263,0.0
CSRP2BP (ENSG00000149474),6264,0.0
SLCO3A1 (ENSG00000176463),6265,0.0
SLCO4A1 (ENSG00000101187),6266,0.0
SLCO4C1 (ENSG00000173930),6267,0.0
SLF1 (ENSG00000133302),6268,0.0
SLFN12 (ENSG00000172123),6269,0.0
SLFN13 (ENSG00000154760),6270,0.0
SLIRP (ENSG00000119705),6271,0.0
SLITRK1 (ENSG00000178235),6272,0.0
CTA-29F11.1 (ENSG00000260708),6273,0.0
SLMAP (ENSG00000163681),6274,0.0
SLTM (ENSG00000137776),6275,0.0
SLX4 (ENSG00000188827),6276,0.0
SLX4IP (ENSG00000149346),6277,0.0
CTA-243E7.4 (ENSG00000279085),6278,0.0
SMAD2 (ENSG00000175387),6279,0.0
SMAD4 (ENSG00000141646),6280,0.0
CTA-204B4.2 (ENSG00000259891),6281,0.0
CTA-14H9.5 (ENSG00000261353),6282,0.0
CSTF3 (ENSG00000176102),6283,0.0
CSTF2 (ENSG00000101811),6284,0.0
CSTF1 (ENSG00000101138),6285,0.0
CSTB (ENSG00000160213),6286,0.0
CST6 (ENSG00000175315),6287,0.0
SMAD5 (ENSG00000113658),6288,0.0
SMAD5-AS1 (ENSG00000164621),6289,0.0
SMAP1 (ENSG00000112305),6290,0.0
SMARCA5 (ENSG00000153147),6291,0.0
CSRP2 (ENSG00000175183),6292,0.0
SMG7 (ENSG00000116698),6293,0.0
SMIM10 (ENSG00000184785),6294,0.0
SMIM10L1 (ENSG00000256537),6295,0.0
SMS (ENSG00000102172),6296,0.0
SMTN (ENSG00000183963),6297,0.0
SMU1 (ENSG00000122692),6298,0.0
CRHR1 (ENSG00000263715),6299,0.0
SMUG1 (ENSG00000123415),6300,0.0
CRELD2 (ENSG00000184164),6301,0.0
SMYD5 (ENSG00000135632),6302,0.0
SNAI3 (ENSG00000185669),6303,0.0
SNAI3-AS1 (ENSG00000260630),6304,0.0
SNAP23 (ENSG00000092531),6305,0.0
SNAP29 (ENSG00000099940),6306,0.0
CREBL2 (ENSG00000111269),6307,0.0
CREBBP (ENSG00000005339),6308,0.0
SNAP47 (ENSG00000143740),6309,0.0
SNAPC1 (ENSG00000023608),6310,0.0
SNAPC4 (ENSG00000165684),6311,0.0
SNAPC5 (ENSG00000174446),6312,0.0
CREB1 (ENSG00000118260),6313,0.0
CRCP (ENSG00000241258),6314,0.0
SNCB (ENSG00000074317),6315,0.0
CRB3 (ENSG00000130545),6316,0.0
SND1-IT1 (ENSG00000279078),6317,0.0
SNF8 (ENSG00000159210),6318,0.0
SNHG10 (ENSG00000247092),6319,0.0
CRAMP1 (ENSG00000007545),6320,0.0
CRADD (ENSG00000169372),6321,0.0
CRACR2B (ENSG00000177685),6322,0.0
CRIP3 (ENSG00000146215),6323,0.0
CRIPAK (ENSG00000179979),6324,0.0
CRIPT (ENSG00000119878),6325,0.0
CRISP2 (ENSG00000124490),6326,0.0
SMIM10L2A (ENSG00000178947),6327,0.0
SMIM12 (ENSG00000163866),6328,0.0
CRYGD (ENSG00000118231),6329,0.0
SMIM13 (ENSG00000224531),6330,0.0
CRYGB (ENSG00000182187),6331,0.0
CRYBG3 (ENSG00000080200),6332,0.0
CRYBB1 (ENSG00000100122),6333,0.0
CRYBA4 (ENSG00000196431),6334,0.0
CRYAB (ENSG00000109846),6335,0.0
SMIM14 (ENSG00000163683),6336,0.0
SMIM15 (ENSG00000188725),6337,0.0
SMIM19 (ENSG00000176209),6338,0.0
SMIM2-AS1 (ENSG00000227258),6339,0.0
SLCO1B1 (ENSG00000134538),6340,0.0
SMIM20 (ENSG00000250317),6341,0.0
SMIM4 (ENSG00000168273),6342,0.0
SMIM7 (ENSG00000214046),6343,0.0
SMNDC1 (ENSG00000119953),6344,0.0
SMO (ENSG00000128602),6345,0.0
SMPD4 (ENSG00000136699),6346,0.0
CRMP1 (ENSG00000072832),6347,0.0
CRLS1 (ENSG00000088766),6348,0.0
CRLF3 (ENSG00000176390),6349,0.0
CRLF1 (ENSG00000006016),6350,0.0
CRKL (ENSG00000099942),6351,0.0
CRK (ENSG00000167193),6352,0.0
SMPD5 (ENSG00000204791),6353,0.0
SMPDL3B (ENSG00000130768),6354,0.0
SMIM24 (ENSG00000095932),6355,0.0
CRACR2A (ENSG00000130038),6356,0.0
SLCO1A2 (ENSG00000084453),6357,0.0
CTB-171A8.1 (ENSG00000266903),6358,0.0
CTD-2021H9.3 (ENSG00000258053),6359,0.0
CTD-2020K17.4 (ENSG00000233483),6360,0.0
SLC35F1 (ENSG00000196376),6361,0.0
SLC35F2 (ENSG00000110660),6362,0.0
CTD-2017F17.2 (ENSG00000274383),6363,0.0
CTD-2017D11.1 (ENSG00000268362),6364,0.0
CTD-2015H6.3 (ENSG00000249042),6365,0.0
SLC35F6 (ENSG00000213699),6366,0.0
SLC35G5 (ENSG00000177710),6367,0.0
CTD-2012K14.7 (ENSG00000259804),6368,0.0
SLC36A4 (ENSG00000180773),6369,0.0
CTD-2012J19.3 (ENSG00000271119),6370,0.0
SLC37A1 (ENSG00000160190),6371,0.0
CTD-2008L17.1 (ENSG00000267327),6372,0.0
SLC37A3 (ENSG00000157800),6373,0.0
SLC38A1 (ENSG00000111371),6374,0.0
SLC38A2 (ENSG00000134294),6375,0.0
SLC38A4 (ENSG00000139209),6376,0.0
CTCF (ENSG00000102974),6377,0.0
CTC1 (ENSG00000178971),6378,0.0
SLC38A5 (ENSG00000017483),6379,0.0
SLC38A6 (ENSG00000139974),6380,0.0
CTC-534A2.2 (ENSG00000253251),6381,0.0
SLC38A7 (ENSG00000103042),6382,0.0
CTC-529I10.2 (ENSG00000227782),6383,0.0
SLC38A9 (ENSG00000177058),6384,0.0
CTC-526N19.1 (ENSG00000277013),6385,0.0
CTD-2024P10.2 (ENSG00000271874),6386,0.0
CTC-524C5.2 (ENSG00000263272),6387,0.0
CTD-2026K11.4 (ENSG00000275454),6388,0.0
CTD-2034I21.2 (ENSG00000263082),6389,0.0
CTD-2269F5.1 (ENSG00000250320),6390,0.0
CTD-2265O21.3 (ENSG00000267424),6391,0.0
SLC30A7 (ENSG00000162695),6392,0.0
SLC30A9 (ENSG00000014824),6393,0.0
SLC31A1 (ENSG00000136868),6394,0.0
CTD-2227E11.1 (ENSG00000270933),6395,0.0
SLC34A2 (ENSG00000157765),6396,0.0
SLC35A3 (ENSG00000117620),6397,0.0
SLC35A4 (ENSG00000176087),6398,0.0
SLC35B1 (ENSG00000121073),6399,0.0
SLC35B4 (ENSG00000205060),6400,0.0
CTD-2186M15.3 (ENSG00000272086),6401,0.0
CTD-2168K21.2 (ENSG00000272157),6402,0.0
CTD-2165H16.4 (ENSG00000261360),6403,0.0
CTD-2162K18.4 (ENSG00000267260),6404,0.0
CTD-2147F2.1 (ENSG00000259485),6405,0.0
CTD-2142D14.1 (ENSG00000258649),6406,0.0
CTD-2126E3.4 (ENSG00000267890),6407,0.0
SLC35C1 (ENSG00000181830),6408,0.0
SLC35C2 (ENSG00000080189),6409,0.0
CTD-2095E4.5 (ENSG00000277511),6410,0.0
SLC35D2 (ENSG00000130958),6411,0.0
SLC35E1 (ENSG00000127526),6412,0.0
SLC35E3 (ENSG00000175782),6413,0.0
CTD-2036P10.3 (ENSG00000246283),6414,0.0
CTD-2035E11.4 (ENSG00000272382),6415,0.0
CTD-2034I4.2 (ENSG00000259594),6416,0.0
SLC35E4 (ENSG00000100036),6417,0.0
SLC39A1 (ENSG00000143570),6418,0.0
CTC-523E23.11 (ENSG00000271109),6419,0.0
CTC-523E23.1 (ENSG00000261754),6420,0.0
CTC-241F20.4 (ENSG00000268186),6421,0.0
SLC6A11 (ENSG00000132164),6422,0.0
CTBP2 (ENSG00000175029),6423,0.0
SLC6A6 (ENSG00000131389),6424,0.0
CTBP1 (ENSG00000159692),6425,0.0
CTB-75G16.3 (ENSG00000275720),6426,0.0
SLC6A8 (ENSG00000130821),6427,0.0
CTB-58E17.5 (ENSG00000277182),6428,0.0
SLC7A1 (ENSG00000139514),6429,0.0
SLC7A10 (ENSG00000130876),6430,0.0
SLC7A11 (ENSG00000151012),6431,0.0
SLC7A2 (ENSG00000003989),6432,0.0
SLC7A3 (ENSG00000165349),6433,0.0
SLC7A5 (ENSG00000103257),6434,0.0
CTB-50L17.14 (ENSG00000267385),6435,0.0
CTB-50L17.10 (ENSG00000167674),6436,0.0
SLC7A6 (ENSG00000103064),6437,0.0
CTB-43P18.1 (ENSG00000272742),6438,0.0
SLC7A6OS (ENSG00000103061),6439,0.0
SLC7A8 (ENSG00000092068),6440,0.0
SLC8B1 (ENSG00000089060),6441,0.0
SLC9A1 (ENSG00000090020),6442,0.0
SLC9A6 (ENSG00000198689),6443,0.0
CTB-186G2.1 (ENSG00000267291),6444,0.0
CTB-180C19.1 (ENSG00000254365),6445,0.0
SLC9A7 (ENSG00000065923),6446,0.0
CTB-178M22.2 (ENSG00000253978),6447,0.0
SLC5A6 (ENSG00000138074),6448,0.0
SLC5A3 (ENSG00000198743),6449,0.0
SLC5A2 (ENSG00000140675),6450,0.0
SLC52A3 (ENSG00000101276),6451,0.0
CTC-499J9.1 (ENSG00000248268),6452,0.0
SLC39A10 (ENSG00000196950),6453,0.0
SLC39A11 (ENSG00000133195),6454,0.0
CTC-479C5.12 (ENSG00000261884),6455,0.0
CTC-459F4.3 (ENSG00000267575),6456,0.0
SLC39A14 (ENSG00000104635),6457,0.0
SLC39A3 (ENSG00000141873),6458,0.0
CTC-444N24.8 (ENSG00000268713),6459,0.0
SLC39A8 (ENSG00000138821),6460,0.0
SLC39A9 (ENSG00000029364),6461,0.0
CTC-444N24.11 (ENSG00000268205),6462,0.0
SLC41A1 (ENSG00000133065),6463,0.0
SLC41A2 (ENSG00000136052),6464,0.0
SLC9A8 (ENSG00000197818),6465,0.0
SLC43A1 (ENSG00000149150),6466,0.0
SLC44A1 (ENSG00000070214),6467,0.0
SLC45A4 (ENSG00000022567),6468,0.0
SLC4A11 (ENSG00000088836),6469,0.0
SLC4A7 (ENSG00000033867),6470,0.0
CTC-338M12.9 (ENSG00000248103),6471,0.0
SLC50A1 (ENSG00000169241),6472,0.0
CTC-332L22.1 (ENSG00000271849),6473,0.0
SLC51A (ENSG00000163959),6474,0.0
SLC52A2 (ENSG00000185803),6475,0.0
CTC-297N7.9 (ENSG00000264016),6476,0.0
CTC-286N12.1 (ENSG00000254297),6477,0.0
CTC-260E6.6 (ENSG00000267383),6478,0.0
CTC-254B4.1 (ENSG00000251027),6479,0.0
CTC-425F1.4 (ENSG00000267458),6480,0.0
CTD-2270L9.4 (ENSG00000260136),6481,0.0
SNHG12 (ENSG00000197989),6482,0.0
SNHG21 (ENSG00000250988),6483,0.0
SPRED1 (ENSG00000166068),6484,0.0
SPRED3 (ENSG00000188766),6485,0.0
COCH (ENSG00000100473),6486,0.0
SPRY3 (ENSG00000168939),6487,0.0
COBL (ENSG00000106078),6488,0.0
COASY (ENSG00000068120),6489,0.0
COA7 (ENSG00000162377),6490,0.0
COA6 (ENSG00000168275),6491,0.0
COA5 (ENSG00000183513),6492,0.0
COA4 (ENSG00000181924),6493,0.0
COA3 (ENSG00000183978),6494,0.0
COA1 (ENSG00000106603),6495,0.0
SPRY4 (ENSG00000187678),6496,0.0
SPRY4-IT1 (ENSG00000281881),6497,0.0
SPRYD4 (ENSG00000176422),6498,0.0
CNTNAP3 (ENSG00000106714),6499,0.0
CNTNAP2 (ENSG00000174469),6500,0.0
SPSB2 (ENSG00000111671),6501,0.0
SPTBN1 (ENSG00000115306),6502,0.0
SPTBN2 (ENSG00000173898),6503,0.0
SPTBN4 (ENSG00000160460),6504,0.0
SPTLC2 (ENSG00000100596),6505,0.0
SPTSSA (ENSG00000165389),6506,0.0
SPTSSB (ENSG00000196542),6507,0.0
SPTY2D1-AS1 (ENSG00000247595),6508,0.0
SQSTM1 (ENSG00000161011),6509,0.0
CNTD2 (ENSG00000105219),6510,0.0
SPR (ENSG00000116096),6511,0.0
SRA1 (ENSG00000213523),6512,0.0
SPPL2A (ENSG00000138600),6513,0.0
SPIRE1 (ENSG00000134278),6514,0.0
SPAG5 (ENSG00000076382),6515,0.0
SPAST (ENSG00000021574),6516,0.0
SPATA12 (ENSG00000186451),6517,0.0
SPATA2 (ENSG00000158480),6518,0.0
COL4A3BP (ENSG00000113163),6519,0.0
SPATA24 (ENSG00000170469),6520,0.0
SPATA45 (ENSG00000185523),6521,0.0
SPATA5 (ENSG00000145375),6522,0.0
SPATA6L (ENSG00000106686),6523,0.0
SPATS2L (ENSG00000196141),6524,0.0
SPC24 (ENSG00000161888),6525,0.0
SPC25 (ENSG00000152253),6526,0.0
SPCS1 (ENSG00000114902),6527,0.0
SPCS2 (ENSG00000118363),6528,0.0
SPCS3 (ENSG00000129128),6529,0.0
SPECC1 (ENSG00000128487),6530,0.0
SPG11 (ENSG00000104133),6531,0.0
SPHK2 (ENSG00000063176),6532,0.0
SPI1 (ENSG00000066336),6533,0.0
SPIB (ENSG00000269404),6534,0.0
SPIN1 (ENSG00000106723),6535,0.0
SPINK2 (ENSG00000128040),6536,0.0
SPINK5 (ENSG00000133710),6537,0.0
SPINT1 (ENSG00000166145),6538,0.0
SPINT2 (ENSG00000167642),6539,0.0
COIL (ENSG00000121058),6540,0.0
COG8 (ENSG00000213380),6541,0.0
SPNS1 (ENSG00000169682),6542,0.0
SRD5A1 (ENSG00000145545),6543,0.0
SRD5A3 (ENSG00000128039),6544,0.0
SREBF1 (ENSG00000072310),6545,0.0
SRRD (ENSG00000100104),6546,0.0
SRRM1 (ENSG00000133226),6547,0.0
CMTM8 (ENSG00000170293),6548,0.0
SRRM2 (ENSG00000167978),6549,0.0
CMTM6 (ENSG00000091317),6550,0.0
SRRM3 (ENSG00000177679),6551,0.0
CMTM4 (ENSG00000183723),6552,0.0
SRRT (ENSG00000087087),6553,0.0
SRSF1 (ENSG00000136450),6554,0.0
SRSF10 (ENSG00000188529),6555,0.0
SRSF11 (ENSG00000116754),6556,0.0
CMIP (ENSG00000153815),6557,0.0
CMC4 (ENSG00000182712),6558,0.0
CMC2 (ENSG00000103121),6559,0.0
CMC1 (ENSG00000187118),6560,0.0
SRSF2 (ENSG00000161547),6561,0.0
SRSF3 (ENSG00000112081),6562,0.0
CMAS (ENSG00000111726),6563,0.0
SRSF6 (ENSG00000124193),6564,0.0
SRSF7 (ENSG00000115875),6565,0.0
SRSF9 (ENSG00000111786),6566,0.0
SRXN1 (ENSG00000271303),6567,0.0
CLUH (ENSG00000132361),6568,0.0
SRY (ENSG00000184895),6569,0.0
CLU (ENSG00000120885),6570,0.0
CLTCL1 (ENSG00000070371),6571,0.0
CLTC (ENSG00000141367),6572,0.0
SRPRB (ENSG00000144867),6573,0.0
CNDP2 (ENSG00000133313),6574,0.0
CNEP1R1 (ENSG00000205423),6575,0.0
CNFN (ENSG00000105427),6576,0.0
CNPY3 (ENSG00000137161),6577,0.0
CNPY2 (ENSG00000257727),6578,0.0
CNPPD1 (ENSG00000115649),6579,0.0
SRF (ENSG00000112658),6580,0.0
CNOT8 (ENSG00000155508),6581,0.0
CNOT7 (ENSG00000198791),6582,0.0
SRFBP1 (ENSG00000151304),6583,0.0
CNOT6 (ENSG00000113300),6584,0.0
CNOT4 (ENSG00000080802),6585,0.0
SRI (ENSG00000075142),6586,0.0
CNOT2 (ENSG00000111596),6587,0.0
CNOT11 (ENSG00000158435),6588,0.0
CNOT10 (ENSG00000182973),6589,0.0
COL5A3 (ENSG00000080573),6590,0.0
CNOT1 (ENSG00000125107),6591,0.0
CNNM3 (ENSG00000168763),6592,0.0
CNNM2 (ENSG00000148842),6593,0.0
SRP14-AS1 (ENSG00000248508),6594,0.0
CNN2 (ENSG00000064666),6595,0.0
CNN1 (ENSG00000130176),6596,0.0
SRP19 (ENSG00000153037),6597,0.0
CNKSR2 (ENSG00000149970),6598,0.0
SRP72 (ENSG00000174780),6599,0.0
CNIH4 (ENSG00000143771),6600,0.0
SRP9 (ENSG00000143742),6601,0.0
SRPK1 (ENSG00000096063),6602,0.0
CNIH1 (ENSG00000100528),6603,0.0
CNGA1 (ENSG00000198515),6604,0.0
SRM (ENSG00000116649),6605,0.0
SNHG19 (ENSG00000260260),6606,0.0
SP7 (ENSG00000170374),6607,0.0
SP3 (ENSG00000172845),6608,0.0
SNTG2 (ENSG00000172554),6609,0.0
CPEB4 (ENSG00000113742),6610,0.0
CPEB3 (ENSG00000107864),6611,0.0
SNU13 (ENSG00000100138),6612,0.0
CPEB1 (ENSG00000214575),6613,0.0
SNUPN (ENSG00000169371),6614,0.0
CPD (ENSG00000108582),6615,0.0
SNURF (ENSG00000273173),6616,0.0
SNW1 (ENSG00000100603),6617,0.0
SNX11 (ENSG00000002919),6618,0.0
SNX12 (ENSG00000147164),6619,0.0
CP (ENSG00000047457),6620,0.0
COX8C (ENSG00000187581),6621,0.0
COX8A (ENSG00000176340),6622,0.0
COX7C (ENSG00000127184),6623,0.0
COX7B (ENSG00000131174),6624,0.0
SNX16 (ENSG00000104497),6625,0.0
COX7A2 (ENSG00000112695),6626,0.0
COX6C (ENSG00000164919),6627,0.0
COX6B2 (ENSG00000160471),6628,0.0
COX6B1 (ENSG00000126267),6629,0.0
COX6A1 (ENSG00000111775),6630,0.0
COX5B (ENSG00000135940),6631,0.0
COX5A (ENSG00000178741),6632,0.0
SNX19 (ENSG00000120451),6633,0.0
COX4I1 (ENSG00000131143),6634,0.0
COX20 (ENSG00000203667),6635,0.0
SNTB1 (ENSG00000172164),6636,0.0
COX19 (ENSG00000240230),6637,0.0
SNRPN (ENSG00000128739),6638,0.0
SNRPF (ENSG00000139343),6639,0.0
SNHG8 (ENSG00000269893),6640,0.0
SNIP1 (ENSG00000163877),6641,0.0
CPVL (ENSG00000106066),6642,0.0
SNN (ENSG00000184602),6643,0.0
CPT1C (ENSG00000169169),6644,0.0
SNRNP200 (ENSG00000144028),6645,0.0
SNRNP25 (ENSG00000161981),6646,0.0
SNRNP27 (ENSG00000124380),6647,0.0
CPSF6 (ENSG00000111605),6648,0.0
CPSF4 (ENSG00000160917),6649,0.0
SNRNP40 (ENSG00000060688),6650,0.0
SNRNP48 (ENSG00000168566),6651,0.0
CPSF2 (ENSG00000165934),6652,0.0
SNRNP70 (ENSG00000104852),6653,0.0
SNRPA1 (ENSG00000131876),6654,0.0
SNRPB (ENSG00000125835),6655,0.0
SNRPB2 (ENSG00000125870),6656,0.0
CPOX (ENSG00000080819),6657,0.0
CPO (ENSG00000144410),6658,0.0
CPNE9 (ENSG00000144550),6659,0.0
SNRPC (ENSG00000124562),6660,0.0
CPNE7 (ENSG00000178773),6661,0.0
SNRPD1 (ENSG00000167088),6662,0.0
SNRPD2 (ENSG00000125743),6663,0.0
CPNE3 (ENSG00000085719),6664,0.0
SNRPD3 (ENSG00000100028),6665,0.0
SNRPE (ENSG00000182004),6666,0.0
SNRPG (ENSG00000143977),6667,0.0
SNX22 (ENSG00000157734),6668,0.0
COX17 (ENSG00000138495),6669,0.0
COX16 (ENSG00000133983),6670,0.0
SOD2 (ENSG00000112096),6671,0.0
SOD3 (ENSG00000109610),6672,0.0
SON (ENSG00000159140),6673,0.0
SORBS1 (ENSG00000095637),6674,0.0
SORBS2 (ENSG00000154556),6675,0.0
SORD (ENSG00000140263),6676,0.0
COMTD1 (ENSG00000165644),6677,0.0
SORL1 (ENSG00000137642),6678,0.0
SORT1 (ENSG00000134243),6679,0.0
SOS1 (ENSG00000115904),6680,0.0
SOWAHD (ENSG00000187808),6681,0.0
SOX11 (ENSG00000176887),6682,0.0
COMMD6 (ENSG00000188243),6683,0.0
COMMD5 (ENSG00000170619),6684,0.0
COMMD4 (ENSG00000140365),6685,0.0
SOX13 (ENSG00000143842),6686,0.0
COMMD2 (ENSG00000114744),6687,0.0
COMMD10 (ENSG00000145781),6688,0.0
COMMD1 (ENSG00000173163),6689,0.0
SOX15 (ENSG00000129194),6690,0.0
SOX2 (ENSG00000181449),6691,0.0
SOX21 (ENSG00000125285),6692,0.0
SOX21-AS1 (ENSG00000227640),6693,0.0
SP1 (ENSG00000185591),6694,0.0
SP110 (ENSG00000135899),6695,0.0
COLCA1 (ENSG00000196167),6696,0.0
SP140L (ENSG00000185404),6697,0.0
COPRS (ENSG00000172301),6698,0.0
COPS2 (ENSG00000166200),6699,0.0
COPS3 (ENSG00000141030),6700,0.0
COPS4 (ENSG00000138663),6701,0.0
COX15 (ENSG00000014919),6702,0.0
COX14 (ENSG00000178449),6703,0.0
COX11 (ENSG00000166260),6704,0.0
COX10 (ENSG00000006695),6705,0.0
SNX24 (ENSG00000064652),6706,0.0
SNX25 (ENSG00000109762),6707,0.0
SNX27 (ENSG00000143376),6708,0.0
SNX33 (ENSG00000173548),6709,0.0
SNX5 (ENSG00000089006),6710,0.0
CORO2A (ENSG00000106789),6711,0.0
SNX6 (ENSG00000129515),6712,0.0
SNX8 (ENSG00000106266),6713,0.0
SNX9 (ENSG00000130340),6714,0.0
SP4 (ENSG00000105866),6715,0.0
SOBP (ENSG00000112320),6716,0.0
SOCS2 (ENSG00000120833),6717,0.0
SOCS4 (ENSG00000180008),6718,0.0
COQ4 (ENSG00000167113),6719,0.0
COQ3 (ENSG00000132423),6720,0.0
COQ2 (ENSG00000173085),6721,0.0
COQ10B (ENSG00000115520),6722,0.0
COQ10A (ENSG00000135469),6723,0.0
SOCS5 (ENSG00000171150),6724,0.0
SOCS7 (ENSG00000274211),6725,0.0
SOD1 (ENSG00000142168),6726,0.0
TMEM18 (ENSG00000151353),6727,0.0
COPS6 (ENSG00000168090),6728,0.0
COPS5 (ENSG00000121022),6729,0.0
SOCS1 (ENSG00000185338),6730,0.0
SLC30A6 (ENSG00000152683),6731,0.0
SLC30A5 (ENSG00000145740),6732,0.0
CTD-2292M16.8 (ENSG00000258768),6733,0.0
DDX39A (ENSG00000123136),6734,0.0
DDX31 (ENSG00000125485),6735,0.0
DDX28 (ENSG00000182810),6736,0.0
DDX27 (ENSG00000124228),6737,0.0
SEMA6B (ENSG00000167680),6738,0.0
DDX25 (ENSG00000109832),6739,0.0
SEMA7A (ENSG00000138623),6740,0.0
DDX23 (ENSG00000174243),6741,0.0
DDX21 (ENSG00000165732),6742,0.0
DDX20 (ENSG00000064703),6743,0.0
SEMG1 (ENSG00000124233),6744,0.0
DDX19A (ENSG00000168872),6745,0.0
DDX18 (ENSG00000088205),6746,0.0
DDX17 (ENSG00000100201),6747,0.0
DDX11-AS1 (ENSG00000245614),6748,0.0
SENP1 (ENSG00000079387),6749,0.0
SENP2 (ENSG00000163904),6750,0.0
DDX1 (ENSG00000079785),6751,0.0
DDTL (ENSG00000099974),6752,0.0
DDT (ENSG00000099977),6753,0.0
SENP6 (ENSG00000112701),6754,0.0
SENP8 (ENSG00000166192),6755,0.0
DDR1 (ENSG00000204580),6756,0.0
SEP15 (ENSG00000183291),6757,0.0
SEPHS1 (ENSG00000086475),6758,0.0
DDIT4L (ENSG00000145358),6759,0.0
SEPN1 (ENSG00000162430),6760,0.0
SEMA6A (ENSG00000092421),6761,0.0
DDIAS (ENSG00000165490),6762,0.0
DDX3X (ENSG00000215301),6763,0.0
SEMA5B (ENSG00000082684),6764,0.0
DEK (ENSG00000124795),6765,0.0
DEGS2 (ENSG00000168350),6766,0.0
SEC62 (ENSG00000008952),6767,0.0
SECISBP2 (ENSG00000187742),6768,0.0
DEF8 (ENSG00000140995),6769,0.0
SECISBP2L (ENSG00000138593),6770,0.0
DEDD2 (ENSG00000160570),6771,0.0
DEDD (ENSG00000158796),6772,0.0
SEH1L (ENSG00000085415),6773,0.0
SEL1L (ENSG00000071537),6774,0.0
SEL1L3 (ENSG00000091490),6775,0.0
DEAF1 (ENSG00000177030),6776,0.0
SELT (ENSG00000198843),6777,0.0
DDX6 (ENSG00000110367),6778,0.0
SELV (ENSG00000186838),6779,0.0
DDX58 (ENSG00000107201),6780,0.0
DDX56 (ENSG00000136271),6781,0.0
DDX55 (ENSG00000111364),6782,0.0
DDX54 (ENSG00000123064),6783,0.0
DDX52 (ENSG00000278053),6784,0.0
DDX51 (ENSG00000185163),6785,0.0
SEMA4A (ENSG00000196189),6786,0.0
SEMA4C (ENSG00000168758),6787,0.0
SEMA4D (ENSG00000187764),6788,0.0
DDX47 (ENSG00000213782),6789,0.0
DDX46 (ENSG00000145833),6790,0.0
DDX42 (ENSG00000198231),6791,0.0
DDX3Y (ENSG00000067048),6792,0.0
DDI2 (ENSG00000197312),6793,0.0
SEPSECS-AS1 (ENSG00000281501),6794,0.0
SEPT2 (ENSG00000168385),6795,0.0
SESN1 (ENSG00000080546),6796,0.0
SET (ENSG00000119335),6797,0.0
SETD1B (ENSG00000139718),6798,0.0
DCBLD2 (ENSG00000057019),6799,0.0
SETD3 (ENSG00000183576),6800,0.0
SETD4 (ENSG00000185917),6801,0.0
SETD5 (ENSG00000168137),6802,0.0
SETD6 (ENSG00000103037),6803,0.0
SETD9 (ENSG00000155542),6804,0.0
DCAF4 (ENSG00000119599),6805,0.0
DCAF17 (ENSG00000115827),6806,0.0
SETX (ENSG00000107290),6807,0.0
DCAF13 (ENSG00000164934),6808,0.0
DCAF12L1 (ENSG00000198889),6809,0.0
SEZ6 (ENSG00000063015),6810,0.0
DCAF11 (ENSG00000100897),6811,0.0
DBT (ENSG00000137992),6812,0.0
DBR1 (ENSG00000138231),6813,0.0
SEZ6L2 (ENSG00000174938),6814,0.0
SF3A1 (ENSG00000099995),6815,0.0
DBNDD1 (ENSG00000003249),6816,0.0
SF3A3 (ENSG00000183431),6817,0.0
DBI (ENSG00000155368),6818,0.0
SF3B3 (ENSG00000189091),6819,0.0
DBF4 (ENSG00000006634),6820,0.0
SF3B5 (ENSG00000169976),6821,0.0
DAZAP1 (ENSG00000071626),6822,0.0
SERPINB9P1 (ENSG00000230438),6823,0.0
DCLK1 (ENSG00000133083),6824,0.0
SERPINB9 (ENSG00000170542),6825,0.0
DCLK3 (ENSG00000163673),6826,0.0
SEPT3 (ENSG00000100167),6827,0.0
SEPT4 (ENSG00000108387),6828,0.0
DDB1 (ENSG00000167986),6829,0.0
SEPW1 (ENSG00000178980),6830,0.0
SERAC1 (ENSG00000122335),6831,0.0
DDA1 (ENSG00000130311),6832,0.0
SERBP1 (ENSG00000142864),6833,0.0
SERF1A (ENSG00000172058),6834,0.0
DCUN1D5 (ENSG00000137692),6835,0.0
DCUN1D4 (ENSG00000109184),6836,0.0
DCUN1D3 (ENSG00000188215),6837,0.0
DCUN1D2 (ENSG00000150401),6838,0.0
DCUN1D1 (ENSG00000043093),6839,0.0
DENND1A (ENSG00000119522),6840,0.0
DCTPP1 (ENSG00000179958),6841,0.0
DCTN5 (ENSG00000166847),6842,0.0
SERF2 (ENSG00000140264),6843,0.0
SERGEF (ENSG00000129158),6844,0.0
DCTN1 (ENSG00000204843),6845,0.0
DCTD (ENSG00000129187),6846,0.0
SERINC3 (ENSG00000132824),6847,0.0
SERP1 (ENSG00000120742),6848,0.0
DCPS (ENSG00000110063),6849,0.0
DCP2 (ENSG00000172795),6850,0.0
SERPINA5 (ENSG00000188488),6851,0.0
SERPINB1 (ENSG00000021355),6852,0.0
SERPINB4 (ENSG00000206073),6853,0.0
DCLRE1A (ENSG00000198924),6854,0.0
DCTN6 (ENSG00000104671),6855,0.0
DAXX (ENSG00000204209),6856,0.0
SEC61G (ENSG00000132432),6857,0.0
SEC61B (ENSG00000106803),6858,0.0
DIMT1 (ENSG00000086189),6859,0.0
DIDO1 (ENSG00000101191),6860,0.0
SCD (ENSG00000099194),6861,0.0
DICER1 (ENSG00000100697),6862,0.0
DIAPH3 (ENSG00000139734),6863,0.0
DIAPH2 (ENSG00000147202),6864,0.0
DIAPH1 (ENSG00000131504),6865,0.0
SCFD1 (ENSG00000092108),6866,0.0
DHX9 (ENSG00000135829),6867,0.0
SCG3 (ENSG00000104112),6868,0.0
DHX58 (ENSG00000108771),6869,0.0
DHX57 (ENSG00000163214),6870,0.0
SCG5 (ENSG00000166922),6871,0.0
DHX38 (ENSG00000140829),6872,0.0
DHX37 (ENSG00000150990),6873,0.0
DHX36 (ENSG00000174953),6874,0.0
DHX35 (ENSG00000101452),6875,0.0
DHX34 (ENSG00000134815),6876,0.0
DHX33 (ENSG00000005100),6877,0.0
SCGB1B2P (ENSG00000268751),6878,0.0
DHX30 (ENSG00000132153),6879,0.0
DHX29 (ENSG00000067248),6880,0.0
DHX15 (ENSG00000109606),6881,0.0
DHTKD1 (ENSG00000181192),6882,0.0
SCGB3A2 (ENSG00000164265),6883,0.0
SCLY (ENSG00000132330),6884,0.0
SCML2 (ENSG00000102098),6885,0.0
SCARB1 (ENSG00000073060),6886,0.0
SCN1B (ENSG00000105711),6887,0.0
DIO3 (ENSG00000197406),6888,0.0
SCAND1 (ENSG00000171222),6889,0.0
DLEU7 (ENSG00000186047),6890,0.0
SAP30BP (ENSG00000161526),6891,0.0
DLEU1 (ENSG00000176124),6892,0.0
SAP30L (ENSG00000164576),6893,0.0
DLD (ENSG00000091140),6894,0.0
SAR1A (ENSG00000079332),6895,0.0
DLAT (ENSG00000150768),6896,0.0
SAR1B (ENSG00000152700),6897,0.0
SARDH (ENSG00000123453),6898,0.0
SARS2 (ENSG00000104835),6899,0.0
SART3 (ENSG00000075856),6900,0.0
SASS6 (ENSG00000156876),6901,0.0
SATB1 (ENSG00000182568),6902,0.0
DKC1 (ENSG00000130826),6903,0.0
SAV1 (ENSG00000151748),6904,0.0
SBK1 (ENSG00000188322),6905,0.0
SBNO1 (ENSG00000139697),6906,0.0
SBNO2 (ENSG00000064932),6907,0.0
DIS3L (ENSG00000166938),6908,0.0
DIS3 (ENSG00000083520),6909,0.0
SBSN (ENSG00000189001),6910,0.0
SC5D (ENSG00000109929),6911,0.0
SCAF11 (ENSG00000139218),6912,0.0
SCAF8 (ENSG00000213079),6913,0.0
SCAI (ENSG00000173611),6914,0.0
SCAMP5 (ENSG00000198794),6915,0.0
DIP2B (ENSG00000066084),6916,0.0
SCAP (ENSG00000114650),6917,0.0
DHRS4L2 (ENSG00000187630),6918,0.0
SCN4A (ENSG00000007314),6919,0.0
SCN5A (ENSG00000183873),6920,0.0
SDHC (ENSG00000143252),6921,0.0
SDHD (ENSG00000204370),6922,0.0
DFFA (ENSG00000160049),6923,0.0
SDS (ENSG00000135094),6924,0.0
DESI2 (ENSG00000121644),6925,0.0
DESI1 (ENSG00000100418),6926,0.0
SEC11A (ENSG00000140612),6927,0.0
DERL3 (ENSG00000099958),6928,0.0
DERL2 (ENSG00000072849),6929,0.0
DERL1 (ENSG00000136986),6930,0.0
SEC11C (ENSG00000166562),6931,0.0
SEC14L1 (ENSG00000129657),6932,0.0
DEPDC5 (ENSG00000100150),6933,0.0
SEC14L4 (ENSG00000133488),6934,0.0
DEPDC1B (ENSG00000035499),6935,0.0
DEPDC1-AS1 (ENSG00000234264),6936,0.0
DEPDC1 (ENSG00000024526),6937,0.0
DENR (ENSG00000139726),6938,0.0
SEC22B (ENSG00000265808),6939,0.0
SEC22C (ENSG00000093183),6940,0.0
DENND5B (ENSG00000170456),6941,0.0
DENND5A (ENSG00000184014),6942,0.0
SEC23B (ENSG00000101310),6943,0.0
DENND4B (ENSG00000198837),6944,0.0
SEC61A2 (ENSG00000065665),6945,0.0
DENND2D (ENSG00000162777),6946,0.0
DENND2C (ENSG00000175984),6947,0.0
SDHB (ENSG00000117118),6948,0.0
DGAT2 (ENSG00000062282),6949,0.0
DGCR14 (ENSG00000100056),6950,0.0
DGCR2 (ENSG00000070413),6951,0.0
DHRS3 (ENSG00000162496),6952,0.0
SCN8A (ENSG00000196876),6953,0.0
DHRS13 (ENSG00000167536),6954,0.0
DHRS12 (ENSG00000102796),6955,0.0
DHRS11 (ENSG00000278535),6956,0.0
SCN9A (ENSG00000169432),6957,0.0
SCNN1A (ENSG00000111319),6958,0.0
DHODH (ENSG00000102967),6959,0.0
SCO1 (ENSG00000133028),6960,0.0
DHFR (ENSG00000228716),6961,0.0
SCO2 (ENSG00000130489),6962,0.0
DHDDS (ENSG00000117682),6963,0.0
DHCR24 (ENSG00000116133),6964,0.0
DENND1C (ENSG00000205744),6965,0.0
DGUOK-AS1 (ENSG00000237883),6966,0.0
SCP2 (ENSG00000116171),6967,0.0
SCT (ENSG00000070031),6968,0.0
SCYL2 (ENSG00000136021),6969,0.0
SDAD1 (ENSG00000198301),6970,0.0
DGKG (ENSG00000058866),6971,0.0
DGKE (ENSG00000153933),6972,0.0
SDCCAG3 (ENSG00000165689),6973,0.0
SDCCAG8 (ENSG00000054282),6974,0.0
SDF2 (ENSG00000132581),6975,0.0
SDF2L1 (ENSG00000128228),6976,0.0
SDHAF2 (ENSG00000167985),6977,0.0
SDHAF3 (ENSG00000196636),6978,0.0
SDHAF4 (ENSG00000154079),6979,0.0
DGUOK (ENSG00000114956),6980,0.0
SF3B6 (ENSG00000115128),6981,0.0
DARS2 (ENSG00000117593),6982,0.0
SFMBT1 (ENSG00000163935),6983,0.0
SLC19A1 (ENSG00000173638),6984,0.0
CTNNA1 (ENSG00000044115),6985,0.0
SLC19A2 (ENSG00000117479),6986,0.0
SLC1A1 (ENSG00000106688),6987,0.0
CTH (ENSG00000116761),6988,0.0
SLC1A5 (ENSG00000105281),6989,0.0
CTDSPL2 (ENSG00000137770),6990,0.0
SLC1A6 (ENSG00000105143),6991,0.0
SLC20A2 (ENSG00000168575),6992,0.0
CTDP1 (ENSG00000060069),6993,0.0
CTDNEP1 (ENSG00000175826),6994,0.0
SLC22A18AS (ENSG00000254827),6995,0.0
SLC22A2 (ENSG00000112499),6996,0.0
CTD-3222D19.12 (ENSG00000269399),6997,0.0
SLC22A23 (ENSG00000137266),6998,0.0
SLC22A3 (ENSG00000146477),6999,0.0
SLC22A31 (ENSG00000259803),7000,0.0
SLC24A1 (ENSG00000074621),7001,0.0
SLC24A2 (ENSG00000155886),7002,0.0
SLC24A3 (ENSG00000185052),7003,0.0
SLC25A1 (ENSG00000100075),7004,0.0
CTD-3138B18.5 (ENSG00000268516),7005,0.0
SLC25A10 (ENSG00000183048),7006,0.0
SLC25A13 (ENSG00000004864),7007,0.0
SLC25A15 (ENSG00000102743),7008,0.0
CTD-3088G3.8 (ENSG00000188897),7009,0.0
SLC25A16 (ENSG00000122912),7010,0.0
SLC18A2 (ENSG00000165646),7011,0.0
SLC25A18 (ENSG00000182902),7012,0.0
CTNNAL1 (ENSG00000119326),7013,0.0
CTNNBIP1 (ENSG00000178585),7014,0.0
SLC12A9 (ENSG00000146828),7015,0.0
SLC13A3 (ENSG00000158296),7016,0.0
CTU2 (ENSG00000174177),7017,0.0
CTU1 (ENSG00000142544),7018,0.0
CTTNBP2NL (ENSG00000143079),7019,0.0
CTTNBP2 (ENSG00000077063),7020,0.0
CTTN (ENSG00000085733),7021,0.0
SLC15A2 (ENSG00000163406),7022,0.0
CTSV (ENSG00000136943),7023,0.0
SLC15A4 (ENSG00000139370),7024,0.0
SLC16A1 (ENSG00000155380),7025,0.0
SLC16A1-AS1 (ENSG00000226419),7026,0.0
SLC16A10 (ENSG00000112394),7027,0.0
CTSH (ENSG00000103811),7028,0.0
CTSF (ENSG00000174080),7029,0.0
CTSD (ENSG00000117984),7030,0.0
CTSC (ENSG00000109861),7031,0.0
SLC16A12 (ENSG00000152779),7032,0.0
CTSA (ENSG00000064601),7033,0.0
CTRL (ENSG00000141086),7034,0.0
CTR9 (ENSG00000198730),7035,0.0
CTPS2 (ENSG00000047230),7036,0.0
CTPS1 (ENSG00000171793),7037,0.0
SLC16A8 (ENSG00000100156),7038,0.0
SLC16A9 (ENSG00000165449),7039,0.0
CTNND1 (ENSG00000198561),7040,0.0
SLC17A5 (ENSG00000119899),7041,0.0
SLC17A9 (ENSG00000101194),7042,0.0
SLC25A19 (ENSG00000125454),7043,0.0
CTD-3064H18.2 (ENSG00000267115),7044,0.0
SLC25A21 (ENSG00000183032),7045,0.0
SLC26A2 (ENSG00000155850),7046,0.0
CTD-2396E7.11 (ENSG00000275234),7047,0.0
SLC26A4 (ENSG00000091137),7048,0.0
SLC26A8 (ENSG00000112053),7049,0.0
SLC27A2 (ENSG00000140284),7050,0.0
SLC27A3 (ENSG00000143554),7051,0.0
SLC27A4 (ENSG00000167114),7052,0.0
CTD-2366F13.1 (ENSG00000247796),7053,0.0
CTD-2350C19.2 (ENSG00000265254),7054,0.0
CTD-2349P21.9 (ENSG00000266490),7055,0.0
SLC27A5 (ENSG00000083807),7056,0.0
SLC29A1 (ENSG00000112759),7057,0.0
SLC29A2 (ENSG00000174669),7058,0.0
SLC29A3 (ENSG00000198246),7059,0.0
CTD-2331H12.7 (ENSG00000269646),7060,0.0
SLC2A1 (ENSG00000117394),7061,0.0
SLC2A1-AS1 (ENSG00000227533),7062,0.0
CTD-2320G14.2 (ENSG00000253596),7063,0.0
SLC2A11 (ENSG00000133460),7064,0.0
SLC2A3 (ENSG00000059804),7065,0.0
SLC2A6 (ENSG00000160326),7066,0.0
CTD-2309O5.3 (ENSG00000261848),7067,0.0
SLC2A8 (ENSG00000136856),7068,0.0
CTD-2306M5.1 (ENSG00000248605),7069,0.0
SLC30A1 (ENSG00000170385),7070,0.0
CTD-2302E22.4 (ENSG00000261242),7071,0.0
SLC30A3 (ENSG00000115194),7072,0.0
CTD-2501M5.1 (ENSG00000253507),7073,0.0
CTD-2506P8.6 (ENSG00000273783),7074,0.0
SLC26A1 (ENSG00000145217),7075,0.0
SLC25A53 (ENSG00000269743),7076,0.0
CTD-3035K23.6 (ENSG00000277463),7077,0.0
SLC25A22 (ENSG00000177542),7078,0.0
CTD-3025N20.3 (ENSG00000272010),7079,0.0
CTD-3001H11.2 (ENSG00000277383),7080,0.0
SLC25A23 (ENSG00000125648),7081,0.0
SLC25A26 (ENSG00000144741),7082,0.0
CTD-2600O9.2 (ENSG00000276166),7083,0.0
SLC25A28 (ENSG00000155287),7084,0.0
SLC25A29 (ENSG00000197119),7085,0.0
CTD-2588C8.8 (ENSG00000267024),7086,0.0
SLC25A30 (ENSG00000174032),7087,0.0
SLC25A32 (ENSG00000164933),7088,0.0
SLC25A33 (ENSG00000171612),7089,0.0
SLC12A8 (ENSG00000221955),7090,0.0
SLC25A34 (ENSG00000162461),7091,0.0
SLC25A36 (ENSG00000114120),7092,0.0
CTD-2547L16.1 (ENSG00000245281),7093,0.0
SLC25A38 (ENSG00000144659),7094,0.0
SLC25A39 (ENSG00000013306),7095,0.0
SLC25A4 (ENSG00000151729),7096,0.0
CTD-2540B15.9 (ENSG00000267130),7097,0.0
SLC25A44 (ENSG00000160785),7098,0.0
SLC25A46 (ENSG00000164209),7099,0.0
CTD-2528L19.6 (ENSG00000267152),7100,0.0
CTD-2527I21.7 (ENSG00000269303),7101,0.0
SLC25A48 (ENSG00000145832),7102,0.0
SLC25A5 (ENSG00000005022),7103,0.0
SLC25A51 (ENSG00000122696),7104,0.0
SLC25A35 (ENSG00000125434),7105,0.0
SLC12A6 (ENSG00000140199),7106,0.0
CUL1 (ENSG00000055130),7107,0.0
SLC12A5 (ENSG00000124140),7108,0.0
SH2D2A (ENSG00000027869),7109,0.0
SH2D3A (ENSG00000125731),7110,0.0
SH2D5 (ENSG00000189410),7111,0.0
CYP51A1 (ENSG00000001630),7112,0.0
SH3BGR (ENSG00000185437),7113,0.0
SH3BGRL2 (ENSG00000198478),7114,0.0
CYP4F26P (ENSG00000226562),7115,0.0
SH3BGRL3 (ENSG00000142669),7116,0.0
CYP3A5 (ENSG00000106258),7117,0.0
SH3BP2 (ENSG00000087266),7118,0.0
SH3BP4 (ENSG00000130147),7119,0.0
CYP2U1 (ENSG00000155016),7120,0.0
CYP2S1 (ENSG00000167600),7121,0.0
SH3BP5L (ENSG00000175137),7122,0.0
SH3D19 (ENSG00000109686),7123,0.0
SH3GL2 (ENSG00000107295),7124,0.0
SH3GLB1 (ENSG00000097033),7125,0.0
CYP2A13 (ENSG00000197838),7126,0.0
SH3PXD2B (ENSG00000174705),7127,0.0
CYP27B1 (ENSG00000111012),7128,0.0
SHANK2 (ENSG00000162105),7129,0.0
SHC1 (ENSG00000160691),7130,0.0
CYP26A1 (ENSG00000095596),7131,0.0
SHCBP1 (ENSG00000171241),7132,0.0
CYP20A1 (ENSG00000119004),7133,0.0
SHFM1 (ENSG00000127922),7134,0.0
SHISA2 (ENSG00000180730),7135,0.0
CYSLTR1 (ENSG00000173198),7136,0.0
SH2B3 (ENSG00000111252),7137,0.0
CYSRT1 (ENSG00000197191),7138,0.0
CYSTM1 (ENSG00000120306),7139,0.0
DARS (ENSG00000115866),7140,0.0
DAPL1 (ENSG00000163331),7141,0.0
SFMBT2 (ENSG00000198879),7142,0.0
SFPQ (ENSG00000116560),7143,0.0
DAPK1 (ENSG00000196730),7144,0.0
SFRP1 (ENSG00000104332),7145,0.0
SFRP2 (ENSG00000145423),7146,0.0
DANT1 (ENSG00000229335),7147,0.0
SFT2D1 (ENSG00000198818),7148,0.0
SFT2D2 (ENSG00000213064),7149,0.0
DAGLB (ENSG00000164535),7150,0.0
DAG1 (ENSG00000173402),7151,0.0
SFTPD (ENSG00000133661),7152,0.0
SHISA5 (ENSG00000164054),7153,0.0
SFXN1 (ENSG00000164466),7154,0.0
SFXN5 (ENSG00000144040),7155,0.0
SGCA (ENSG00000108823),7156,0.0
DAB2IP (ENSG00000136848),7157,0.0
SGK223 (ENSG00000275342),7158,0.0
SGK3 (ENSG00000104205),7159,0.0
SGK494 (ENSG00000167524),7160,0.0
SGMS2 (ENSG00000164023),7161,0.0
SGOL1 (ENSG00000129810),7162,0.0
D21S2088E (ENSG00000228592),7163,0.0
SGOL2 (ENSG00000163535),7164,0.0
SGPL1 (ENSG00000166224),7165,0.0
SGSM1 (ENSG00000167037),7166,0.0
SGTB (ENSG00000197860),7167,0.0
SFXN2 (ENSG00000156398),7168,0.0
SS18 (ENSG00000141380),7169,0.0
SHISA9 (ENSG00000237515),7170,0.0
SHPK (ENSG00000197417),7171,0.0
CXCL5 (ENSG00000163735),7172,0.0
CXCL3 (ENSG00000163734),7173,0.0
SIX4 (ENSG00000100625),7174,0.0
CXCL17 (ENSG00000189377),7175,0.0
SIX6 (ENSG00000184302),7176,0.0
SKA1 (ENSG00000154839),7177,0.0
SKA2 (ENSG00000182628),7178,0.0
SKA3 (ENSG00000165480),7179,0.0
SKI (ENSG00000157933),7180,0.0
SKIL (ENSG00000136603),7181,0.0
CXADR (ENSG00000154639),7182,0.0
SKIV2L2 (ENSG00000039123),7183,0.0
SKP1 (ENSG00000113558),7184,0.0
CWF19L1 (ENSG00000095485),7185,0.0
CWC27 (ENSG00000153015),7186,0.0
SKP2 (ENSG00000145604),7187,0.0
CWC22 (ENSG00000163510),7188,0.0
CUZD1 (ENSG00000138161),7189,0.0
SLAIN2 (ENSG00000109171),7190,0.0
SLC11A2 (ENSG00000110911),7191,0.0
CUTC (ENSG00000119929),7192,0.0
SLC12A1 (ENSG00000074803),7193,0.0
SLC12A2 (ENSG00000064651),7194,0.0
CUL5 (ENSG00000166266),7195,0.0
CUL4B (ENSG00000158290),7196,0.0
CUL4A (ENSG00000139842),7197,0.0
CUL3 (ENSG00000036257),7198,0.0
CXCL6 (ENSG00000124875),7199,0.0
SIX3 (ENSG00000138083),7200,0.0
CXXC1 (ENSG00000154832),7201,0.0
SIVA1 (ENSG00000184990),7202,0.0
SHPRH (ENSG00000146414),7203,0.0
SHQ1 (ENSG00000144736),7204,0.0
SHROOM2 (ENSG00000146950),7205,0.0
CYCS (ENSG00000172115),7206,0.0
CYC1 (ENSG00000179091),7207,0.0
SIK1 (ENSG00000142178),7208,0.0
CYBA (ENSG00000051523),7209,0.0
CYB5RL (ENSG00000215883),7210,0.0
CYB5R4 (ENSG00000065615),7211,0.0
SIK3 (ENSG00000160584),7212,0.0
CYB5R2 (ENSG00000166394),7213,0.0
SIKE1 (ENSG00000052723),7214,0.0
SIN3A (ENSG00000169375),7215,0.0
SHMT1 (ENSG00000176974),7216,0.0
SIN3B (ENSG00000127511),7217,0.0
CYB5A (ENSG00000166347),7218,0.0
SIPA1 (ENSG00000213445),7219,0.0
CYB561D2 (ENSG00000114395),7220,0.0
SIPA1L1 (ENSG00000197555),7221,0.0
CYB561A3 (ENSG00000162144),7222,0.0
CYB561 (ENSG00000008283),7223,0.0
SIRT1 (ENSG00000096717),7224,0.0
CXorf56 (ENSG00000018610),7225,0.0
SIRT5 (ENSG00000124523),7226,0.0
SIRT7 (ENSG00000187531),7227,0.0
CXorf38 (ENSG00000185753),7228,0.0
SIT1 (ENSG00000137078),7229,0.0
CXorf23 (ENSG00000173681),7230,0.0
CYB5B (ENSG00000103018),7231,0.0
SS18L1 (ENSG00000184402),7232,0.0
METTL22 (ENSG00000067365),7233,0.0
SS18L2 (ENSG00000008324),7234,0.0
CDIP1 (ENSG00000089486),7235,0.0
CDHR3 (ENSG00000128536),7236,0.0
CDHR1 (ENSG00000148600),7237,0.0
CDH9 (ENSG00000113100),7238,0.0
CDH8 (ENSG00000150394),7239,0.0
TCEB3 (ENSG00000011007),7240,0.0
TCEB3-AS1 (ENSG00000236810),7241,0.0
TCERG1 (ENSG00000113649),7242,0.0
CDH4 (ENSG00000179242),7243,0.0
CDH3 (ENSG00000062038),7244,0.0
CDH26 (ENSG00000124215),7245,0.0
CDH24 (ENSG00000139880),7246,0.0
TCF19 (ENSG00000137310),7247,0.0
TCF20 (ENSG00000100207),7248,0.0
TCF3 (ENSG00000071564),7249,0.0
TCF7L1 (ENSG00000152284),7250,0.0
TCF7L2 (ENSG00000148737),7251,0.0
TCFL5 (ENSG00000101190),7252,0.0
TCL1A (ENSG00000100721),7253,0.0
TCL1B (ENSG00000213231),7254,0.0
TCN2 (ENSG00000185339),7255,0.0
TCOF1 (ENSG00000070814),7256,0.0
CDH1 (ENSG00000039068),7257,0.0
CDCP1 (ENSG00000163814),7258,0.0
CDCA8 (ENSG00000134690),7259,0.0
CDIPT (ENSG00000103502),7260,0.0
CDIPT-AS1 (ENSG00000214725),7261,0.0
TCEB2 (ENSG00000103363),7262,0.0
TCEB1 (ENSG00000154582),7263,0.0
TBCCD1 (ENSG00000113838),7264,0.0
TBCE (ENSG00000116957),7265,0.0
TBK1 (ENSG00000183735),7266,0.0
TBL1X (ENSG00000101849),7267,0.0
TBL1XR1 (ENSG00000177565),7268,0.0
CDK7 (ENSG00000134058),7269,0.0
TBP (ENSG00000112592),7270,0.0
TBPL1 (ENSG00000028839),7271,0.0
CDK5RAP1 (ENSG00000101391),7272,0.0
TBRG1 (ENSG00000154144),7273,0.0
TBRG4 (ENSG00000136270),7274,0.0
TBX19 (ENSG00000143178),7275,0.0
CDCA7L (ENSG00000164649),7276,0.0
CDK2AP2 (ENSG00000167797),7277,0.0
TC2N (ENSG00000165929),7278,0.0
TCAP (ENSG00000173991),7279,0.0
TCEA1 (ENSG00000187735),7280,0.0
CDK18 (ENSG00000117266),7281,0.0
TCEAL2 (ENSG00000184905),7282,0.0
TCEAL4 (ENSG00000133142),7283,0.0
TCEAL8 (ENSG00000180964),7284,0.0
CDK14 (ENSG00000058091),7285,0.0
TCEANC2 (ENSG00000116205),7286,0.0
CDK12 (ENSG00000167258),7287,0.0
CDK11B (ENSG00000248333),7288,0.0
CDK11A (ENSG00000008128),7289,0.0
CDK2AP1 (ENSG00000111328),7290,0.0
TCP1 (ENSG00000120438),7291,0.0
CDCA5 (ENSG00000146670),7292,0.0
CDCA3 (ENSG00000111665),7293,0.0
CDC14B (ENSG00000081377),7294,0.0
TEAD4 (ENSG00000197905),7295,0.0
CDC123 (ENSG00000151465),7296,0.0
TEC (ENSG00000135605),7297,0.0
CDA (ENSG00000158825),7298,0.0
TEFM (ENSG00000172171),7299,0.0
TEK (ENSG00000120156),7300,0.0
TEKT3 (ENSG00000125409),7301,0.0
TELO2 (ENSG00000100726),7302,0.0
CD9 (ENSG00000010278),7303,0.0
TENM3 (ENSG00000218336),7304,0.0
TEP1 (ENSG00000129566),7305,0.0
CDC16 (ENSG00000130177),7306,0.0
TERF1 (ENSG00000147601),7307,0.0
CD81 (ENSG00000110651),7308,0.0
TERT (ENSG00000164362),7309,0.0
CD79A (ENSG00000105369),7310,0.0
TES (ENSG00000135269),7311,0.0
TESC (ENSG00000088992),7312,0.0
CD70 (ENSG00000125726),7313,0.0
TESK2 (ENSG00000070759),7314,0.0
TET1 (ENSG00000138336),7315,0.0
TEX10 (ENSG00000136891),7316,0.0
TEX11 (ENSG00000120498),7317,0.0
TEX14 (ENSG00000121101),7318,0.0
TEX15 (ENSG00000133863),7319,0.0
TERF2 (ENSG00000132604),7320,0.0
TBCB (ENSG00000105254),7321,0.0
CDC20 (ENSG00000117399),7322,0.0
CDC25A (ENSG00000164045),7323,0.0
CDCA2 (ENSG00000184661),7324,0.0
CDC73 (ENSG00000134371),7325,0.0
CDC7 (ENSG00000097046),7326,0.0
CDC6 (ENSG00000094804),7327,0.0
CDC5L (ENSG00000096401),7328,0.0
TCP11L1 (ENSG00000176148),7329,0.0
CDC42SE2 (ENSG00000158985),7330,0.0
TDG (ENSG00000139372),7331,0.0
TDGF1 (ENSG00000241186),7332,0.0
TDP1 (ENSG00000042088),7333,0.0
CDC42EP3 (ENSG00000163171),7334,0.0
CDC42EP2 (ENSG00000149798),7335,0.0
TEAD2 (ENSG00000074219),7336,0.0
TDP2 (ENSG00000111802),7337,0.0
CDC42BPB (ENSG00000198752),7338,0.0
TDRD7 (ENSG00000196116),7339,0.0
CDC42 (ENSG00000070831),7340,0.0
CDC40 (ENSG00000168438),7341,0.0
TDRG1 (ENSG00000204091),7342,0.0
CDC37L1 (ENSG00000106993),7343,0.0
CDC37 (ENSG00000105401),7344,0.0
CDC34 (ENSG00000099804),7345,0.0
CDC27 (ENSG00000004897),7346,0.0
CDC26 (ENSG00000176386),7347,0.0
TDRKH (ENSG00000182134),7348,0.0
TDRP (ENSG00000180190),7349,0.0
CDC42BPG (ENSG00000171219),7350,0.0
CD58 (ENSG00000116815),7351,0.0
TBCA (ENSG00000171530),7352,0.0
TBC1D8 (ENSG00000204634),7353,0.0
TAF12 (ENSG00000120656),7354,0.0
CEP68 (ENSG00000011523),7355,0.0
TAF13 (ENSG00000197780),7356,0.0
TAF15 (ENSG00000270647),7357,0.0
CEP57 (ENSG00000166037),7358,0.0
TAF1A-AS1 (ENSG00000225265),7359,0.0
TAF1B (ENSG00000115750),7360,0.0
CEP295 (ENSG00000166004),7361,0.0
TAF1C (ENSG00000103168),7362,0.0
TAF1D (ENSG00000166012),7363,0.0
TAF2 (ENSG00000064313),7364,0.0
TAF4 (ENSG00000130699),7365,0.0
CEP170B (ENSG00000099814),7366,0.0
CEP170 (ENSG00000143702),7367,0.0
CEP152 (ENSG00000103995),7368,0.0
TAF4B (ENSG00000141384),7369,0.0
TAF5 (ENSG00000148835),7370,0.0
CEP120 (ENSG00000168944),7371,0.0
TAF6 (ENSG00000106290),7372,0.0
CEP104 (ENSG00000116198),7373,0.0
CENPW (ENSG00000203760),7374,0.0
TAF6L (ENSG00000162227),7375,0.0
CENPU (ENSG00000151725),7376,0.0
CENPQ (ENSG00000031691),7377,0.0
CENPP (ENSG00000188312),7378,0.0
CEP76 (ENSG00000101624),7379,0.0
TAF11 (ENSG00000064995),7380,0.0
CEP85 (ENSG00000130695),7381,0.0
TAF10 (ENSG00000166337),7382,0.0
SYT13 (ENSG00000019505),7383,0.0
SYT14 (ENSG00000143469),7384,0.0
SYT2 (ENSG00000143858),7385,0.0
SYT3 (ENSG00000213023),7386,0.0
SYT6 (ENSG00000134207),7387,0.0
SYT9 (ENSG00000170743),7388,0.0
SZRD1 (ENSG00000055070),7389,0.0
T (ENSG00000164458),7390,0.0
CETN3 (ENSG00000153140),7391,0.0
TAB2 (ENSG00000055208),7392,0.0
TAB3 (ENSG00000157625),7393,0.0
TAC3 (ENSG00000166863),7394,0.0
CENPO (ENSG00000138092),7395,0.0
TACC2 (ENSG00000138162),7396,0.0
CERS6 (ENSG00000172292),7397,0.0
TACO1 (ENSG00000136463),7398,0.0
CERS4 (ENSG00000090661),7399,0.0
CERS3 (ENSG00000154227),7400,0.0
CERS2 (ENSG00000143418),7401,0.0
CERS1 (ENSG00000223802),7402,0.0
TACR3 (ENSG00000169836),7403,0.0
TADA1 (ENSG00000152382),7404,0.0
CER1 (ENSG00000147869),7405,0.0
TADA2A (ENSG00000276234),7406,0.0
TADA2B (ENSG00000173011),7407,0.0
TAF1 (ENSG00000147133),7408,0.0
TACC3 (ENSG00000013810),7409,0.0
CENPN (ENSG00000166451),7410,0.0
CENPM (ENSG00000100162),7411,0.0
TAF8 (ENSG00000137413),7412,0.0
TATDN1 (ENSG00000147687),7413,0.0
CEBPA-AS1 (ENSG00000267296),7414,0.0
TATDN2 (ENSG00000157014),7415,0.0
TATDN3 (ENSG00000203705),7416,0.0
TAX1BP1 (ENSG00000106052),7417,0.0
TBC1D1 (ENSG00000065882),7418,0.0
TBC1D10B (ENSG00000169221),7419,0.0
CDYL (ENSG00000153046),7420,0.0
TBC1D13 (ENSG00000107021),7421,0.0
TBC1D14 (ENSG00000132405),7422,0.0
CDV3 (ENSG00000091527),7423,0.0
TBC1D15 (ENSG00000121749),7424,0.0
TASP1 (ENSG00000089123),7425,0.0
TBC1D16 (ENSG00000167291),7426,0.0
CDRT4 (ENSG00000239704),7427,0.0
CDR2L (ENSG00000109089),7428,0.0
CDR2 (ENSG00000140743),7429,0.0
TBC1D17 (ENSG00000104946),7430,0.0
TBC1D22A (ENSG00000054611),7431,0.0
TBC1D22B (ENSG00000065491),7432,0.0
TBC1D24 (ENSG00000162065),7433,0.0
CDKN3 (ENSG00000100526),7434,0.0
TBC1D31 (ENSG00000156787),7435,0.0
TBC1D4 (ENSG00000136111),7436,0.0
TBC1D7 (ENSG00000145979),7437,0.0
CDKN2AIPNL (ENSG00000237190),7438,0.0
CDS1 (ENSG00000163624),7439,0.0
CDKN2A (ENSG00000147889),7440,0.0
TARS (ENSG00000113407),7441,0.0
CEBPG (ENSG00000153879),7442,0.0
CENPK (ENSG00000123219),7443,0.0
TAF9 (ENSG00000273841),7444,0.0
CENPH (ENSG00000153044),7445,0.0
CENPE (ENSG00000138778),7446,0.0
TAGLN (ENSG00000149591),7447,0.0
CENPBD1 (ENSG00000177946),7448,0.0
TALDO1 (ENSG00000177156),7449,0.0
TANGO2 (ENSG00000183597),7450,0.0
TANGO6 (ENSG00000103047),7451,0.0
CELSR3-AS1 (ENSG00000228350),7452,0.0
CELSR3 (ENSG00000008300),7453,0.0
CELSR2 (ENSG00000143126),7454,0.0
CEBPE (ENSG00000092067),7455,0.0
TAOK1 (ENSG00000160551),7456,0.0
TAP1 (ENSG00000168394),7457,0.0
TAP2 (ENSG00000204267),7458,0.0
TARBP2 (ENSG00000139546),7459,0.0
CELF1 (ENSG00000149187),7460,0.0
CEL (ENSG00000170835),7461,0.0
CECR6 (ENSG00000183307),7462,0.0
TARDBP (ENSG00000120948),7463,0.0
CECR5 (ENSG00000069998),7464,0.0
CECR2 (ENSG00000099954),7465,0.0
CECR1 (ENSG00000093072),7466,0.0
CEBPZOS (ENSG00000218739),7467,0.0
CEBPZ (ENSG00000115816),7468,0.0
CELF5 (ENSG00000161082),7469,0.0
CD55 (ENSG00000196352),7470,0.0
CD53 (ENSG00000143119),7471,0.0
TEX261 (ENSG00000144043),7472,0.0
TLK2 (ENSG00000146872),7473,0.0
TLL2 (ENSG00000095587),7474,0.0
TLR3 (ENSG00000164342),7475,0.0
CCDC172 (ENSG00000182645),7476,0.0
TM2D2 (ENSG00000169490),7477,0.0
CCDC17 (ENSG00000159588),7478,0.0
CCDC169 (ENSG00000242715),7479,0.0
TM4SF18 (ENSG00000163762),7480,0.0
TM7SF2 (ENSG00000149809),7481,0.0
TM7SF3 (ENSG00000064115),7482,0.0
TM9SF3 (ENSG00000077147),7483,0.0
TMA16 (ENSG00000198498),7484,0.0
CCDC152 (ENSG00000198865),7485,0.0
TMA7 (ENSG00000232112),7486,0.0
TMBIM1 (ENSG00000135926),7487,0.0
TMBIM4 (ENSG00000155957),7488,0.0
TMC3-AS1 (ENSG00000259343),7489,0.0
TMC7 (ENSG00000170537),7490,0.0
TMCC1 (ENSG00000172765),7491,0.0
TMCO4 (ENSG00000162542),7492,0.0
TMED10 (ENSG00000170348),7493,0.0
TMED5 (ENSG00000117500),7494,0.0
CCDC141 (ENSG00000163492),7495,0.0
CCDC138 (ENSG00000163006),7496,0.0
CCDC137 (ENSG00000185298),7497,0.0
CCDC177 (ENSG00000267909),7498,0.0
TLK1 (ENSG00000198586),7499,0.0
TLE3 (ENSG00000140332),7500,0.0
TLDC2 (ENSG00000101342),7501,0.0
TIMM50 (ENSG00000105197),7502,0.0
TIMM8A (ENSG00000126953),7503,0.0
TIMM8B (ENSG00000150779),7504,0.0
CCDC6 (ENSG00000108091),7505,0.0
CCDC59 (ENSG00000133773),7506,0.0
CCDC58 (ENSG00000160124),7507,0.0
TIMM9 (ENSG00000100575),7508,0.0
TIMMDC1 (ENSG00000113845),7509,0.0
CCDC51 (ENSG00000164051),7510,0.0
TIMP4 (ENSG00000157150),7511,0.0
CCDC47 (ENSG00000108588),7512,0.0
CCDC43 (ENSG00000180329),7513,0.0
CCDC136 (ENSG00000128596),7514,0.0
TIPIN (ENSG00000075131),7515,0.0
TIPRL (ENSG00000143155),7516,0.0
CCDC34 (ENSG00000109881),7517,0.0
TIRAP (ENSG00000150455),7518,0.0
TJP1 (ENSG00000104067),7519,0.0
TJP2 (ENSG00000119139),7520,0.0
CCDC28A (ENSG00000024862),7521,0.0
CCDC25 (ENSG00000147419),7522,0.0
TJP3 (ENSG00000105289),7523,0.0
TK1 (ENSG00000167900),7524,0.0
TKT (ENSG00000163931),7525,0.0
CCDC186 (ENSG00000165813),7526,0.0
TLCD1 (ENSG00000160606),7527,0.0
CCDC39 (ENSG00000145075),7528,0.0
TMED8 (ENSG00000100580),7529,0.0
TMEM102 (ENSG00000181284),7530,0.0
TMEM106B (ENSG00000106460),7531,0.0
CBWD5 (ENSG00000147996),7532,0.0
TMEM150B (ENSG00000180061),7533,0.0
TMEM151B (ENSG00000178233),7534,0.0
CBWD1 (ENSG00000172785),7535,0.0
CBS (ENSG00000160200),7536,0.0
CBR4 (ENSG00000145439),7537,0.0
CBR3 (ENSG00000159231),7538,0.0
CBR1 (ENSG00000159228),7539,0.0
TMEM158 (ENSG00000249992),7540,0.0
TMEM159 (ENSG00000011638),7541,0.0
TMEM160 (ENSG00000130748),7542,0.0
CBLN1 (ENSG00000102924),7543,0.0
TMEM150A (ENSG00000168890),7544,0.0
CBLL1 (ENSG00000105879),7545,0.0
CBLB (ENSG00000114423),7546,0.0
CBL (ENSG00000110395),7547,0.0
TMEM161B-AS1 (ENSG00000247828),7548,0.0
TMEM163 (ENSG00000152128),7549,0.0
TMEM164 (ENSG00000157600),7550,0.0
TMEM165 (ENSG00000134851),7551,0.0
TMEM167A (ENSG00000174695),7552,0.0
TMEM170A (ENSG00000166822),7553,0.0
TMEM171 (ENSG00000157111),7554,0.0
CATSPER4 (ENSG00000188782),7555,0.0
TMEM177 (ENSG00000144120),7556,0.0
TMEM178B (ENSG00000261115),7557,0.0
CBLC (ENSG00000142273),7558,0.0
CCDC63 (ENSG00000173093),7559,0.0
CBX2 (ENSG00000173894),7560,0.0
TMEM14B (ENSG00000137210),7561,0.0
TMEM108 (ENSG00000144868),7562,0.0
TMEM11 (ENSG00000178307),7563,0.0
TMEM110 (ENSG00000213533),7564,0.0
CCDC122 (ENSG00000151773),7565,0.0
TMEM120B (ENSG00000188735),7566,0.0
TMEM125 (ENSG00000179178),7567,0.0
TMEM126A (ENSG00000171202),7568,0.0
CCDC117 (ENSG00000159873),7569,0.0
TMEM126B (ENSG00000171204),7570,0.0
TMEM127 (ENSG00000135956),7571,0.0
CCDC112 (ENSG00000164221),7572,0.0
CCDC109B (ENSG00000005059),7573,0.0
TMEM14C (ENSG00000111843),7574,0.0
TMEM131 (ENSG00000075568),7575,0.0
TMEM133 (ENSG00000170647),7576,0.0
CCBL2 (ENSG00000137944),7577,0.0
CCBL1 (ENSG00000171097),7578,0.0
TMEM136 (ENSG00000181264),7579,0.0
CCAR1 (ENSG00000060339),7580,0.0
TMEM138 (ENSG00000149483),7581,0.0
TMEM143 (ENSG00000161558),7582,0.0
TMEM145 (ENSG00000167619),7583,0.0
TMEM147 (ENSG00000105677),7584,0.0
TMEM147-AS1 (ENSG00000236144),7585,0.0
TMEM14A (ENSG00000096092),7586,0.0
CBX5 (ENSG00000094916),7587,0.0
TMEM132B (ENSG00000139364),7588,0.0
CCDC64 (ENSG00000135127),7589,0.0
CCDC64B (ENSG00000162069),7590,0.0
TIMM44 (ENSG00000104980),7591,0.0
TGS1 (ENSG00000137574),7592,0.0
CCZ1 (ENSG00000122674),7593,0.0
THAP1 (ENSG00000131931),7594,0.0
CCT7 (ENSG00000135624),7595,0.0
CCT6A (ENSG00000146731),7596,0.0
CCT5 (ENSG00000150753),7597,0.0
CCT4 (ENSG00000115484),7598,0.0
CCT3 (ENSG00000163468),7599,0.0
CCT2 (ENSG00000166226),7600,0.0
THAP11 (ENSG00000168286),7601,0.0
THAP2 (ENSG00000173451),7602,0.0
CCSAP (ENSG00000154429),7603,0.0
CD109 (ENSG00000156535),7604,0.0
THAP4 (ENSG00000176946),7605,0.0
THAP6 (ENSG00000174796),7606,0.0
THAP8 (ENSG00000161277),7607,0.0
CCP110 (ENSG00000103540),7608,0.0
CCNYL1 (ENSG00000163249),7609,0.0
CCNY (ENSG00000108100),7610,0.0
CCNT2-AS1 (ENSG00000224043),7611,0.0
CCNT1 (ENSG00000129315),7612,0.0
THAP9 (ENSG00000168152),7613,0.0
CCNL2 (ENSG00000221978),7614,0.0
THBS2 (ENSG00000186340),7615,0.0
CCNK (ENSG00000090061),7616,0.0
CCNJL (ENSG00000135083),7617,0.0
THAP5 (ENSG00000177683),7618,0.0
THBS4 (ENSG00000113296),7619,0.0
TGOLN2 (ENSG00000152291),7620,0.0
TGIF2 (ENSG00000118707),7621,0.0
TEX30 (ENSG00000151287),7622,0.0
TEX40 (ENSG00000219435),7623,0.0
TEX41 (ENSG00000226674),7624,0.0
TFAM (ENSG00000108064),7625,0.0
CD40 (ENSG00000101017),7626,0.0
TFAP2E (ENSG00000116819),7627,0.0
CD3EAP (ENSG00000117877),7628,0.0
TFB1M (ENSG00000029639),7629,0.0
TFB2M (ENSG00000162851),7630,0.0
TFCP2 (ENSG00000135457),7631,0.0
TFDP2 (ENSG00000114126),7632,0.0
TFE3 (ENSG00000068323),7633,0.0
TGM1 (ENSG00000092295),7634,0.0
TFPI2 (ENSG00000105825),7635,0.0
TGDS (ENSG00000088451),7636,0.0
CD2AP (ENSG00000198087),7637,0.0
TGFA (ENSG00000163235),7638,0.0
CD27 (ENSG00000139193),7639,0.0
CD247 (ENSG00000198821),7640,0.0
CD24 (ENSG00000272398),7641,0.0
TGFBR2 (ENSG00000163513),7642,0.0
TGFBR3L (ENSG00000260001),7643,0.0
CD1D (ENSG00000158473),7644,0.0
CD19 (ENSG00000177455),7645,0.0
TGIF1 (ENSG00000177426),7646,0.0
CD164L2 (ENSG00000174950),7647,0.0
CD300A (ENSG00000167851),7648,0.0
SYT12 (ENSG00000173227),7649,0.0
CCNH (ENSG00000134480),7650,0.0
CCNF (ENSG00000162063),7651,0.0
CCDC91 (ENSG00000123106),7652,0.0
CCDC90B (ENSG00000137500),7653,0.0
CCDC9 (ENSG00000105321),7654,0.0
TIA1 (ENSG00000116001),7655,0.0
CCDC88C (ENSG00000015133),7656,0.0
TIAL1 (ENSG00000151923),7657,0.0
CCDC86 (ENSG00000110104),7658,0.0
TIAM2 (ENSG00000146426),7659,0.0
CCDC85B (ENSG00000175602),7660,0.0
TICRR (ENSG00000140534),7661,0.0
CCDC84 (ENSG00000186166),7662,0.0
TIGAR (ENSG00000078237),7663,0.0
THYN1 (ENSG00000151500),7664,0.0
TIGD7 (ENSG00000140993),7665,0.0
TIMM10 (ENSG00000134809),7666,0.0
TIMM10B (ENSG00000132286),7667,0.0
TIMM13 (ENSG00000099800),7668,0.0
TIMM17A (ENSG00000134375),7669,0.0
CCDC71L (ENSG00000253276),7670,0.0
CCDC71 (ENSG00000177352),7671,0.0
TIMM17B (ENSG00000126768),7672,0.0
TIMM21 (ENSG00000075336),7673,0.0
CCDC69 (ENSG00000198624),7674,0.0
TIMM22 (ENSG00000177370),7675,0.0
TIMM23 (ENSG00000265354),7676,0.0
CCDC66 (ENSG00000180376),7677,0.0
TIMELESS (ENSG00000111602),7678,0.0
THEMIS2 (ENSG00000130775),7679,0.0
THY1 (ENSG00000154096),7680,0.0
THUMPD3-AS1 (ENSG00000206573),7681,0.0
CCNE1 (ENSG00000105173),7682,0.0
THG1L (ENSG00000113272),7683,0.0
THOC1 (ENSG00000079134),7684,0.0
CCND2 (ENSG00000118971),7685,0.0
CCND1 (ENSG00000110092),7686,0.0
CCNC (ENSG00000112237),7687,0.0
CCNB2 (ENSG00000157456),7688,0.0
THOC2 (ENSG00000125676),7689,0.0
CCNB1 (ENSG00000134057),7690,0.0
CCNA2 (ENSG00000145386),7691,0.0
THOC3 (ENSG00000051596),7692,0.0
CCM2L (ENSG00000101331),7693,0.0
CCDC94 (ENSG00000105248),7694,0.0
CCM2 (ENSG00000136280),7695,0.0
THOC6 (ENSG00000131652),7696,0.0
CCL28 (ENSG00000151882),7697,0.0
THOC7 (ENSG00000163634),7698,0.0
CCL26 (ENSG00000006606),7699,0.0
THOP1 (ENSG00000172009),7700,0.0
THRAP3 (ENSG00000054118),7701,0.0
THTPA (ENSG00000259431),7702,0.0
CCK (ENSG00000187094),7703,0.0
CCIN (ENSG00000185972),7704,0.0
THUMPD1 (ENSG00000066654),7705,0.0
THUMPD2 (ENSG00000138050),7706,0.0
THUMPD3 (ENSG00000134077),7707,0.0
THOC5 (ENSG00000100296),7708,0.0
SYT1 (ENSG00000067715),7709,0.0
CDK9 (ENSG00000136807),7710,0.0
CHRDL1 (ENSG00000101938),7711,0.0
STEAP2 (ENSG00000157214),7712,0.0
CHMP2B (ENSG00000083937),7713,0.0
CLEC3A (ENSG00000166509),7714,0.0
CHMP2A (ENSG00000130724),7715,0.0
CHMP1B (ENSG00000255112),7716,0.0
STEAP1 (ENSG00000164647),7717,0.0
CLDN10 (ENSG00000134873),7718,0.0
CHML (ENSG00000203668),7719,0.0
STYXL1 (ENSG00000127952),7720,0.0
SSSCA1 (ENSG00000173465),7721,0.0
STC2 (ENSG00000113739),7722,0.0
SUB1 (ENSG00000113387),7723,0.0
CHKB-AS1 (ENSG00000205559),7724,0.0
CLDN15 (ENSG00000106404),7725,0.0
CHKA (ENSG00000110721),7726,0.0
SUDS3 (ENSG00000111707),7727,0.0
SUGT1 (ENSG00000165416),7728,0.0
SSR4 (ENSG00000180879),7729,0.0
CHM (ENSG00000188419),7730,0.0
CHIC1 (ENSG00000204116),7731,0.0
CHMP4A (ENSG00000254505),7732,0.0
STYX (ENSG00000198252),7733,0.0
CHRAC1 (ENSG00000104472),7734,0.0
STIM2 (ENSG00000109689),7735,0.0
CHPT1 (ENSG00000111666),7736,0.0
STX4 (ENSG00000103496),7737,0.0
STX6 (ENSG00000135823),7738,0.0
CHP2 (ENSG00000166869),7739,0.0
CHP1 (ENSG00000187446),7740,0.0
CLK2 (ENSG00000176444),7741,0.0
CHMP4B (ENSG00000101421),7742,0.0
CHORDC1 (ENSG00000110172),7743,0.0
STXBP2 (ENSG00000076944),7744,0.0
STXBP3 (ENSG00000116266),7745,0.0
STXBP5 (ENSG00000164506),7746,0.0
CHMP7 (ENSG00000147457),7747,0.0
SSTR2 (ENSG00000180616),7748,0.0
STXBP5-AS1 (ENSG00000233452),7749,0.0
STXBP6 (ENSG00000168952),7750,0.0
STEAP3 (ENSG00000115107),7751,0.0
STIL (ENSG00000123473),7752,0.0
STX3 (ENSG00000166900),7753,0.0
SULT1A3 (ENSG00000261052),7754,0.0
CHFR (ENSG00000072609),7755,0.0
CHCHD3 (ENSG00000106554),7756,0.0
SUPT4H1 (ENSG00000213246),7757,0.0
CHCHD10 (ENSG00000250479),7758,0.0
CHCHD1 (ENSG00000172586),7759,0.0
CHAMP1 (ENSG00000198824),7760,0.0
CLN8 (ENSG00000182372),7761,0.0
CHAF1B (ENSG00000159259),7762,0.0
CHAF1A (ENSG00000167670),7763,0.0
CHCHD4 (ENSG00000163528),7764,0.0
SUPT5H (ENSG00000196235),7765,0.0
STAU1 (ENSG00000124214),7766,0.0
SSNA1 (ENSG00000176101),7767,0.0
SUPT6H (ENSG00000109111),7768,0.0
CHAC2 (ENSG00000143942),7769,0.0
CLOCK (ENSG00000134852),7770,0.0
CHAC1 (ENSG00000128965),7771,0.0
CH507-9B2.9 (ENSG00000280433),7772,0.0
CLP1 (ENSG00000172409),7773,0.0
STAU2 (ENSG00000040341),7774,0.0
CHGA (ENSG00000100604),7775,0.0
CHCHD5 (ENSG00000125611),7776,0.0
STBD1 (ENSG00000118804),7777,0.0
SULT1C2 (ENSG00000198203),7778,0.0
SSR3 (ENSG00000114850),7779,0.0
STC1 (ENSG00000159167),7780,0.0
CHEK2 (ENSG00000183765),7781,0.0
STAC2 (ENSG00000141750),7782,0.0
CHEK1 (ENSG00000149554),7783,0.0
CHDH (ENSG00000016391),7784,0.0
SSR1 (ENSG00000124783),7785,0.0
SUPT16H (ENSG00000092201),7786,0.0
CHD8 (ENSG00000100888),7787,0.0
CHD6 (ENSG00000124177),7788,0.0
CLDN19 (ENSG00000164007),7789,0.0
CLDN23 (ENSG00000253958),7790,0.0
CHD4 (ENSG00000111642),7791,0.0
CLN6 (ENSG00000128973),7792,0.0
SUMO2 (ENSG00000188612),7793,0.0
SUMO3 (ENSG00000184900),7794,0.0
CHCHD7 (ENSG00000170791),7795,0.0
SUMO1 (ENSG00000116030),7796,0.0
STAM-AS1 (ENSG00000260589),7797,0.0
STIP1 (ENSG00000168439),7798,0.0
STX2 (ENSG00000111450),7799,0.0
CIPC (ENSG00000198894),7800,0.0
CINP (ENSG00000100865),7801,0.0
STON2 (ENSG00000140022),7802,0.0
CIDEB (ENSG00000136305),7803,0.0
CIC (ENSG00000079432),7804,0.0
ST6GAL1 (ENSG00000073849),7805,0.0
CLEC4D (ENSG00000166527),7806,0.0
CIB2 (ENSG00000136425),7807,0.0
CLIC4 (ENSG00000169504),7808,0.0
CIB1 (ENSG00000185043),7809,0.0
CIAPIN1 (ENSG00000005194),7810,0.0
STK26 (ENSG00000134602),7811,0.0
CIAO1 (ENSG00000144021),7812,0.0
CHURC1 (ENSG00000258289),7813,0.0
CHUK (ENSG00000213341),7814,0.0
CLINT1 (ENSG00000113282),7815,0.0
CKS1B (ENSG00000173207),7816,0.0
CHTOP (ENSG00000160679),7817,0.0
CKMT2 (ENSG00000131730),7818,0.0
CKS2 (ENSG00000123975),7819,0.0
STOM (ENSG00000148175),7820,0.0
CISD2 (ENSG00000145354),7821,0.0
CKLF (ENSG00000217555),7822,0.0
ST8SIA3 (ENSG00000177511),7823,0.0
STK32C (ENSG00000165752),7824,0.0
ST8SIA6 (ENSG00000148488),7825,0.0
STK32A (ENSG00000169302),7826,0.0
STK33 (ENSG00000130413),7827,0.0
CKMT1A (ENSG00000223572),7828,0.0
STK35 (ENSG00000125834),7829,0.0
CISD1 (ENSG00000122873),7830,0.0
STK38L (ENSG00000211455),7831,0.0
CKMT1B (ENSG00000237289),7832,0.0
CITF22-92A6.1 (ENSG00000273145),7833,0.0
CITED4 (ENSG00000179862),7834,0.0
STK39 (ENSG00000198648),7835,0.0
CLIC2 (ENSG00000155962),7836,0.0
ST6GAL2 (ENSG00000144057),7837,0.0
STK4 (ENSG00000101109),7838,0.0
CISD3 (ENSG00000277972),7839,0.0
CLEC4G (ENSG00000182566),7840,0.0
CHTF8 (ENSG00000168802),7841,0.0
CLASP2 (ENSG00000163539),7842,0.0
SYPL1 (ENSG00000008282),7843,0.0
STAC (ENSG00000144681),7844,0.0
STRN (ENSG00000115808),7845,0.0
STK24 (ENSG00000102572),7846,0.0
STRN3 (ENSG00000196792),7847,0.0
STK17A (ENSG00000164543),7848,0.0
STRN4 (ENSG00000090372),7849,0.0
CHRNB1 (ENSG00000170175),7850,0.0
STS (ENSG00000101846),7851,0.0
SSX2IP (ENSG00000117155),7852,0.0
STT3A (ENSG00000134910),7853,0.0
STT3B (ENSG00000163527),7854,0.0
SSU72 (ENSG00000160075),7855,0.0
STX16 (ENSG00000124222),7856,0.0
STX17-AS1 (ENSG00000255145),7857,0.0
STK11 (ENSG00000118046),7858,0.0
CHRM3 (ENSG00000133019),7859,0.0
STX1B (ENSG00000099365),7860,0.0
CHRFAM7A (ENSG00000166664),7861,0.0
CHRNA5 (ENSG00000169684),7862,0.0
CLCC1 (ENSG00000121940),7863,0.0
STRIP2 (ENSG00000128578),7864,0.0
CHST10 (ENSG00000115526),7865,0.0
STPG1 (ENSG00000001460),7866,0.0
CHSY1 (ENSG00000131873),7867,0.0
CHST9 (ENSG00000154080),7868,0.0
CHST8 (ENSG00000124302),7869,0.0
ST3GAL6-AS1 (ENSG00000239445),7870,0.0
CHST7 (ENSG00000147119),7871,0.0
ST20-MTHFS (ENSG00000259332),7872,0.0
CHST6 (ENSG00000183196),7873,0.0
CHST4 (ENSG00000140835),7874,0.0
STK24-AS1 (ENSG00000224418),7875,0.0
STPG2 (ENSG00000163116),7876,0.0
ST20 (ENSG00000180953),7877,0.0
STRA13 (ENSG00000169689),7878,0.0
STRADA (ENSG00000266173),7879,0.0
STRADB (ENSG00000082146),7880,0.0
CHST13 (ENSG00000180767),7881,0.0
STRAP (ENSG00000023734),7882,0.0
CLC (ENSG00000105205),7883,0.0
STRBP (ENSG00000165209),7884,0.0
CH507-9B2.5 (ENSG00000275464),7885,0.0
CLPB (ENSG00000162129),7886,0.0
CHMP1A (ENSG00000131165),7887,0.0
SSBP3 (ENSG00000157216),7888,0.0
STAMBP (ENSG00000124356),7889,0.0
CFAP58 (ENSG00000120051),7890,0.0
SYNGAP1 (ENSG00000197283),7891,0.0
SWI5 (ENSG00000175854),7892,0.0
SYNC (ENSG00000162520),7893,0.0
CGNL1 (ENSG00000128849),7894,0.0
STAT1 (ENSG00000115415),7895,0.0
CLDND1 (ENSG00000080822),7896,0.0
SYN3 (ENSG00000185666),7897,0.0
STAT5A (ENSG00000126561),7898,0.0
SYNJ2BP (ENSG00000213463),7899,0.0
SUV39H1 (ENSG00000101945),7900,0.0
SV2A (ENSG00000159164),7901,0.0
CFHR3 (ENSG00000116785),7902,0.0
SURF2 (ENSG00000148291),7903,0.0
SYN2 (ENSG00000157152),7904,0.0
SYNE4 (ENSG00000181392),7905,0.0
SURF4 (ENSG00000148248),7906,0.0
CGN (ENSG00000143375),7907,0.0
CLPTM1L (ENSG00000049656),7908,0.0
SUSD3 (ENSG00000157303),7909,0.0
CLPSL2 (ENSG00000196748),7910,0.0
SYCE3 (ENSG00000217442),7911,0.0
SYNDIG1 (ENSG00000101463),7912,0.0
SYNCRIP (ENSG00000135316),7913,0.0
CFAP97 (ENSG00000164323),7914,0.0
STAM (ENSG00000136738),7915,0.0
SYNDIG1L (ENSG00000183379),7916,0.0
STAT5B (ENSG00000173757),7917,0.0
SYAP1 (ENSG00000169895),7918,0.0
SSB (ENSG00000138385),7919,0.0
SURF6 (ENSG00000148296),7920,0.0
SYNRG (ENSG00000275066),7921,0.0
STAMBPL1 (ENSG00000138134),7922,0.0
CLDN7 (ENSG00000181885),7923,0.0
SURF1 (ENSG00000148290),7924,0.0
CLPX (ENSG00000166855),7925,0.0
SSH2 (ENSG00000141298),7926,0.0
SWSAP1 (ENSG00000173928),7927,0.0
CH507-9B2.3 (ENSG00000280071),7928,0.0
CLDN6 (ENSG00000184697),7929,0.0
STARD4 (ENSG00000164211),7930,0.0
SUPV3L1 (ENSG00000156502),7931,0.0
STAG2 (ENSG00000101972),7932,0.0
CLSPN (ENSG00000092853),7933,0.0
SYCP3 (ENSG00000139351),7934,0.0
SYMPK (ENSG00000125755),7935,0.0
CH507-154B10.1 (ENSG00000280145),7936,0.0
STARD7 (ENSG00000084090),7937,0.0
SSBP1 (ENSG00000106028),7938,0.0
SWAP70 (ENSG00000133789),7939,0.0
SUSD5 (ENSG00000173705),7940,0.0
SYNGR3 (ENSG00000127561),7941,0.0
CGRRF1 (ENSG00000100532),7942,0.0
STAR (ENSG00000147465),7943,0.0
SYNJ2 (ENSG00000078269),7944,0.0
SYNGR2 (ENSG00000108639),7945,0.0
SUV39H2 (ENSG00000152455),7946,0.0
SUZ12 (ENSG00000178691),7947,0.0
CGGBP1 (ENSG00000163320),7948,0.0
KCNRG (ENSG00000198553),7949,0.0
ARL9 (ENSG00000196503),7950,0.0
PRRT3 (ENSG00000163704),7951,0.0
WIPF2 (ENSG00000171475),7952,0.0
HM13-AS1 (ENSG00000230613),7953,0.0
CTD-2554C21.3 (ENSG00000229481),7954,0.0
SETD2 (ENSG00000181555),7955,0.0
PITPNM1 (ENSG00000110697),7956,0.0
CBY1 (ENSG00000100211),7957,0.0
LINC01521 (ENSG00000213888),7958,0.0
TJAP1 (ENSG00000137221),7959,0.0
TMEM74 (ENSG00000164841),7960,0.0
FUT8 (ENSG00000033170),7961,0.0
DLX5 (ENSG00000105880),7962,0.0
GGA2 (ENSG00000103365),7963,0.0
RBKS (ENSG00000171174),7964,0.0
ADGRL3 (ENSG00000150471),7965,0.0
ZNF772 (ENSG00000197128),7966,0.0
C17orf62 (ENSG00000178927),7967,0.0
FAM32A (ENSG00000105058),7968,0.0
PLAGL2 (ENSG00000126003),7969,0.0
TECPR1 (ENSG00000205356),7970,0.0
CUTA (ENSG00000112514),7971,0.0
RP11-245D16.4 (ENSG00000278238),7972,0.0
RP11-505K9.1 (ENSG00000260018),7973,0.0
LINC01411 (ENSG00000249306),7974,0.0
ATP12A (ENSG00000075673),7975,0.0
LMOD2 (ENSG00000170807),7976,0.0
ZNF799 (ENSG00000196466),7977,0.0
C8orf34 (ENSG00000165084),7978,0.0
SRP14 (ENSG00000140319),7979,0.0
KIAA1958 (ENSG00000165185),7980,0.0
KCTD21-AS1 (ENSG00000246174),7981,0.0
M6PR (ENSG00000003056),7982,0.0
DKK4 (ENSG00000104371),7983,0.0
TMC5 (ENSG00000103534),7984,0.0
MGA (ENSG00000174197),7985,0.0
MED30 (ENSG00000164758),7986,0.0
RP11-20E24.1 (ENSG00000257526),7987,0.0
CREM (ENSG00000095794),7988,0.0
PUM1 (ENSG00000134644),7989,0.0
CASP6 (ENSG00000138794),7990,0.0
TBC1D10C (ENSG00000175463),7991,0.0
NOTCH3 (ENSG00000074181),7992,0.0
RP11-169E6.1 (ENSG00000261173),7993,0.0
RP5-1136G13.2 (ENSG00000273314),7994,0.0
FKTN (ENSG00000106692),7995,0.0
RP11-11M20.4 (ENSG00000283078),7996,0.0
HSPB9 (ENSG00000260325),7997,0.0
CAMK1 (ENSG00000134072),7998,0.0
SNX1 (ENSG00000028528),7999,0.0
AC114271.2 (ENSG00000274425),8000,0.0
SLC35G1 (ENSG00000176273),8001,0.0
CKAP5 (ENSG00000175216),8002,0.0
RIOK3 (ENSG00000101782),8003,0.0
RP11-524O1.4 (ENSG00000260830),8004,0.0
REST (ENSG00000084093),8005,0.0
STK25 (ENSG00000115694),8006,0.0
PHACTR4 (ENSG00000204138),8007,0.0
TBCEL (ENSG00000154114),8008,0.0
ZNF10 (ENSG00000256223),8009,0.0
RAD23B (ENSG00000119318),8010,0.0
PPP1R10 (ENSG00000204569),8011,0.0
PTPRD (ENSG00000153707),8012,0.0
VPS41 (ENSG00000006715),8013,0.0
TGFBR1 (ENSG00000106799),8014,0.0
MFAP1 (ENSG00000140259),8015,0.0
CRYBA1 (ENSG00000108255),8016,0.0
CCDC18 (ENSG00000122483),8017,0.0
MYO3B (ENSG00000071909),8018,0.0
CCNJ (ENSG00000107443),8019,0.0
C1orf123 (ENSG00000162384),8020,0.0
BCAP29 (ENSG00000075790),8021,0.0
VRK3 (ENSG00000105053),8022,0.0
SP8 (ENSG00000164651),8023,0.0
PSEN1 (ENSG00000080815),8024,0.0
DMRT1 (ENSG00000137090),8025,0.0
CKAP2 (ENSG00000136108),8026,0.0
KLHL12 (ENSG00000117153),8027,0.0
FGF3 (ENSG00000186895),8028,0.0
ELK4 (ENSG00000158711),8029,0.0
AGGF1 (ENSG00000164252),8030,0.0
FOXG1 (ENSG00000176165),8031,0.0
RP11-92A5.2 (ENSG00000250538),8032,0.0
LHX2 (ENSG00000106689),8033,0.0
ELMOD2 (ENSG00000179387),8034,0.0
ZNF180 (ENSG00000167384),8035,0.0
C9orf64 (ENSG00000165118),8036,0.0
MYEF2 (ENSG00000104177),8037,0.0
TEAD1 (ENSG00000187079),8038,0.0
ELP4 (ENSG00000109911),8039,0.0
BCL7C (ENSG00000099385),8040,0.0
PYGO2 (ENSG00000163348),8041,0.0
PRMT6 (ENSG00000198890),8042,0.0
LINC01545 (ENSG00000204904),8043,0.0
CITED2 (ENSG00000164442),8044,0.0
SLAIN1 (ENSG00000139737),8045,0.0
RP11-110I1.12 (ENSG00000255121),8046,0.0
SREK1IP1 (ENSG00000153006),8047,0.0
RSRC1 (ENSG00000174891),8048,0.0
CHD1L (ENSG00000131778),8049,0.0
CHD1 (ENSG00000153922),8050,0.0
SMCHD1 (ENSG00000101596),8051,0.0
LINC00910 (ENSG00000188825),8052,0.0
MT2A (ENSG00000125148),8053,0.0
TOX3 (ENSG00000103460),8054,0.0
RWDD3 (ENSG00000122481),8055,0.0
FHOD3 (ENSG00000134775),8056,0.0
TMEM200C (ENSG00000206432),8057,0.0
ZBTB21 (ENSG00000173276),8058,0.0
RAB11FIP2 (ENSG00000107560),8059,0.0
C12orf4 (ENSG00000047621),8060,0.0
SYNGR4 (ENSG00000105467),8061,0.0
HIST1H3G (ENSG00000273983),8062,0.0
GCC2 (ENSG00000135968),8063,0.0
MEG3 (ENSG00000214548),8064,0.0
HTATSF1 (ENSG00000102241),8065,0.0
RP11-384O8.1 (ENSG00000267034),8066,0.0
C11orf65 (ENSG00000166323),8067,0.0
ATRAID (ENSG00000138085),8068,0.0
ANAPC16 (ENSG00000166295),8069,0.0
LARP7 (ENSG00000174720),8070,0.0
FAM122A (ENSG00000187866),8071,0.0
METTL18 (ENSG00000171806),8072,0.0
SCOC (ENSG00000153130),8073,0.0
KDM8 (ENSG00000155666),8074,0.0
MIS12 (ENSG00000167842),8075,0.0
TTLL7 (ENSG00000137941),8076,0.0
SLC25A37 (ENSG00000147454),8077,0.0
DLX3 (ENSG00000064195),8078,0.0
RP11-112J3.16 (ENSG00000227388),8079,0.0
ZNF577 (ENSG00000161551),8080,0.0
KBTBD4 (ENSG00000123444),8081,0.0
GREM1 (ENSG00000166923),8082,0.0
C2orf44 (ENSG00000163026),8083,0.0
LINC00449 (ENSG00000203441),8084,0.0
C19orf44 (ENSG00000105072),8085,0.0
ADAMTS6 (ENSG00000049192),8086,0.0
AC012499.1 (ENSG00000229941),8087,0.0
GHRH (ENSG00000118702),8088,0.0
MIR9-3HG (ENSG00000255571),8089,0.0
AP001437.1 (ENSG00000273210),8090,0.0
RPL34 (ENSG00000109475),8091,0.0
GALNS (ENSG00000141012),8092,0.0
KCNH5 (ENSG00000140015),8093,0.0
ZNF585A (ENSG00000196967),8094,0.0
STOML2 (ENSG00000165283),8095,0.0
C5orf28 (ENSG00000151881),8096,0.0
CRYBB2 (ENSG00000244752),8097,0.0
RP11-91I8.3 (ENSG00000266441),8098,0.0
GPATCH2L (ENSG00000089916),8099,0.0
RP11-418J17.1 (ENSG00000231365),8100,0.0
TNFRSF11B (ENSG00000164761),8101,0.0
MTERF2 (ENSG00000120832),8102,0.0
ZNF700 (ENSG00000196757),8103,0.0
SMC1A (ENSG00000072501),8104,0.0
TFPI (ENSG00000003436),8105,0.0
PAPD4 (ENSG00000164329),8106,0.0
HIST1H4A (ENSG00000278637),8107,0.0
ARL6IP1 (ENSG00000170540),8108,0.0
PCDHA10 (ENSG00000250120),8109,0.0
SEZ6L (ENSG00000100095),8110,0.0
FGF14-AS2 (ENSG00000272143),8111,0.0
RFX5 (ENSG00000143390),8112,0.0
SMC2-AS1 (ENSG00000270332),8113,0.0
MED28 (ENSG00000118579),8114,0.0
TNKS2-AS1 (ENSG00000228701),8115,0.0
RASGEF1C (ENSG00000146090),8116,0.0
NIPSNAP1 (ENSG00000184117),8117,0.0
MPP5 (ENSG00000072415),8118,0.0
JRK (ENSG00000234616),8119,0.0
LINC01551 (ENSG00000186960),8120,0.0
PGAM2 (ENSG00000164708),8121,0.0
RP11-318A15.2 (ENSG00000261335),8122,0.0
SLC20A1 (ENSG00000144136),8123,0.0
RP11-539I5.1 (ENSG00000225302),8124,0.0
MAPK1IP1L (ENSG00000168175),8125,0.0
CLN3 (ENSG00000188603),8126,0.0
USP51 (ENSG00000247746),8127,0.0
LINC01456 (ENSG00000225882),8128,0.0
DYX1C1 (ENSG00000256061),8129,0.0
TMEM209 (ENSG00000146842),8130,0.0
RP11-686G8.5 (ENSG00000273903),8131,0.0
SF3B4 (ENSG00000143368),8132,0.0
ARGLU1 (ENSG00000134884),8133,0.0
SPRY2 (ENSG00000136158),8134,0.0
ENC1 (ENSG00000171617),8135,0.0
CTD-2532N20.1 (ENSG00000272192),8136,0.0
ZNF76 (ENSG00000065029),8137,0.0
API5 (ENSG00000166181),8138,0.0
RP11-356I2.4 (ENSG00000237499),8139,0.0
RP11-3D4.3 (ENSG00000259408),8140,0.0
FAM213B (ENSG00000157870),8141,0.0
CCDC77 (ENSG00000120647),8142,0.0
POU6F2 (ENSG00000106536),8143,0.0
NGEF (ENSG00000066248),8144,0.0
MBD1 (ENSG00000141644),8145,0.0
AFTPH (ENSG00000119844),8146,0.0
GPALPP1 (ENSG00000133114),8147,0.0
NSUN6 (ENSG00000241058),8148,0.0
TMEM260 (ENSG00000070269),8149,0.0
ZNF839 (ENSG00000022976),8150,0.0
CEP164 (ENSG00000110274),8151,0.0
BLACAT1 (ENSG00000281406),8152,0.0
SLC35A5 (ENSG00000138459),8153,0.0
ARSG (ENSG00000141337),8154,0.0
RAX (ENSG00000134438),8155,0.0
CCNE2 (ENSG00000175305),8156,0.0
CLPSL1 (ENSG00000204140),8157,0.0
SNX10 (ENSG00000086300),8158,0.0
ST6GALNAC5 (ENSG00000117069),8159,0.0
FFAR4 (ENSG00000186188),8160,0.0
CCNT2 (ENSG00000082258),8161,0.0
EGF (ENSG00000138798),8162,0.0
TAF9B (ENSG00000187325),8163,0.0
SREK1 (ENSG00000153914),8164,0.0
ZNF470 (ENSG00000197016),8165,0.0
NEK9 (ENSG00000119638),8166,0.0
RPS15 (ENSG00000115268),8167,0.0
FBXO16 (ENSG00000214050),8168,0.0
Z83851.4 (ENSG00000233903),8169,0.0
PCYOX1L (ENSG00000145882),8170,0.0
SLC26A6 (ENSG00000225697),8171,0.0
EPDR1 (ENSG00000086289),8172,0.0
RP11-387M24.5 (ENSG00000272170),8173,0.0
IMMP1L (ENSG00000148950),8174,0.0
RFT1 (ENSG00000163933),8175,0.0
DCLRE1C (ENSG00000152457),8176,0.0
NOS2 (ENSG00000007171),8177,0.0
RP11-63K6.7 (ENSG00000232532),8178,0.0
MTG1 (ENSG00000148824),8179,0.0
RP11-111M22.4 (ENSG00000272301),8180,0.0
RPL17-C18orf32 (ENSG00000215472),8181,0.0
DLK1 (ENSG00000185559),8182,0.0
CBX1 (ENSG00000108468),8183,0.0
DIEXF (ENSG00000117597),8184,0.0
CTC-471J1.11 (ENSG00000275055),8185,0.0
FAM173B (ENSG00000150756),8186,0.0
EFNA5 (ENSG00000184349),8187,0.0
NIT1 (ENSG00000158793),8188,0.0
WDYHV1 (ENSG00000156795),8189,0.0
AP000318.2 (ENSG00000214955),8190,0.0
BRCA1 (ENSG00000012048),8191,0.0
ATAD5 (ENSG00000176208),8192,0.0
TOP2A (ENSG00000131747),8193,0.0
ELP6 (ENSG00000163832),8194,0.0
SP2 (ENSG00000167182),8195,0.0
GRP (ENSG00000134443),8196,0.0
MIEF1 (ENSG00000100335),8197,0.0
TMEM47 (ENSG00000147027),8198,0.0
SPG21 (ENSG00000090487),8199,0.0
CEP83 (ENSG00000173588),8200,0.0
WTAP (ENSG00000146457),8201,0.0
EAPP (ENSG00000129518),8202,0.0
THPO (ENSG00000090534),8203,0.0
PPARGC1A (ENSG00000109819),8204,0.0
ADSSL1 (ENSG00000185100),8205,0.0
ZNF830 (ENSG00000198783),8206,0.0
PEX19 (ENSG00000162735),8207,0.0
KIAA1024L (ENSG00000186367),8208,0.0
POLD3 (ENSG00000077514),8209,0.0
AIPL1 (ENSG00000129221),8210,0.0
MNS1 (ENSG00000138587),8211,0.0
RNF130 (ENSG00000113269),8212,0.0
CLDN12 (ENSG00000157224),8213,0.0
RPL10A (ENSG00000198755),8214,0.0
HNRNPR (ENSG00000125944),8215,0.0
EIF4A3 (ENSG00000141543),8216,0.0
MIP (ENSG00000135517),8217,0.0
TIPARP-AS1 (ENSG00000243926),8218,0.0
AC002076.10 (ENSG00000234695),8219,0.0
EIF4ENIF1 (ENSG00000184708),8220,0.0
YBX1 (ENSG00000065978),8221,0.0
AC005037.3 (ENSG00000183308),8222,0.0
NME5 (ENSG00000112981),8223,0.0
TRPC1 (ENSG00000144935),8224,0.0
CTXN1 (ENSG00000178531),8225,0.0
ZNF354C (ENSG00000177932),8226,0.0
RP11-576D8.4 (ENSG00000224717),8227,0.0
CEP135 (ENSG00000174799),8228,0.0
STOX1 (ENSG00000165730),8229,0.0
ASPSCR1 (ENSG00000169696),8230,0.0
HAUS4 (ENSG00000092036),8231,0.0
HJURP (ENSG00000123485),8232,0.0
XPR1 (ENSG00000143324),8233,0.0
HINFP (ENSG00000172273),8234,0.0
GRM1 (ENSG00000152822),8235,0.0
HIST1H4I (ENSG00000276180),8236,0.0
CMYA5 (ENSG00000164309),8237,0.0
RP11-72M17.1 (ENSG00000258561),8238,0.0
ZNF527 (ENSG00000189164),8239,0.0
DNAJB4 (ENSG00000162616),8240,0.0
RHNO1 (ENSG00000171792),8241,0.0
PRIMA1 (ENSG00000175785),8242,0.0
ZNF608 (ENSG00000168916),8243,0.0
CTD-2616J11.14 (ENSG00000268889),8244,0.0
LGI1 (ENSG00000108231),8245,0.0
HLCS (ENSG00000159267),8246,0.0
C2orf42 (ENSG00000115998),8247,0.0
ZNF219 (ENSG00000165804),8248,0.0
TIAM1 (ENSG00000156299),8249,0.0
RLBP1 (ENSG00000140522),8250,0.0
NAV1 (ENSG00000134369),8251,0.0
STOX2 (ENSG00000173320),8252,0.0
DMRTA1 (ENSG00000176399),8253,0.0
FIGN (ENSG00000182263),8254,0.0
OSGEPL1-AS1 (ENSG00000253559),8255,0.0
ULK3 (ENSG00000140474),8256,0.0
FAM234A (ENSG00000167930),8257,0.0
RPL21 (ENSG00000122026),8258,0.0
C17orf80 (ENSG00000141219),8259,0.0
TMEM135 (ENSG00000166575),8260,0.0
UBE2I (ENSG00000103275),8261,0.0
FEZF1-AS1 (ENSG00000230316),8262,0.0
UBE3D (ENSG00000118420),8263,0.0
RCN2 (ENSG00000117906),8264,0.0
RNF145 (ENSG00000145860),8265,0.0
UROS (ENSG00000188690),8266,0.0
ZNF557 (ENSG00000130544),8267,0.0
MAFTRR (ENSG00000261390),8268,0.0
RNFT2 (ENSG00000135119),8269,0.0
PROC (ENSG00000115718),8270,0.0
SOX3 (ENSG00000134595),8271,0.0
RPA2 (ENSG00000117748),8272,0.0
LCMT2 (ENSG00000168806),8273,0.0
GPAM (ENSG00000119927),8274,0.0
SFT2D3 (ENSG00000173349),8275,0.0
E2F2 (ENSG00000007968),8276,0.0
BORA (ENSG00000136122),8277,0.0
LDAH (ENSG00000118961),8278,0.0
LINC00648 (ENSG00000259129),8279,0.0
ZNF429 (ENSG00000197013),8280,0.0
PSMD10 (ENSG00000101843),8281,0.0
YJEFN3 (ENSG00000250067),8282,0.0
CDCA4 (ENSG00000170779),8283,0.0
MFNG (ENSG00000100060),8284,0.0
DNAJC14 (ENSG00000135392),8285,0.0
FAM19A5 (ENSG00000219438),8286,0.0
GINS2 (ENSG00000131153),8287,0.0
RP11-499E18.1 (ENSG00000248161),8288,0.0
CDH23 (ENSG00000107736),8289,0.0
AC009506.1 (ENSG00000224152),8290,0.0
NLGN3 (ENSG00000196338),8291,0.0
EMX2OS (ENSG00000229847),8292,0.0
ATP1A2 (ENSG00000018625),8293,0.0
RP11-506F3.1 (ENSG00000282033),8294,0.0
CENPI (ENSG00000102384),8295,0.0
HAUS8 (ENSG00000131351),8296,0.0
RP11-128M1.1 (ENSG00000226644),8297,0.0
GEMIN4 (ENSG00000179409),8298,0.0
RGMB (ENSG00000174136),8299,0.0
MAP3K13 (ENSG00000073803),8300,0.0
CTD-2256P15.4 (ENSG00000271980),8301,0.0
EPHB1 (ENSG00000154928),8302,0.0
C10orf88 (ENSG00000119965),8303,0.0
ZC3H8 (ENSG00000144161),8304,0.0
NSRP1 (ENSG00000126653),8305,0.0
FJX1 (ENSG00000179431),8306,0.0
LINC00577 (ENSG00000203809),8307,0.0
CH507-154B10.2 (ENSG00000280018),8308,0.0
SEC24B-AS1 (ENSG00000247950),8309,0.0
HCG11 (ENSG00000228223),8310,0.0
ABCA3 (ENSG00000167972),8311,0.0
CEP162 (ENSG00000135315),8312,0.0
RP11-402D21.2 (ENSG00000272817),8313,0.0
LSM4 (ENSG00000130520),8314,0.0
RP11-449H3.3 (ENSG00000275740),8315,0.0
OPRK1 (ENSG00000082556),8316,0.0
CSTF2T (ENSG00000177613),8317,0.0
HFM1 (ENSG00000162669),8318,0.0
ZNF345 (ENSG00000251247),8319,0.0
GNAZ (ENSG00000128266),8320,0.0
OLFM3 (ENSG00000118733),8321,0.0
MTF1 (ENSG00000188786),8322,0.0
ZNF318 (ENSG00000171467),8323,0.0
LRRC49 (ENSG00000137821),8324,0.0
ZNF300 (ENSG00000145908),8325,0.0
LRRC4 (ENSG00000128594),8326,0.0
SAMD15 (ENSG00000100583),8327,0.0
KDM4A-AS1 (ENSG00000236200),8328,0.0
RP11-456K23.1 (ENSG00000267414),8329,0.0
RP11-1042B17.3 (ENSG00000258670),8330,0.0
AP3M2 (ENSG00000070718),8331,0.0
ZNF644 (ENSG00000122482),8332,0.0
AC002310.12 (ENSG00000235560),8333,0.0
GLOD4 (ENSG00000167699),8334,0.0
IPO9-AS1 (ENSG00000231871),8335,0.0
EFR3B (ENSG00000084710),8336,0.0
DCUN1D2-AS (ENSG00000233613),8337,0.0
FYN (ENSG00000010810),8338,0.0
FZD3 (ENSG00000104290),8339,0.0
PEA15 (ENSG00000162734),8340,0.0
COPS7B (ENSG00000144524),8341,0.0
CTA-445C9.14 (ENSG00000261188),8342,0.0
ZNF280C (ENSG00000056277),8343,0.0
SELK (ENSG00000113811),8344,0.0
CEP44 (ENSG00000164118),8345,0.0
RPN2 (ENSG00000118705),8346,0.0
ZNF530 (ENSG00000183647),8347,0.0
CNTNAP3B (ENSG00000154529),8348,0.0
AC010729.2 (ENSG00000236106),8349,0.0
DBX2 (ENSG00000185610),8350,0.0
HMGN2 (ENSG00000198830),8351,0.0
CTXN2 (ENSG00000233932),8352,0.0
LMLN (ENSG00000185621),8353,0.0
CCAR2 (ENSG00000158941),8354,0.0
RTN4RL1 (ENSG00000185924),8355,0.0
TMEM218 (ENSG00000150433),8356,0.0
ZFYVE9 (ENSG00000157077),8357,0.0
HS6ST2 (ENSG00000171004),8358,0.0
RP11-637A17.2 (ENSG00000247363),8359,0.0
GTSE1 (ENSG00000075218),8360,0.0
MED4 (ENSG00000136146),8361,0.0
GDF11 (ENSG00000135414),8362,0.0
ABCC4 (ENSG00000125257),8363,0.0
RP11-377D9.3 (ENSG00000255621),8364,0.0
MTRNR2L3 (ENSG00000256222),8365,0.0
RP11-382D12.2 (ENSG00000271387),8366,0.0
CASC21 (ENSG00000253929),8367,0.0
RBBP9 (ENSG00000089050),8368,0.0
YWHAE (ENSG00000108953),8369,0.0
NKRF (ENSG00000186416),8370,0.0
BUD13 (ENSG00000137656),8371,0.0
LINC00094 (ENSG00000235106),8372,0.0
YPEL1 (ENSG00000100027),8373,0.0
PRTFDC1 (ENSG00000099256),8374,0.0
ZSWIM5 (ENSG00000162415),8375,0.0
LHX5-AS1 (ENSG00000257935),8376,0.0
CEP55 (ENSG00000138180),8377,0.0
RELT (ENSG00000054967),8378,0.0
SMARCA4 (ENSG00000127616),8379,0.0
RCOR2 (ENSG00000167771),8380,0.0
NFRKB (ENSG00000170322),8381,0.0
RP11-238F2.1 (ENSG00000271239),8382,0.0
SRPK2 (ENSG00000135250),8383,0.0
RP1-179N16.6 (ENSG00000246982),8384,0.0
MSH3 (ENSG00000113318),8385,0.0
SDR39U1 (ENSG00000100445),8386,0.0
AC005307.3 (ENSG00000267243),8387,0.0
RP6-24A23.3 (ENSG00000237863),8388,0.0
NES (ENSG00000132688),8389,0.0
ASTN1 (ENSG00000152092),8390,0.0
ZC3H12C (ENSG00000149289),8391,0.0
THAP10 (ENSG00000129028),8392,0.0
LRTOMT (ENSG00000184154),8393,0.0
AL358852.1 (ENSG00000278899),8394,0.0
DRD4 (ENSG00000069696),8395,0.0
ZNF566 (ENSG00000186017),8396,0.0
RP11-672L10.6 (ENSG00000273355),8397,0.0
ABHD10 (ENSG00000144827),8398,0.0
NHLRC2 (ENSG00000196865),8399,0.0
NRG1 (ENSG00000157168),8400,0.0
USP42 (ENSG00000106346),8401,0.0
NKAIN2 (ENSG00000188580),8402,0.0
PCM1 (ENSG00000078674),8403,0.0
THNSL1 (ENSG00000185875),8404,0.0
RP11-192H23.4 (ENSG00000258472),8405,0.0
SDSL (ENSG00000139410),8406,0.0
ARVCF (ENSG00000099889),8407,0.0
PAX7 (ENSG00000009709),8408,0.0
CEP97 (ENSG00000182504),8409,0.0
BRE (ENSG00000158019),8410,0.0
IFT74 (ENSG00000096872),8411,0.0
RP11-435I10.4 (ENSG00000261832),8412,0.0
PTCD2 (ENSG00000049883),8413,0.0
UNC80 (ENSG00000144406),8414,0.0
MAP2 (ENSG00000078018),8415,0.0
CTD-2630F21.1 (ENSG00000267309),8416,0.0
C2orf27B (ENSG00000186825),8417,0.0
FAM69C (ENSG00000187773),8418,0.0
ZNF302 (ENSG00000089335),8419,0.0
EME1 (ENSG00000154920),8420,0.0
SERP2 (ENSG00000151778),8421,0.0
NUPL2 (ENSG00000136243),8422,0.0
INTS6-AS1 (ENSG00000236778),8423,0.0
ZNF268 (ENSG00000090612),8424,0.0
ZNF256 (ENSG00000152454),8425,0.0
ZNF835 (ENSG00000127903),8426,0.0
N6AMT2 (ENSG00000150456),8427,0.0
SHROOM3 (ENSG00000138771),8428,0.0
HOMEZ (ENSG00000215271),8429,0.0
RLF (ENSG00000117000),8430,0.0
FOXB1 (ENSG00000171956),8431,0.0
ZNF789 (ENSG00000198556),8432,0.0
ZNF672 (ENSG00000171161),8433,0.0
FANCF (ENSG00000183161),8434,0.0
TMEM80 (ENSG00000177042),8435,0.0
KIF9 (ENSG00000088727),8436,0.0
NRARP (ENSG00000198435),8437,0.0
C1orf61 (ENSG00000125462),8438,0.0
CCDC113 (ENSG00000103021),8439,0.0
MSI1 (ENSG00000135097),8440,0.0
CCDC160 (ENSG00000203952),8441,0.0
ZNF773 (ENSG00000152439),8442,0.0
MYBL1 (ENSG00000185697),8443,0.0
RP11-266O8.1 (ENSG00000257060),8444,0.0
NRCAM (ENSG00000091129),8445,0.0
WDR83 (ENSG00000123154),8446,0.0
FGF8 (ENSG00000107831),8447,0.0
GSS (ENSG00000100983),8448,0.0
SERF1B (ENSG00000205572),8449,0.0
RP4-625H18.2 (ENSG00000228412),8450,0.0
PIGF (ENSG00000151665),8451,0.0
CASP8AP2 (ENSG00000118412),8452,0.0
ZNF280A (ENSG00000169548),8453,0.0
ASAP2 (ENSG00000151693),8454,0.0
CROT (ENSG00000005469),8455,0.0
KIAA1257 (ENSG00000114656),8456,0.0
ERLIN1 (ENSG00000107566),8457,0.0
ZNF664 (ENSG00000179195),8458,0.0
EML1 (ENSG00000066629),8459,0.0
KIAA0232 (ENSG00000170871),8460,0.0
PGBD2 (ENSG00000185220),8461,0.0
RP11-74J13.8 (ENSG00000278390),8462,0.0
STEAP1B (ENSG00000105889),8463,0.0
MDM4 (ENSG00000198625),8464,0.0
ZNRD1-AS1 (ENSG00000204623),8465,0.0
RP11-644F5.10 (ENSG00000258311),8466,0.0
RP11-105N14.1 (ENSG00000270659),8467,0.0
KCTD6 (ENSG00000168301),8468,0.0
RP11-230B22.1 (ENSG00000235545),8469,0.0
SLC1A2 (ENSG00000110436),8470,0.0
RP11-872J21.3 (ENSG00000260806),8471,0.0
PAM16 (ENSG00000217930),8472,0.0
AC142528.1 (ENSG00000235078),8473,0.0
RPSA (ENSG00000168028),8474,0.0
NFYC-AS1 (ENSG00000272145),8475,0.0
CIT (ENSG00000122966),8476,0.0
RP11-119B16.2 (ENSG00000229539),8477,0.0
CCDC140 (ENSG00000163081),8478,0.0
PLEKHB1 (ENSG00000021300),8479,0.0
WDR34 (ENSG00000119333),8480,0.0
CCDC14 (ENSG00000175455),8481,0.0
RP11-370A5.1 (ENSG00000266850),8482,0.0
GLI3 (ENSG00000106571),8483,0.0
C14orf80 (ENSG00000185347),8484,0.0
SEC14L6 (ENSG00000214491),8485,0.0
CCDC127 (ENSG00000164366),8486,0.0
TMEM27 (ENSG00000147003),8487,0.0
GVQW2 (ENSG00000279968),8488,0.0
AC007161.5 (ENSG00000234718),8489,0.0
AC005537.2 (ENSG00000232006),8490,0.0
AC009501.4 (ENSG00000231609),8491,0.0
WWOX (ENSG00000186153),8492,0.0
LINC01004 (ENSG00000228393),8493,0.0
CSTF3-AS1 (ENSG00000247151),8494,0.0
CENPA (ENSG00000115163),8495,0.0
RNF146 (ENSG00000118518),8496,0.0
BIN3 (ENSG00000147439),8497,0.0
MRPS24 (ENSG00000062582),8498,0.0
SPA17 (ENSG00000064199),8499,0.0
CXXC5 (ENSG00000171604),8500,0.0
CTD-2588E21.1 (ENSG00000277763),8501,0.0
ZNF141 (ENSG00000131127),8502,0.0
ARPP19 (ENSG00000128989),8503,0.0
PGAP1 (ENSG00000197121),8504,0.0
RP4-736L20.3 (ENSG00000271989),8505,0.0
CEP78 (ENSG00000148019),8506,0.0
CTD-3185P2.1 (ENSG00000261351),8507,0.0
NUDT6 (ENSG00000170917),8508,0.0
ZNF334 (ENSG00000198185),8509,0.0
FN3KRP (ENSG00000141560),8510,0.0
RCCD1 (ENSG00000166965),8511,0.0
RP11-823E8.3 (ENSG00000274021),8512,0.0
EMX2 (ENSG00000170370),8513,0.0
CEP70 (ENSG00000114107),8514,0.0
HDHD2 (ENSG00000167220),8515,0.0
FIRRE (ENSG00000213468),8516,0.0
AC090498.1 (ENSG00000279483),8517,0.0
TAF7L (ENSG00000102387),8518,0.0
ENOSF1 (ENSG00000132199),8519,0.0
OTX1 (ENSG00000115507),8520,0.0
ARHGEF37 (ENSG00000183111),8521,0.0
CYP2R1 (ENSG00000186104),8522,0.0
CLEC10A (ENSG00000132514),8523,0.0
FAM66C (ENSG00000226711),8524,0.0
ABHD6 (ENSG00000163686),8525,0.0
INTU (ENSG00000164066),8526,0.0
LFNG (ENSG00000106003),8527,0.0
RP11-231G3.1 (ENSG00000272308),8528,0.0
DACH1 (ENSG00000276644),8529,0.0
SFXN4 (ENSG00000183605),8530,0.0
FEZF2 (ENSG00000153266),8531,0.0
ADAL (ENSG00000168803),8532,0.0
MLH3 (ENSG00000119684),8533,0.0
METTL15 (ENSG00000169519),8534,0.0
PDCD7 (ENSG00000090470),8535,0.0
DCAF16 (ENSG00000163257),8536,0.0
ASB16-AS1 (ENSG00000267080),8537,0.0
RP11-367N14.2 (ENSG00000232648),8538,0.0
DERA (ENSG00000023697),8539,0.0
NDUFV2-AS1 (ENSG00000266053),8540,0.0
WNT8B (ENSG00000075290),8541,0.0
RP11-499F3.2 (ENSG00000259692),8542,0.0
TPGS2 (ENSG00000134779),8543,0.0
FAM47E (ENSG00000189157),8544,0.0
ZNF627 (ENSG00000198551),8545,0.0
HILPDA (ENSG00000135245),8546,0.0
ZNF19 (ENSG00000157429),8547,1.0
ZNF829 (ENSG00000185869),8548,1.0
KCNJ13 (ENSG00000115474),8549,1.0
RIPPLY3 (ENSG00000183145),8550,1.0
TM2D3 (ENSG00000184277),8551,1.0
SMKR1 (ENSG00000240204),8552,1.0
ZNF837 (ENSG00000152475),8553,1.0
RP1-315G1.3 (ENSG00000232412),8554,1.0
PEX10 (ENSG00000157911),8555,1.0
PCDH19 (ENSG00000165194),8556,1.0
RP11-98G7.1 (ENSG00000236947),8557,1.0
KLHDC9 (ENSG00000162755),8558,1.0
SDK2 (ENSG00000069188),8559,1.0
ZNF14 (ENSG00000105708),8560,1.0
CA14 (ENSG00000118298),8561,1.0
SPATA6 (ENSG00000132122),8562,1.0
MMS22L (ENSG00000146263),8563,1.0
CYP26C1 (ENSG00000187553),8564,1.0
BRD7 (ENSG00000166164),8565,1.0
TRIM66 (ENSG00000166436),8566,1.0
KIAA0753 (ENSG00000198920),8567,1.0
USP2 (ENSG00000036672),8568,1.0
CASP2 (ENSG00000106144),8569,1.0
DNPH1 (ENSG00000112667),8570,1.0
EPHA4 (ENSG00000116106),8571,1.0
RP11-54C4.3 (ENSG00000275765),8572,1.0
SP5 (ENSG00000204335),8573,1.0
TBL1Y (ENSG00000092377),8574,1.0
RP11-348J12.2 (ENSG00000226425),8575,1.0
NPHP1 (ENSG00000144061),8576,1.0
CCNG1 (ENSG00000113328),8577,1.0
WAC-AS1 (ENSG00000254635),8578,1.0
LINC00524 (ENSG00000259023),8579,1.0
PGAP3 (ENSG00000161395),8580,1.0
WDR73 (ENSG00000177082),8581,1.0
ME3 (ENSG00000151376),8582,1.0
RASSF8-AS1 (ENSG00000246695),8583,1.0
LINC01571 (ENSG00000260057),8584,1.0
ARF4-AS1 (ENSG00000272146),8585,1.0
CHI3L1 (ENSG00000133048),8586,1.0
AGO4 (ENSG00000134698),8587,1.0
RP11-456O19.2 (ENSG00000267057),8588,1.0
PIK3C3 (ENSG00000078142),8589,1.0
DLGAP1-AS1 (ENSG00000177337),8590,1.0
CCDC157 (ENSG00000187860),8591,1.0
SEPSECS (ENSG00000109618),8592,1.0
ZNF605 (ENSG00000196458),8593,1.0
PSAP (ENSG00000197746),8594,1.0
TTC29 (ENSG00000137473),8595,1.0
GSTM1 (ENSG00000134184),8596,1.0
KIAA0513 (ENSG00000135709),8597,1.0
SFR1 (ENSG00000156384),8598,1.0
ZNF17 (ENSG00000186272),8599,1.0
MEX3A (ENSG00000254726),8600,1.0
HAGH (ENSG00000063854),8601,1.0
PSMD5-AS1 (ENSG00000226752),8602,1.0
HMGN1 (ENSG00000205581),8603,1.0
RP11-96L14.7 (ENSG00000236782),8604,1.0
PPP1R1A (ENSG00000135447),8605,1.0
GALP (ENSG00000197487),8606,1.0
ZNF274 (ENSG00000171606),8607,1.0
ARMC9 (ENSG00000135931),8608,1.0
WDTC1 (ENSG00000142784),8609,1.0
RP11-435O5.4 (ENSG00000271659),8610,1.0
SYT7 (ENSG00000011347),8611,1.0
PLEKHA1 (ENSG00000107679),8612,1.0
SNAPIN (ENSG00000143553),8613,1.0
TTC7A (ENSG00000068724),8614,1.0
RP11-631N16.2 (ENSG00000257354),8615,1.0
ZCCHC9 (ENSG00000131732),8616,1.0
WBP1L (ENSG00000166272),8617,1.0
TAF5L (ENSG00000135801),8618,1.0
PRTG (ENSG00000166450),8619,1.0
TSGA10 (ENSG00000135951),8620,1.0
PLIN5 (ENSG00000214456),8621,1.0
NSUN4 (ENSG00000117481),8622,1.0
SAYSD1 (ENSG00000112167),8623,1.0
ZC3H12B (ENSG00000102053),8624,1.0
SMYD4 (ENSG00000186532),8625,1.0
NR2C1 (ENSG00000120798),8626,1.0
RP11-484K9.4 (ENSG00000272844),8627,1.0
SAT1 (ENSG00000130066),8628,1.0
RASL10A (ENSG00000100276),8629,1.0
SLCO2A1 (ENSG00000174640),8630,1.0
NRXN3 (ENSG00000021645),8631,1.0
TTC13 (ENSG00000143643),8632,1.0
TTPA (ENSG00000137561),8633,1.0
S100A4 (ENSG00000196154),8634,1.0
TTC30A (ENSG00000197557),8635,1.0
TUBD1 (ENSG00000108423),8636,1.0
TMEM55B (ENSG00000165782),8637,1.0
WASF3 (ENSG00000132970),8638,1.0
RP5-1024G6.5 (ENSG00000226754),8639,1.0
ZNF417 (ENSG00000173480),8640,1.0
RAB11B-AS1 (ENSG00000269386),8641,1.0
PROM1 (ENSG00000007062),8642,1.0
SGPP2 (ENSG00000163082),8643,1.0
PPP1R3F (ENSG00000049769),8644,1.0
MLLT4-AS1 (ENSG00000198221),8645,1.0
ZNF433 (ENSG00000197647),8646,1.0
ZNF444 (ENSG00000167685),8647,1.0
RP11-195F19.5 (ENSG00000187186),8648,1.0
SP6 (ENSG00000189120),8649,1.0
RP1-150O5.3 (ENSG00000235052),8650,1.0
USP54 (ENSG00000166348),8651,1.0
ZNF528 (ENSG00000167555),8652,1.0
ZNF544 (ENSG00000198131),8653,1.0
ZNF549 (ENSG00000121406),8654,1.0
USP46-AS1 (ENSG00000248866),8655,1.0
SETD1A (ENSG00000099381),8656,1.0
ZNF621 (ENSG00000172888),8657,1.0
TMEM44-AS1 (ENSG00000231770),8658,1.0
PRKG1-AS1 (ENSG00000236671),8659,1.0
PCMTD1 (ENSG00000168300),8660,1.0
PABPC3 (ENSG00000151846),8661,1.0
TKFC (ENSG00000149476),8662,1.0
TLE4 (ENSG00000106829),8663,1.0
STAG3 (ENSG00000066923),8664,1.0
UFC1 (ENSG00000143222),8665,1.0
SCRN3 (ENSG00000144306),8666,1.0
RP11-355F16.1 (ENSG00000270571),8667,1.0
RP11-250B2.6 (ENSG00000272129),8668,1.0
SOAT1 (ENSG00000057252),8669,1.0
TRIM73 (ENSG00000178809),8670,1.0
PRSS46 (ENSG00000261603),8671,1.0
TRIM68 (ENSG00000167333),8672,1.0
SUMF1 (ENSG00000144455),8673,1.0
SNPH (ENSG00000101298),8674,1.0
RP11-703G6.1 (ENSG00000249614),8675,1.0
PNPO (ENSG00000108439),8676,1.0
RP11-336K24.12 (ENSG00000273002),8677,1.0
RUNDC1 (ENSG00000198863),8678,1.0
ZFP14 (ENSG00000142065),8679,1.0
SUCLG2 (ENSG00000172340),8680,1.0
SCGB3A1 (ENSG00000161055),8681,1.0
ZNF879 (ENSG00000234284),8682,1.0
POLI (ENSG00000101751),8683,1.0
ZHX1-C8orf76 (ENSG00000259305),8684,1.0
ZNF865 (ENSG00000261221),8685,1.0
TRIM23 (ENSG00000113595),8686,1.0
MIF-AS1 (ENSG00000218537),8687,1.0
RP11-80A15.1 (ENSG00000258744),8688,1.0
RHPN1-AS1 (ENSG00000254389),8689,1.0
UBA6-AS1 (ENSG00000248049),8690,1.0
VPS36 (ENSG00000136100),8691,1.0
POMT2 (ENSG00000009830),8692,1.0
RP11-87C12.5 (ENSG00000255856),8693,1.0
RP11-883G14.1 (ENSG00000261241),8694,1.0
TRAM1 (ENSG00000067167),8695,1.0
TMEM128 (ENSG00000132406),8696,1.0
ZNF816 (ENSG00000180257),8697,1.0
TMEM179B (ENSG00000185475),8698,1.0
ZZZ3 (ENSG00000036549),8699,1.0
ECHDC1 (ENSG00000093144),8700,1.0
CA2 (ENSG00000104267),8701,1.0
GRAMD1B (ENSG00000023171),8702,1.0
CHMP4C (ENSG00000164695),8703,1.0
CTD-3074O7.5 (ENSG00000255517),8704,1.0
IKZF2 (ENSG00000030419),8705,1.0
COMMD8 (ENSG00000169019),8706,1.0
FBN3 (ENSG00000142449),8707,1.0
CTD-2516F10.2 (ENSG00000251364),8708,1.0
CTD-2410N18.3 (ENSG00000270177),8709,1.0
E2F8 (ENSG00000129173),8710,1.0
CTD-2376I4.1 (ENSG00000271926),8711,1.0
ARRDC1 (ENSG00000197070),8712,1.0
FBF1 (ENSG00000188878),8713,1.0
LINC01574 (ENSG00000248859),8714,1.0
DYNC1I1 (ENSG00000158560),8715,1.0
CD81-AS1 (ENSG00000238184),8716,1.0
MDFIC (ENSG00000135272),8717,1.0
MDH1B (ENSG00000138400),8718,1.0
FAAP24 (ENSG00000131944),8719,1.0
LATS1 (ENSG00000131023),8720,1.0
LAMTOR3 (ENSG00000109270),8721,1.0
IQCD (ENSG00000166578),8722,1.0
ATP6V0E2 (ENSG00000171130),8723,1.0
ALDH3B2 (ENSG00000132746),8724,1.0
MED13 (ENSG00000108510),8725,1.0
KIAA0556 (ENSG00000047578),8726,1.0
FAM122B (ENSG00000156504),8727,1.0
ANKRD6 (ENSG00000135299),8728,1.0
ATP2B1 (ENSG00000070961),8729,1.0
FBXO38 (ENSG00000145868),8730,1.0
MBNL3 (ENSG00000076770),8731,1.0
CPPED1 (ENSG00000103381),8732,1.0
COMMD7 (ENSG00000149600),8733,1.0
LINC00867 (ENSG00000232139),8734,1.0
COMMD9 (ENSG00000110442),8735,1.0
LINC00926 (ENSG00000247982),8736,1.0
APLP2 (ENSG00000084234),8737,1.0
LINC00959 (ENSG00000237489),8738,1.0
GNG7 (ENSG00000176533),8739,1.0
ELAC1 (ENSG00000141642),8740,1.0
CFAP36 (ENSG00000163001),8741,1.0
FMR1 (ENSG00000102081),8742,1.0
CFAP61 (ENSG00000089101),8743,1.0
IFI27L1 (ENSG00000165948),8744,1.0
ENTPD4 (ENSG00000197217),8745,1.0
AC012358.8 (ENSG00000240401),8746,1.0
LINC01152 (ENSG00000256124),8747,1.0
AGBL4 (ENSG00000186094),8748,1.0
FGF9 (ENSG00000102678),8749,1.0
EPG5 (ENSG00000152223),8750,1.0
DAPK2 (ENSG00000035664),8751,1.0
APBA1 (ENSG00000107282),8752,1.0
CDX4 (ENSG00000131264),8753,1.0
AC016549.1 (ENSG00000281325),8754,1.0
CDS2 (ENSG00000101290),8755,1.0
GPR146 (ENSG00000164849),8756,1.0
CWC25 (ENSG00000273559),8757,1.0
CACNA1H (ENSG00000196557),8758,1.0
HINT2 (ENSG00000137133),8759,1.0
ERF (ENSG00000105722),8760,1.0
ADAM19 (ENSG00000135074),8761,1.0
IPO11 (ENSG00000086200),8762,1.0
GADD45A (ENSG00000116717),8763,1.0
CCDC134 (ENSG00000100147),8764,1.0
AC140542.2 (ENSG00000261325),8765,1.0
FAM219B (ENSG00000178761),8766,1.0
FAM178B (ENSG00000168754),8767,1.0
INPP5E (ENSG00000148384),8768,1.0
DIRC2 (ENSG00000138463),8769,1.0
DOPEY1 (ENSG00000083097),8770,1.0
FAM159B (ENSG00000145642),8771,1.0
CCDC24 (ENSG00000159214),8772,1.0
CCHCR1 (ENSG00000204536),8773,1.0
DNAJC30 (ENSG00000176410),8774,1.0
DKK1 (ENSG00000107984),8775,1.0
CTA-293F17.1 (ENSG00000271133),8776,1.0
KPNA1 (ENSG00000114030),8777,1.0
CNKSR1 (ENSG00000142675),8778,1.0
INVS (ENSG00000119509),8779,1.0
FAM204A (ENSG00000165669),8780,1.0
KIF24 (ENSG00000186638),8781,1.0
CCDC85C (ENSG00000205476),8782,1.0
INADL (ENSG00000132849),8783,1.0
HIST1H4F (ENSG00000274618),8784,1.0
FOLR1 (ENSG00000110195),8785,1.0
RMND1 (ENSG00000155906),8786,1.0
ITGB2 (ENSG00000160255),8787,1.0
TMEM54 (ENSG00000121900),8788,1.0
CFD (ENSG00000197766),8789,1.0
CLIC1 (ENSG00000213719),8790,1.0
RP4-561L24.3 (ENSG00000260464),8791,1.0
IZUMO4 (ENSG00000099840),8792,1.0
PGA5 (ENSG00000256713),8793,1.0
INPP4A (ENSG00000040933),8794,1.0
RIC1 (ENSG00000107036),8795,1.0
RP11-981P6.1 (ENSG00000258302),8796,1.0
RHPN2 (ENSG00000131941),8797,1.0
BCO1 (ENSG00000135697),8798,1.0
SYDE2 (ENSG00000097096),8799,1.0
CFLAR (ENSG00000003402),8800,1.0
EHHADH (ENSG00000113790),8801,1.0
STAC3 (ENSG00000185482),8802,1.0
SUSD4 (ENSG00000143502),8803,1.0
RP3-467D16.3 (ENSG00000282024),8804,1.0
FOXK1 (ENSG00000164916),8805,1.0
FOXJ3 (ENSG00000198815),8806,1.0
ARFIP2 (ENSG00000132254),8807,1.0
GAPLINC (ENSG00000266835),8808,1.0
ITLN2 (ENSG00000158764),8809,1.0
VWF (ENSG00000110799),8810,1.0
MUC15 (ENSG00000169550),8811,1.0
B4GALNT3 (ENSG00000139044),8812,1.0
TMEM63A (ENSG00000196187),8813,1.0
RP13-890H12.2 (ENSG00000267288),8814,1.0
PCNXL3 (ENSG00000197136),8815,1.0
RIPK4 (ENSG00000183421),8816,1.0
FNDC3B (ENSG00000075420),8817,1.0
ADAP2 (ENSG00000184060),8818,1.0
DNAH5 (ENSG00000039139),8819,1.0
PCDHB6 (ENSG00000113211),8820,1.0
SYTL1 (ENSG00000142765),8821,1.0
RP11-844P9.2 (ENSG00000248596),8822,1.0
HCG25 (ENSG00000232940),8823,1.0
RP11-83M16.5 (ENSG00000249736),8824,1.0
RP11-820I16.4 (ENSG00000273141),8825,1.0
CETN2 (ENSG00000147400),8826,1.0
AXIN2 (ENSG00000168646),8827,1.0
CALM3 (ENSG00000160014),8828,1.0
RP11-803D5.4 (ENSG00000270190),8829,1.0
LRP4 (ENSG00000134569),8830,1.0
TACSTD2 (ENSG00000184292),8831,1.0
LINC00917 (ENSG00000168367),8832,1.0
LINC00909 (ENSG00000264247),8833,1.0
LINC00900 (ENSG00000246100),8834,1.0
S100A16 (ENSG00000188643),8835,1.0
PPP1R21 (ENSG00000162869),8836,1.0
RP11-77P16.4 (ENSG00000249846),8837,1.0
RP11-803B1.8 (ENSG00000272690),8838,1.0
PCDHGA11 (ENSG00000253873),8839,1.0
ADCY8 (ENSG00000155897),8840,1.0
C3 (ENSG00000125730),8841,1.0
C3orf62 (ENSG00000188315),8842,1.0
TOR4A (ENSG00000198113),8843,1.0
TMEM45B (ENSG00000151715),8844,1.0
ITGB1 (ENSG00000150093),8845,1.0
CFAP69 (ENSG00000105792),8846,1.0
B4GALT1-AS1 (ENSG00000233554),8847,1.0
CLIP1 (ENSG00000130779),8848,1.0
EIF3C (ENSG00000184110),8849,1.0
ARL4C (ENSG00000188042),8850,1.0
SYNJ1 (ENSG00000159082),8851,1.0
GATM (ENSG00000171766),8852,1.0
GATS (ENSG00000239521),8853,1.0
LINC01140 (ENSG00000267272),8854,1.0
RNF103 (ENSG00000239305),8855,1.0
RP11-91J19.3 (ENSG00000272293),8856,1.0
RP11-89C3.4 (ENSG00000271584),8857,1.0
EIF4E1B (ENSG00000175766),8858,1.0
LINC01124 (ENSG00000222033),8859,1.0
FMN1 (ENSG00000248905),8860,1.0
POLR1C (ENSG00000171453),8861,1.0
RP4-612B15.3 (ENSG00000261737),8862,1.0
STK31 (ENSG00000196335),8863,1.0
FPGT (ENSG00000254685),8864,1.0
VPS13C (ENSG00000129003),8865,1.0
C8orf44 (ENSG00000213865),8866,1.0
LPP-AS2 (ENSG00000270959),8867,1.0
VILL (ENSG00000136059),8868,1.0
DOPEY2 (ENSG00000142197),8869,1.0
DUSP28 (ENSG00000188542),8870,1.0
IRF6 (ENSG00000117595),8871,1.0
RERE (ENSG00000142599),8872,1.0
FZD4 (ENSG00000174804),8873,1.0
LMTK3 (ENSG00000142235),8874,1.0
ZNF443 (ENSG00000180855),8875,1.0
PRKAG2 (ENSG00000106617),8876,1.0
C8orf58 (ENSG00000241852),8877,1.0
FURIN (ENSG00000140564),8878,1.0
DYNC2H1 (ENSG00000187240),8879,1.0
FTCDNL1 (ENSG00000226124),8880,1.0
INTS1 (ENSG00000164880),8881,1.0
FTCD (ENSG00000160282),8882,1.0
VHL (ENSG00000134086),8883,1.0
DTNBP1 (ENSG00000047579),8884,1.0
MYO5B (ENSG00000167306),8885,1.0
PDZD8 (ENSG00000165650),8886,1.0
ARID3A (ENSG00000116017),8887,1.0
PEX11G (ENSG00000104883),8888,1.0
DPP10 (ENSG00000175497),8889,1.0
GABRA4 (ENSG00000109158),8890,1.0
ARID4B (ENSG00000054267),8891,1.0
PERP (ENSG00000112378),8892,1.0
ZNF500 (ENSG00000103199),8893,1.0
LPIN2 (ENSG00000101577),8894,1.0
TOB1 (ENSG00000141232),8895,1.0
LPP (ENSG00000145012),8896,1.0
LPAR5 (ENSG00000184574),8897,1.0
C7orf49 (ENSG00000122783),8898,1.0
MYLK2 (ENSG00000101306),8899,1.0
GABPB2 (ENSG00000143458),8900,1.0
VMAC (ENSG00000187650),8901,1.0
IQCJ-SCHIP1 (ENSG00000250588),8902,1.0
ZNF468 (ENSG00000204604),8903,1.0
FZD6 (ENSG00000164930),8904,1.0
DSC2 (ENSG00000134755),8905,1.0
TNFAIP2 (ENSG00000185215),8906,1.0
RGL3 (ENSG00000205517),8907,1.0
RREB1 (ENSG00000124782),8908,1.0
PPP1R13L (ENSG00000104881),8909,1.0
VSIG2 (ENSG00000019102),8910,1.0
ZNF385B (ENSG00000144331),8911,1.0
SUCLG2-AS1 (ENSG00000241316),8912,1.0
SUCO (ENSG00000094975),8913,1.0
STAM2 (ENSG00000115145),8914,1.0
ARHGAP18 (ENSG00000146376),8915,1.0
CA3-AS1 (ENSG00000253549),8916,1.0
HIST4H4 (ENSG00000197837),8917,1.0
RTKN (ENSG00000114993),8918,1.0
ITGA2 (ENSG00000164171),8919,1.0
NAPSA (ENSG00000131400),8920,1.0
VSTM5 (ENSG00000214376),8921,1.0
PFKL (ENSG00000141959),8922,1.0
CA4 (ENSG00000167434),8923,1.0
FREM2 (ENSG00000150893),8924,1.0
ADAM17 (ENSG00000151694),8925,1.0
ARHGAP10 (ENSG00000071205),8926,1.0
C6orf58 (ENSG00000184530),8927,1.0
NAV2 (ENSG00000166833),8928,1.0
HIVEP1 (ENSG00000095951),8929,1.0
RHOU (ENSG00000116574),8930,1.0
STAP2 (ENSG00000178078),8931,1.0
STYK1 (ENSG00000060140),8932,1.0
VGLL1 (ENSG00000102243),8933,1.0
ACY3 (ENSG00000132744),8934,1.0
RBM3 (ENSG00000102317),8935,1.0
CLDN3 (ENSG00000165215),8936,1.0
STX17 (ENSG00000136874),8937,1.0
CLDN4 (ENSG00000189143),8938,1.0
HPGD (ENSG00000164120),8939,1.0
RP6-191P20.4 (ENSG00000236064),8940,1.0
ARHGAP27 (ENSG00000159314),8941,1.0
CLDN9 (ENSG00000213937),8942,1.0
DNALI1 (ENSG00000163879),8943,1.0
NAGLU (ENSG00000108784),8944,1.0
RGS5 (ENSG00000232995),8945,1.0
TMPRSS13 (ENSG00000137747),8946,1.0
TMPRSS11E (ENSG00000087128),8947,1.0
EDN1 (ENSG00000078401),8948,1.0
PDE6B (ENSG00000133256),8949,1.0
RP5-1148A21.3 (ENSG00000266680),8950,1.0
ACCS (ENSG00000110455),8951,1.0
MXD4 (ENSG00000123933),8952,1.0
CAP2 (ENSG00000112186),8953,1.0
PAXIP1 (ENSG00000157212),8954,1.0
LINC00886 (ENSG00000240875),8955,1.0
RP11-419I17.1 (ENSG00000270154),8956,1.0
RP11-418H16.1 (ENSG00000281920),8957,1.0
LAMC2 (ENSG00000058085),8958,1.0
LAMC1 (ENSG00000135862),8959,1.0
LAMA5 (ENSG00000130702),8960,1.0
CD52 (ENSG00000169442),8961,1.0
RP11-18B16.2 (ENSG00000227482),8962,1.0
RP11-400F19.6 (ENSG00000266962),8963,1.0
RP11-3P17.4 (ENSG00000240567),8964,1.0
CD47 (ENSG00000196776),8965,1.0
TLR4 (ENSG00000136869),8966,1.0
KIAA0355 (ENSG00000166398),8967,1.0
KIAA0391 (ENSG00000100890),8968,1.0
FAM83H-AS1 (ENSG00000203499),8969,1.0
TFAP2C (ENSG00000087510),8970,1.0
LA16c-380H5.6 (ENSG00000274367),8971,1.0
RP11-20I20.4 (ENSG00000273179),8972,1.0
RP11-388M20.1 (ENSG00000260060),8973,1.0
XXbac-BPG308K3.5 (ENSG00000225173),8974,1.0
XXbac-BPG32J3.19 (ENSG00000250641),8975,1.0
RP11-222K16.2 (ENSG00000272282),8976,1.0
LAMP5 (ENSG00000125869),8977,1.0
HPS6 (ENSG00000166189),8978,1.0
RP11-42I10.1 (ENSG00000260086),8979,1.0
ZDHHC21 (ENSG00000175893),8980,1.0
P2RY2 (ENSG00000175591),8981,1.0
TMEM104 (ENSG00000109066),8982,1.0
FBN2 (ENSG00000138829),8983,1.0
RP11-156K23.3 (ENSG00000275202),8984,1.0
EXOC6 (ENSG00000138190),8985,1.0
NOXA1 (ENSG00000188747),8986,1.0
CDC37L1-AS1 (ENSG00000273061),8987,1.0
EXPH5 (ENSG00000110723),8988,1.0
RP11-15A1.7 (ENSG00000266921),8989,1.0
CDAN1 (ENSG00000140326),8990,1.0
ANKRD45 (ENSG00000183831),8991,1.0
OXCT2 (ENSG00000198754),8992,1.0
OVOL1 (ENSG00000172818),8993,1.0
AOX1 (ENSG00000138356),8994,1.0
CCDC148 (ENSG00000153237),8995,1.0
AKR1E2 (ENSG00000165568),8996,1.0
CCDC149 (ENSG00000181982),8997,1.0
TMBIM6 (ENSG00000139644),8998,1.0
CCDC153 (ENSG00000248712),8999,1.0
CD82 (ENSG00000085117),9000,1.0
F7 (ENSG00000057593),9001,1.0
F8 (ENSG00000185010),9002,1.0
XDH (ENSG00000158125),9003,1.0
CD2BP2 (ENSG00000169217),9004,1.0
RP11-380D23.2 (ENSG00000250103),9005,1.0
YAP1 (ENSG00000137693),9006,1.0
ODC1 (ENSG00000115758),9007,1.0
HES2 (ENSG00000069812),9008,1.0
KLK8 (ENSG00000129455),9009,1.0
FAM171A2 (ENSG00000161682),9010,1.0
ZBTB38 (ENSG00000177311),9011,1.0
ZBTB34 (ENSG00000177125),9012,1.0
RP11-268J15.5 (ENSG00000116883),9013,1.0
YPEL2 (ENSG00000175155),9014,1.0
ANKAR (ENSG00000151687),9015,1.0
THRB (ENSG00000151090),9016,1.0
NUAK2 (ENSG00000163545),9017,1.0
TIGD6 (ENSG00000164296),9018,1.0
RP11-2C24.9 (ENSG00000282034),9019,1.0
AMPD3 (ENSG00000133805),9020,1.0
ZBTB10 (ENSG00000205189),9021,1.0
CCKBR (ENSG00000110148),9022,1.0
RP11-324I22.4 (ENSG00000271335),9023,1.0
ZBED6CL (ENSG00000188707),9024,1.0
FAM189A1 (ENSG00000104059),9025,1.0
KIT (ENSG00000157404),9026,1.0
NUP50-AS1 (ENSG00000226328),9027,1.0
KLC3 (ENSG00000104892),9028,1.0
TIGD5 (ENSG00000179886),9029,1.0
WTIP (ENSG00000142279),9030,1.0
ZBTB41 (ENSG00000177888),9031,1.0
RP11-253M7.1 (ENSG00000259426),9032,1.0
FAM66B (ENSG00000215374),9033,1.0
OLIG3 (ENSG00000177468),9034,1.0
KTN1 (ENSG00000126777),9035,1.0
FAM57A (ENSG00000167695),9036,1.0
ALOX5 (ENSG00000012779),9037,1.0
KRT7 (ENSG00000135480),9038,1.0
FAM149B1 (ENSG00000138286),9039,1.0
KRT23 (ENSG00000108244),9040,1.0
KRT18 (ENSG00000111057),9041,1.0
CD151 (ENSG00000177697),9042,1.0
FAM168A (ENSG00000054965),9043,1.0
RP11-362K14.5 (ENSG00000269984),9044,1.0
NT5C2 (ENSG00000076685),9045,1.0
RP11-35G9.5 (ENSG00000267787),9046,1.0
CCT6B (ENSG00000132141),9047,1.0
KRCC1 (ENSG00000172086),9048,1.0
KIF13B (ENSG00000197892),9049,1.0
RP11-355B11.2 (ENSG00000270820),9050,1.0
AMBN (ENSG00000178522),9051,1.0
AMBP (ENSG00000106927),9052,1.0
CCDC38 (ENSG00000165972),9053,1.0
CCR7 (ENSG00000126353),9054,1.0
KREMEN2 (ENSG00000131650),9055,1.0
AKAP9 (ENSG00000127914),9056,1.0
P3H2 (ENSG00000090530),9057,1.0
CDC42SE1 (ENSG00000197622),9058,1.0
ZNF135 (ENSG00000176293),9059,1.0
FGGY (ENSG00000172456),9060,1.0
NFE2 (ENSG00000123405),9061,1.0
ZNF124 (ENSG00000196418),9062,1.0
RP11-663N22.1 (ENSG00000265246),9063,1.0
ZNF112 (ENSG00000062370),9064,1.0
RP1-170O19.17 (ENSG00000253308),9065,1.0
FGFR3 (ENSG00000068078),9066,1.0
PART1 (ENSG00000152931),9067,1.0
FGFBP1 (ENSG00000137440),9068,1.0
RP11-680F8.1 (ENSG00000256802),9069,1.0
ENTPD6 (ENSG00000197586),9070,1.0
RP11-642C5.1 (ENSG00000271156),9071,1.0
LINC00592 (ENSG00000258279),9072,1.0
AGBL3 (ENSG00000146856),9073,1.0
LINC00551 (ENSG00000272274),9074,1.0
CASK (ENSG00000147044),9075,1.0
KBTBD2 (ENSG00000170852),9076,1.0
WDR81 (ENSG00000167716),9077,1.0
RP11-626G11.5 (ENSG00000261465),9078,1.0
FGF17 (ENSG00000158815),9079,1.0
NHS (ENSG00000188158),9080,1.0
RP1-199J3.7 (ENSG00000272017),9081,1.0
TBC1D2 (ENSG00000095383),9082,1.0
TARBP1 (ENSG00000059588),9083,1.0
AF001548.5 (ENSG00000263335),9084,1.0
RNF32 (ENSG00000105982),9085,1.0
ADIPOR2 (ENSG00000006831),9086,1.0
PPP1R26 (ENSG00000196422),9087,1.0
ADM5 (ENSG00000224420),9088,1.0
RP11-753H16.3 (ENSG00000258137),9089,1.0
TMEM234 (ENSG00000160055),9090,1.0
APOA1BP (ENSG00000163382),9091,1.0
UACA (ENSG00000137831),9092,1.0
RP11-736K20.6 (ENSG00000246523),9093,1.0
JUP (ENSG00000173801),9094,1.0
TAPBPL (ENSG00000139192),9095,1.0
RP11-734K2.4 (ENSG00000270344),9096,1.0
NENF (ENSG00000117691),9097,1.0
NEO1 (ENSG00000067141),9098,1.0
RP11-723O4.9 (ENSG00000261159),9099,1.0
PCAT14 (ENSG00000280623),9100,1.0
TAL2 (ENSG00000186051),9101,1.0
APLF (ENSG00000169621),9102,1.0
TMEM219 (ENSG00000149932),9103,1.0
PPL (ENSG00000118898),9104,1.0
CELSR1 (ENSG00000075275),9105,1.0
WDR5B (ENSG00000196981),9106,1.0
RNPC3 (ENSG00000185946),9107,1.0
RP11-77H9.2 (ENSG00000260276),9108,1.0
AP5B1 (ENSG00000254470),9109,1.0
AGRN (ENSG00000188157),9110,1.0
CC2D1B (ENSG00000154222),9111,1.0
FBXO4 (ENSG00000151876),9112,1.0
ERMN (ENSG00000136541),9113,1.0
RP11-513G11.4 (ENSG00000225742),9114,1.0
ZFYVE1 (ENSG00000165861),9115,1.0
ERP27 (ENSG00000139055),9116,1.0
ERRFI1 (ENSG00000116285),9117,1.0
TMEM139 (ENSG00000178826),9118,1.0
FBXO36 (ENSG00000153832),9119,1.0
KCNK13 (ENSG00000152315),9120,1.0
RP11-521B24.3 (ENSG00000251602),9121,1.0
CCDC102B (ENSG00000150636),9122,1.0
WNT5B (ENSG00000111186),9123,1.0
HHLA3 (ENSG00000197568),9124,1.0
RP11-47L3.1 (ENSG00000267364),9125,1.0
CCDC125 (ENSG00000183323),9126,1.0
RP11-474O21.5 (ENSG00000272482),9127,1.0
HHIPL1 (ENSG00000182218),9128,1.0
ZFP2 (ENSG00000198939),9129,1.0
TCTA (ENSG00000145022),9130,1.0
TCTEX1D2 (ENSG00000213123),9131,1.0
RP11-146F11.1 (ENSG00000261840),9132,1.0
CDH2 (ENSG00000170558),9133,1.0
KCNC3 (ENSG00000131398),9134,1.0
RP11-521O16.2 (ENSG00000260163),9135,1.0
RP11-526I2.5 (ENSG00000270127),9136,1.0
PARD3B (ENSG00000116117),9137,1.0
CATSPERG (ENSG00000099338),9138,1.0
PAQR9-AS1 (ENSG00000241570),9139,1.0
NIPAL2 (ENSG00000104361),9140,1.0
CDKL3 (ENSG00000006837),9141,1.0
PAQR5 (ENSG00000137819),9142,1.0
TMEM170B (ENSG00000205269),9143,1.0
FEZ2 (ENSG00000171055),9144,1.0
KCNG1 (ENSG00000026559),9145,1.0
HIPK2 (ENSG00000064393),9146,1.0
RP11-1191J2.5 (ENSG00000272927),9147,1.0
FER (ENSG00000151422),9148,1.0
RP11-54H7.4 (ENSG00000275216),9149,1.0
TMEM154 (ENSG00000170006),9150,1.0
AP2B1 (ENSG00000006125),9151,1.0
ERCC6 (ENSG00000225830),9152,1.0
TBX22 (ENSG00000122145),9153,1.0
TBX6 (ENSG00000149922),9154,1.0
LINC00205 (ENSG00000223768),9155,1.0
TMEM144 (ENSG00000164124),9156,1.0
BEND6 (ENSG00000151917),9157,1.0
ERICH2 (ENSG00000204334),9158,1.0
RP11-10N23.2 (ENSG00000253854),9159,1.0
LRPAP1 (ENSG00000163956),9160,1.0
FAM19A2 (ENSG00000198673),9161,1.0
SERPINB8 (ENSG00000166401),9162,1.0
SLC27A6 (ENSG00000113396),9163,1.0
ABHD15 (ENSG00000168792),9164,1.0
IGKC (ENSG00000211592),9165,1.0
DCAF6 (ENSG00000143164),9166,1.0
BTC (ENSG00000174808),9167,1.0
MAGI3 (ENSG00000081026),9168,1.0
SPATA33 (ENSG00000167523),9169,1.0
SPATA41 (ENSG00000189419),9170,1.0
SESN3 (ENSG00000149212),9171,1.0
COL4A1 (ENSG00000187498),9172,1.0
PIGG (ENSG00000174227),9173,1.0
PLEKHG2 (ENSG00000090924),9174,1.0
SERPINI1 (ENSG00000163536),9175,1.0
SERPINF2 (ENSG00000167711),9176,1.0
GPLD1 (ENSG00000112293),9177,1.0
GREB1L (ENSG00000141449),9178,1.0
SLC2A12 (ENSG00000146411),9179,1.0
SMTNL1 (ENSG00000214872),9180,1.0
UPK2 (ENSG00000110375),9181,1.0
RAB28 (ENSG00000157869),9182,1.0
TRGV5 (ENSG00000211697),9183,1.0
PIGV (ENSG00000060642),9184,1.0
TSPAN12 (ENSG00000106025),9185,1.0
MAN1A2 (ENSG00000198162),9186,1.0
SFN (ENSG00000175793),9187,1.0
DARS-AS1 (ENSG00000231890),9188,1.0
C1RL-AS1 (ENSG00000205885),9189,1.0
CTD-2540F13.2 (ENSG00000267892),9190,1.0
CTD-2530H12.4 (ENSG00000255326),9191,1.0
CRH (ENSG00000147571),9192,1.0
SMURF2 (ENSG00000108854),9193,1.0
ATP1A4 (ENSG00000132681),9194,1.0
TRAPPC6A (ENSG00000007255),9195,1.0
COL4A6 (ENSG00000197565),9196,1.0
UPK1B (ENSG00000114638),9197,1.0
MANSC1 (ENSG00000111261),9198,1.0
PIGC (ENSG00000135845),9199,1.0
MDGA1 (ENSG00000112139),9200,1.0
UNC79 (ENSG00000133958),9201,1.0
LYRM1 (ENSG00000102897),9202,1.0
PSKH1 (ENSG00000159792),9203,1.0
SPPL3 (ENSG00000157837),9204,1.0
DEC1 (ENSG00000173077),9205,1.0
DECR2 (ENSG00000242612),9206,1.0
MRS2 (ENSG00000124532),9207,1.0
MED13L (ENSG00000123066),9208,1.0
SLC35B2 (ENSG00000157593),9209,1.0
PSD4 (ENSG00000125637),9210,1.0
UBE2J1 (ENSG00000198833),9211,1.0
GTF2H4 (ENSG00000213780),9212,1.0
MED16 (ENSG00000175221),9213,1.0
MGST2 (ENSG00000085871),9214,1.0
DENND4C (ENSG00000137145),9215,1.0
GS1-393G12.14 (ENSG00000272115),9216,1.0
TSPEAR-AS2 (ENSG00000182912),9217,1.0
SEMA3E (ENSG00000170381),9218,1.0
GJB3 (ENSG00000188910),9219,1.0
SERINC5 (ENSG00000164300),9220,1.0
AC068831.16 (ENSG00000278514),9221,1.0
PIFO (ENSG00000173947),9222,1.0
ABHD11 (ENSG00000106077),9223,1.0
ZNF658 (ENSG00000274349),9224,1.0
ATP5E (ENSG00000124172),9225,1.0
COL17A1 (ENSG00000065618),9226,1.0
GRN (ENSG00000030582),9227,1.0
CTD-2308L22.1 (ENSG00000272944),9228,1.0
DDOST (ENSG00000244038),9229,1.0
CTD-2302E22.6 (ENSG00000274015),9230,1.0
MDS2 (ENSG00000197880),9231,1.0
ABCG2 (ENSG00000118777),9232,1.0
SPNS2 (ENSG00000183018),9233,1.0
SPOCD1 (ENSG00000134668),9234,1.0
SMPD2 (ENSG00000135587),9235,1.0
MCAT (ENSG00000100294),9236,1.0
MAOB (ENSG00000069535),9237,1.0
AC012123.1 (ENSG00000228835),9238,1.0
MORN3 (ENSG00000139714),9239,1.0
ST14 (ENSG00000149418),9240,1.0
MOSPD1 (ENSG00000101928),9241,1.0
PTPN3 (ENSG00000070159),9242,1.0
AC007277.3 (ENSG00000213981),9243,1.0
SLA2 (ENSG00000101082),9244,1.0
PXDN (ENSG00000130508),9245,1.0
MMP15 (ENSG00000102996),9246,1.0
C10orf25 (ENSG00000165511),9247,1.0
ZNF750 (ENSG00000141579),9248,1.0
PXDNL (ENSG00000147485),9249,1.0
C15orf65 (ENSG00000261652),9250,1.0
ZNF747 (ENSG00000169955),9251,1.0
PTPN13 (ENSG00000163629),9252,1.0
ATG16L2 (ENSG00000168010),9253,1.0
ZNF765 (ENSG00000196417),9254,1.0
PXN (ENSG00000089159),9255,1.0
MMP24-AS1 (ENSG00000126005),9256,1.0
ZNF77 (ENSG00000175691),9257,1.0
SIPA1L2 (ENSG00000116991),9258,1.0
SNX7 (ENSG00000162627),9259,1.0
SNX30 (ENSG00000148158),9260,1.0
MARCH9 (ENSG00000139266),9261,1.0
C15orf41 (ENSG00000186073),9262,1.0
IDNK (ENSG00000148057),9263,1.0
PVRL2 (ENSG00000130202),9264,1.0
SHTN1 (ENSG00000187164),9265,1.0
MARCH11 (ENSG00000183654),9266,1.0
SOCS6 (ENSG00000170677),9267,1.0
C11orf45 (ENSG00000174370),9268,1.0
MORC3 (ENSG00000159256),9269,1.0
SHKBP1 (ENSG00000160410),9270,1.0
CXCL16 (ENSG00000161921),9271,1.0
MMP25-AS1 (ENSG00000261971),9272,1.0
PTPN5 (ENSG00000110786),9273,1.0
AC004540.5 (ENSG00000214870),9274,1.0
MAPK10 (ENSG00000109339),9275,1.0
MATR3 (ENSG00000015479),9276,1.0
SH2D4A (ENSG00000104611),9277,1.0
ASCL2 (ENSG00000183734),9278,1.0
PPEF1 (ENSG00000086717),9279,1.0
SGPP1 (ENSG00000126821),9280,1.0
ZNF707 (ENSG00000181135),9281,1.0
DAB1 (ENSG00000173406),9282,1.0
TRIM38 (ENSG00000112343),9283,1.0
RAB22A (ENSG00000124209),9284,1.0
SNRK (ENSG00000163788),9285,1.0
RAB26 (ENSG00000167964),9286,1.0
SPAG1 (ENSG00000104450),9287,1.0
DAD1 (ENSG00000129562),9288,1.0
CPXM2 (ENSG00000121898),9289,1.0
CTD-3157E16.2 (ENSG00000276855),9290,1.0
TRIM21 (ENSG00000132109),9291,1.0
AC009473.1 (ENSG00000234141),9292,1.0
PTCD1 (ENSG00000106246),9293,1.0
IFT57 (ENSG00000114446),9294,1.0
PRKRIR (ENSG00000137492),9295,1.0
GOLGB1 (ENSG00000173230),9296,1.0
PTK7 (ENSG00000112655),9297,1.0
PYURF (ENSG00000145337),9298,1.0
QPCT (ENSG00000115828),9299,1.0
MB (ENSG00000198125),9300,1.0
SH3GLB2 (ENSG00000148341),9301,1.0
PLBD1 (ENSG00000121316),9302,1.0
AC084809.3 (ENSG00000236377),9303,1.0
PTGIS (ENSG00000124212),9304,1.0
CTSZ (ENSG00000101160),9305,1.0
SOWAHC (ENSG00000198142),9306,1.0
PTGER1 (ENSG00000160951),9307,1.0
AC009014.3 (ENSG00000271824),9308,1.0
CPN1 (ENSG00000120054),9309,1.0
SOX14 (ENSG00000168875),9310,1.0
MBOAT7 (ENSG00000125505),9311,1.0
SLC14A2 (ENSG00000132874),9312,1.0
PRSS23 (ENSG00000150687),9313,1.0
PKIG (ENSG00000168734),9314,1.0
MESP1 (ENSG00000166823),9315,1.0
CLVS2 (ENSG00000146352),9316,1.0
VANGL1 (ENSG00000173218),9317,1.0
LRTM1 (ENSG00000144771),9318,1.0
DLEC1 (ENSG00000008226),9319,1.0
SCYL3 (ENSG00000000457),9320,1.0
AC093388.3 (ENSG00000233654),9321,1.0
IL23A (ENSG00000110944),9322,1.0
MESP2 (ENSG00000188095),9323,1.0
PLXNB1 (ENSG00000164050),9324,1.0
RARRES3 (ENSG00000133321),9325,1.0
AC093159.1 (ENSG00000228541),9326,1.0
GCNT1 (ENSG00000187210),9327,1.0
LXN (ENSG00000079257),9328,1.0
ATP6V1E2 (ENSG00000250565),9329,1.0
PRR5L (ENSG00000135362),9330,1.0
TP53INP1 (ENSG00000164938),9331,1.0
SLC44A2 (ENSG00000129353),9332,1.0
TTC9C (ENSG00000162222),9333,1.0
ZNF600 (ENSG00000189190),9334,1.0
ILDR1 (ENSG00000145103),9335,1.0
SSH1 (ENSG00000084112),9336,1.0
HMGN3-AS1 (ENSG00000270362),9337,1.0
DGKD (ENSG00000077044),9338,1.0
TP53TG1 (ENSG00000182165),9339,1.0
BRD1 (ENSG00000100425),9340,1.0
RASGEF1B (ENSG00000138670),9341,1.0
VAV2 (ENSG00000160293),9342,1.0
MFSD7 (ENSG00000169026),9343,1.0
PHLDB2 (ENSG00000144824),9344,1.0
CTA-243E7.1 (ENSG00000279110),9345,1.0
AC141928.1 (ENSG00000250986),9346,1.0
DIO2 (ENSG00000211448),9347,1.0
PLXNA1 (ENSG00000114554),9348,1.0
SRCAP (ENSG00000080603),9349,1.0
SRSF12 (ENSG00000154548),9350,1.0
TPTEP1 (ENSG00000100181),9351,1.0
CTC-523E23.4 (ENSG00000267767),9352,1.0
MGAT4A (ENSG00000071073),9353,1.0
PRR15 (ENSG00000176532),9354,1.0
LTB (ENSG00000227507),9355,1.0
CTD-2020K17.1 (ENSG00000267121),9356,1.0
C22orf29 (ENSG00000215012),9357,1.0
RASSF7 (ENSG00000099849),9358,1.0
CTD-2020K17.3 (ENSG00000233175),9359,1.0
CRTC3-AS1 (ENSG00000259736),9360,1.0
TPP1 (ENSG00000166340),9361,1.0
SPTLC3 (ENSG00000172296),9362,1.0
DMD (ENSG00000198947),9363,1.0
POM121C (ENSG00000272391),9364,1.0
IL6 (ENSG00000136244),9365,1.0
SLC48A1 (ENSG00000211584),9366,1.0
SMAGP (ENSG00000170545),9367,1.0
ZSWIM6 (ENSG00000130449),9368,1.0
AC090616.2 (ENSG00000214708),9369,1.0
CTA-363E6.2 (ENSG00000259925),9370,1.0
PLSCR2 (ENSG00000163746),9371,1.0
ARMC4 (ENSG00000169126),9372,1.0
GDF5OS (ENSG00000204183),9373,1.0
SLC44A4 (ENSG00000204385),9374,1.0
SEC16A (ENSG00000148396),9375,1.0
DHX8 (ENSG00000067596),9376,1.0
CNNM4 (ENSG00000158158),9377,1.0
CRX (ENSG00000105392),9378,1.0
HARBI1 (ENSG00000180423),9379,1.0
TP73 (ENSG00000078900),9380,1.0
SAXO2 (ENSG00000188659),9381,1.0
ZNF611 (ENSG00000213020),9382,1.0
ZNF570 (ENSG00000171827),9383,1.0
SBF2-AS1 (ENSG00000246273),9384,1.0
PHF11 (ENSG00000136147),9385,1.0
DLL1 (ENSG00000198719),9386,1.0
AANAT (ENSG00000129673),9387,1.0
MTMR3 (ENSG00000100330),9388,1.0
TPCN2 (ENSG00000162341),9389,1.0
PRR15L (ENSG00000167183),9390,1.0
SLC35F3 (ENSG00000183780),9391,1.0
MFAP5 (ENSG00000197614),9392,1.0
NUDT18 (ENSG00000275074),9393,1.0
TCEA3 (ENSG00000204219),9394,1.0
PLCB1 (ENSG00000182621),9395,1.0
RP11-290F24.6 (ENSG00000267940),9396,1.0
FAM71F2 (ENSG00000205085),9397,1.0
CPM (ENSG00000135678),9398,1.0
CTNNA3 (ENSG00000183230),9399,1.0
PAGE4 (ENSG00000101951),9400,1.0
PLCG2 (ENSG00000197943),9401,1.0
FBXO33 (ENSG00000165355),9402,1.0
BTK (ENSG00000010671),9403,1.0
TMEM134 (ENSG00000172663),9404,1.0
WNT3 (ENSG00000108379),9405,1.0
BPHL (ENSG00000137274),9406,1.0
ESPN (ENSG00000187017),9407,1.0
ANKRD1 (ENSG00000148677),9408,1.0
HIF1A-AS1 (ENSG00000258777),9409,1.0
CTNND2 (ENSG00000169862),9410,1.0
PLCE1 (ENSG00000138193),9411,1.0
CST1 (ENSG00000170373),9412,1.0
CDK13 (ENSG00000065883),9413,1.0
RP11-50I19.2 (ENSG00000276136),9414,1.0
PTCHD4 (ENSG00000244694),9415,1.0
SLC16A11 (ENSG00000174326),9416,1.0
RP11-511B23.1 (ENSG00000257345),9417,1.0
WNT10A (ENSG00000135925),9418,1.0
SLC6A4 (ENSG00000108576),9419,1.0
YPEL3 (ENSG00000090238),9420,1.0
ZG16 (ENSG00000174992),9421,1.0
RP11-296O14.3 (ENSG00000203739),9422,1.0
GPR87 (ENSG00000138271),9423,1.0
KLF5 (ENSG00000102554),9424,1.0
FAM206A (ENSG00000119328),9425,1.0
COX4I2 (ENSG00000131055),9426,1.0
FGD3 (ENSG00000127084),9427,1.0
PRDM1 (ENSG00000057657),9428,1.0
RP11-579D7.4 (ENSG00000257660),9429,1.0
FAM193B (ENSG00000146067),9430,1.0
RP1-78O14.1 (ENSG00000257894),9431,1.0
LINC00471 (ENSG00000181798),9432,1.0
WDR90 (ENSG00000161996),9433,1.0
RP11-60L3.1 (ENSG00000259264),9434,1.0
NICN1 (ENSG00000145029),9435,1.0
CATIP (ENSG00000158428),9436,1.0
MAST4-AS1 (ENSG00000229666),9437,1.0
SLFN11 (ENSG00000172716),9438,1.0
RP11-61K9.3 (ENSG00000275964),9439,1.0
PROX1 (ENSG00000117707),9440,1.0
PKM (ENSG00000067225),9441,1.0
KITLG (ENSG00000049130),9442,1.0
CDX1 (ENSG00000113722),9443,1.0
CDX2 (ENSG00000165556),9444,1.0
SIPA1L3 (ENSG00000105738),9445,1.0
CASP4 (ENSG00000196954),9446,1.0
MNX1 (ENSG00000130675),9447,1.0
MNX1-AS1 (ENSG00000243479),9448,1.0
FGA (ENSG00000171560),9449,1.0
CST2 (ENSG00000170369),9450,1.0
EPHX4 (ENSG00000172031),9451,1.0
ZKSCAN2 (ENSG00000155592),9452,1.0
RP11-1143G9.5 (ENSG00000274979),9453,1.0
AHSA2 (ENSG00000173209),9454,1.0
CBWD7 (ENSG00000215126),9455,1.0
NKX3-1 (ENSG00000167034),9456,1.0
RP11-538P18.2 (ENSG00000243150),9457,1.0
TRPV6 (ENSG00000165125),9458,1.0
ANK3 (ENSG00000151150),9459,1.0
AMOTL1 (ENSG00000166025),9460,1.0
CST4 (ENSG00000101441),9461,1.0
CBWD3 (ENSG00000196873),9462,1.0
LINC00237 (ENSG00000225127),9463,1.0
TMEM150C (ENSG00000249242),9464,1.0
ATP8B1 (ENSG00000081923),9465,1.0
WNT6 (ENSG00000115596),9466,1.0
RP11-297D21.4 (ENSG00000270049),9467,1.0
GPR37 (ENSG00000170775),9468,1.0
AHDC1 (ENSG00000126705),9469,1.0
THSD4 (ENSG00000187720),9470,1.0
LINC00261 (ENSG00000259974),9471,1.0
CAV1 (ENSG00000105974),9472,1.0
FAM184A (ENSG00000111879),9473,1.0
FAM213A (ENSG00000122378),9474,1.0
PLA2G12B (ENSG00000138308),9475,1.0
ID4 (ENSG00000172201),9476,1.0
RP11-104N10.1 (ENSG00000261118),9477,1.0
U2AF1 (ENSG00000160201),9478,1.0
LHX1 (ENSG00000273706),9479,1.0
CCDC57 (ENSG00000176155),9480,1.0
SLC44A5 (ENSG00000137968),9481,1.0
CRYGN (ENSG00000127377),9482,1.0
RP11-17M16.2 (ENSG00000265778),9483,1.0
LAMP3 (ENSG00000078081),9484,1.0
YEATS2 (ENSG00000163872),9485,1.0
ALPK3 (ENSG00000136383),9486,1.0
KRT19 (ENSG00000171345),9487,1.0
KEL (ENSG00000197993),9488,1.0
TM4SF4 (ENSG00000169903),9489,1.0
ATP2C2 (ENSG00000064270),9490,1.0
NSMF (ENSG00000165802),9491,1.0
MIF (ENSG00000240972),9492,1.0
ANXA3 (ENSG00000138772),9493,1.0
PLPPR1 (ENSG00000148123),9494,1.0
CTD-2008L17.2 (ENSG00000206129),9495,1.0
FAM160A2 (ENSG00000051009),9496,1.0
ATP6V1G3 (ENSG00000151418),9497,1.0
RP11-363E6.3 (ENSG00000254027),9498,1.0
SLC37A4 (ENSG00000137700),9499,1.0
SLC38A10 (ENSG00000157637),9500,1.0
NPPB (ENSG00000120937),9501,1.0
KIF12 (ENSG00000136883),9502,1.0
ABHD12B (ENSG00000131969),9503,1.0
MFSD6 (ENSG00000151690),9504,1.0
TEPP (ENSG00000159648),9505,1.0
SLC38A8 (ENSG00000166558),9506,1.0
NPM2 (ENSG00000158806),9507,1.0
RP11-434E6.4 (ENSG00000277559),9508,1.0
BST2 (ENSG00000130303),9509,1.0
ANO7 (ENSG00000146205),9510,1.0
RP11-406A9.2 (ENSG00000258743),9511,1.0
ZNRF3 (ENSG00000183579),9512,1.0
PRDX2 (ENSG00000167815),9513,1.0
SMIM6 (ENSG00000259120),9514,1.0
FAM134B (ENSG00000154153),9515,1.0
PRSS22 (ENSG00000005001),9516,1.0
TFF3 (ENSG00000160180),9517,1.0
PRSS2 (ENSG00000275896),9518,1.0
SMIM5 (ENSG00000204323),9519,1.0
KIAA1217 (ENSG00000120549),9520,1.0
FAM122C (ENSG00000156500),9521,1.0
ANKRD65 (ENSG00000235098),9522,1.0
PSCA (ENSG00000167653),9523,1.0
RP11-392O17.2 (ENSG00000277007),9524,1.0
BFSP2 (ENSG00000170819),9525,1.0
PRRC2B (ENSG00000130723),9526,1.0
KYNU (ENSG00000115919),9527,1.0
PRSS1 (ENSG00000204983),9528,1.0
RP11-379F12.3 (ENSG00000243350),9529,1.0
RP11-242D8.1 (ENSG00000267002),9530,1.0
FAM83B (ENSG00000168143),9531,1.0
ABCC6 (ENSG00000091262),9532,1.0
KIAA2012 (ENSG00000182329),9533,1.0
MICALL1 (ENSG00000100139),9534,1.0
BLNK (ENSG00000095585),9535,1.0
ABCB6 (ENSG00000115657),9536,1.0
KRT8 (ENSG00000170421),9537,1.0
PLEKHN1 (ENSG00000187583),9538,1.0
GS1-166A23.2 (ENSG00000272361),9539,1.0
RP11-378A13.2 (ENSG00000273361),9540,1.0
CCDC189 (ENSG00000196118),9541,1.0
KCNN4 (ENSG00000104783),9542,1.0
ANXA4 (ENSG00000196975),9543,1.0
TM6SF2 (ENSG00000213996),9544,1.0
FAM3B (ENSG00000183844),9545,1.0
RP11-141J13.5 (ENSG00000261863),9546,1.0
RP11-13K12.1 (ENSG00000267506),9547,1.0
NUAK1 (ENSG00000074590),9548,1.0
SLC44A3 (ENSG00000143036),9549,1.0
LEPR (ENSG00000116678),9550,1.0
B3GALNT2 (ENSG00000162885),9551,1.0
HHEX (ENSG00000152804),9552,1.0
ANKRD13A (ENSG00000076513),9553,1.0
GRAMD2 (ENSG00000175318),9554,1.0
CCDC53 (ENSG00000120860),9555,1.0
RP11-474G23.3 (ENSG00000273064),9556,1.0
GPX2 (ENSG00000176153),9557,1.0
ATP6V1B1 (ENSG00000116039),9558,1.0
THBS3 (ENSG00000169231),9559,1.0
LGALS2 (ENSG00000100079),9560,1.0
RP11-479G22.8 (ENSG00000273038),9561,1.0
LGALS8 (ENSG00000116977),9562,1.0
SLC19A3 (ENSG00000135917),9563,1.0
HHIPL2 (ENSG00000143512),9564,1.0
SNRNP35 (ENSG00000184209),9565,1.0
FBXL19-AS1 (ENSG00000260852),9566,1.0
KCNV1 (ENSG00000164794),9567,1.0
LGR5 (ENSG00000139292),9568,1.0
ETHE1 (ENSG00000105755),9569,1.0
AKAP10 (ENSG00000108599),9570,1.0
HRAT92 (ENSG00000223855),9571,1.0
FBXL14 (ENSG00000171823),9572,1.0
ATP11A (ENSG00000068650),9573,1.0
CTD-2619J13.14 (ENSG00000232098),9574,1.0
PLCXD3 (ENSG00000182836),9575,1.0
BTBD6 (ENSG00000184887),9576,1.0
GRHL1 (ENSG00000134317),9577,1.0
ANKRD22 (ENSG00000152766),9578,1.0
MCOLN3 (ENSG00000055732),9579,1.0
ZDHHC7 (ENSG00000153786),9580,1.0
PRR9 (ENSG00000203783),9581,1.0
TMC4 (ENSG00000167608),9582,1.0
CTC-444N24.13 (ENSG00000268678),9583,1.0
FAM167B (ENSG00000183615),9584,1.0
AKR1D1 (ENSG00000122787),9585,1.0
NTN1 (ENSG00000065320),9586,1.0
ABHD17A (ENSG00000129968),9587,1.0
HPN (ENSG00000105707),9588,1.0
CD8B (ENSG00000172116),9589,1.0
ZBTB46 (ENSG00000130584),9590,1.0
TSPAN14 (ENSG00000108219),9591,1.0
PNPLA7 (ENSG00000130653),9592,1.0
XAGE2 (ENSG00000155622),9593,1.0
TINCR (ENSG00000223573),9594,1.0
ABCA4 (ENSG00000198691),9595,1.0
CTD-2538C1.2 (ENSG00000267475),9596,1.0
RP11-347I19.7 (ENSG00000274292),9597,1.0
TDRD10 (ENSG00000163239),9598,1.0
CREG2 (ENSG00000175874),9599,1.0
TINAGL1 (ENSG00000142910),9600,1.0
ATP13A4 (ENSG00000127249),9601,1.0
EXOC4 (ENSG00000131558),9602,1.0
ABLIM3 (ENSG00000173210),9603,1.0
KCTD20 (ENSG00000112078),9604,1.0
S100A9 (ENSG00000163220),9605,1.0
ZNF763 (ENSG00000197054),9606,1.0
CASC2 (ENSG00000177640),9607,1.0
ECHDC2 (ENSG00000121310),9608,1.0
DEFA5 (ENSG00000164816),9609,1.0
RP5-933K21.3 (ENSG00000271040),9610,1.0
ECSCR (ENSG00000249751),9611,1.0
RP5-908M14.5 (ENSG00000233017),9612,1.0
ARHGAP24 (ENSG00000138639),9613,1.0
TMPRSS4 (ENSG00000137648),9614,1.0
SPOPL (ENSG00000144228),9615,1.0
GJA4 (ENSG00000187513),9616,1.0
LYPD6B (ENSG00000150556),9617,1.0
RP5-1112D6.8 (ENSG00000272356),9618,1.0
ARSD (ENSG00000006756),9619,1.0
IKBKB (ENSG00000104365),9620,1.0
HDAC7 (ENSG00000061273),9621,1.0
C1orf64 (ENSG00000183888),9622,1.0
EBI3 (ENSG00000105246),9623,1.0
LL21NC02-21A1.1 (ENSG00000273796),9624,1.0
ZNF619 (ENSG00000177873),9625,1.0
ARPC5 (ENSG00000162704),9626,1.0
BMP2 (ENSG00000125845),9627,1.0
DYNLT3 (ENSG00000165169),9628,1.0
ARHGAP39 (ENSG00000147799),9629,1.0
TNC (ENSG00000041982),9630,1.0
RFX6 (ENSG00000185002),9631,1.0
AC091729.9 (ENSG00000229043),9632,1.0
RGP1 (ENSG00000107185),9633,1.0
PPP1R13B (ENSG00000088808),9634,1.0
PDGFB (ENSG00000100311),9635,1.0
RPH3AL (ENSG00000181031),9636,1.0
ISPD (ENSG00000214960),9637,1.0
RPGR (ENSG00000156313),9638,1.0
NAALADL2 (ENSG00000177694),9639,1.0
NABP1 (ENSG00000173559),9640,1.0
SEMA3D (ENSG00000153993),9641,1.0
SEMA3G (ENSG00000010319),9642,1.0
ARSE (ENSG00000157399),9643,1.0
GJB6 (ENSG00000121742),9644,1.0
RP3-467N11.1 (ENSG00000260000),9645,1.0
DCBLD1 (ENSG00000164465),9646,1.0
LINC01431 (ENSG00000232645),9647,1.0
PCTP (ENSG00000141179),9648,1.0
RP3-460G2.2 (ENSG00000234147),9649,1.0
HCAR2 (ENSG00000182782),9650,1.0
EGFLAM-AS4 (ENSG00000248730),9651,1.0
COL4A5 (ENSG00000188153),9652,1.0
AREG (ENSG00000109321),9653,1.0
CACNG3 (ENSG00000006116),9654,1.0
FOXA2 (ENSG00000125798),9655,1.0
SVOPL (ENSG00000157703),9656,1.0
RP13-941N14.1 (ENSG00000256742),9657,1.0
CGA (ENSG00000135346),9658,1.0
CFTR (ENSG00000001626),9659,1.0
DCDC2 (ENSG00000146038),9660,1.0
PRKCH (ENSG00000027075),9661,1.0
EFNA1 (ENSG00000169242),9662,1.0
SERPINB2 (ENSG00000197632),9663,1.0
MAATS1 (ENSG00000183833),9664,1.0
GLCCI1 (ENSG00000106415),9665,1.0
SPINK1 (ENSG00000164266),9666,1.0
SULT1E1 (ENSG00000109193),9667,1.0
LINC01549 (ENSG00000232560),9668,1.0
ITGA3 (ENSG00000005884),9669,1.0
VTCN1 (ENSG00000134258),9670,1.0
IHH (ENSG00000163501),9671,1.0
COL18A1 (ENSG00000182871),9672,1.0
ZNF350 (ENSG00000256683),9673,1.0
ADAM28 (ENSG00000042980),9674,1.0
EFCC1 (ENSG00000114654),9675,1.0
SUMO4 (ENSG00000177688),9676,1.0
TRMT10B (ENSG00000165275),9677,1.0
SERPINA11 (ENSG00000186910),9678,1.0
ITGB6 (ENSG00000115221),9679,1.0
VPS39 (ENSG00000166887),9680,1.0
VPS37C (ENSG00000167987),9681,1.0
N4BP2 (ENSG00000078177),9682,1.0
STAB1 (ENSG00000010327),9683,1.0
TP63 (ENSG00000073282),9684,1.0
LRRC55 (ENSG00000183908),9685,1.0
DNAJC5 (ENSG00000101152),9686,1.0
ZNF517 (ENSG00000197363),9687,1.0
ZNF571 (ENSG00000180479),9688,1.0
PHEX (ENSG00000102174),9689,1.0
AC133785.1 (ENSG00000233221),9690,1.0
CLDN18 (ENSG00000066405),9691,1.0
SCGB1A1 (ENSG00000149021),9692,1.0
GALNT8 (ENSG00000130035),9693,1.0
DOCK8 (ENSG00000107099),9694,1.0
SCGN (ENSG00000079689),9695,1.0
VIL1 (ENSG00000127831),9696,1.0
RBMS1 (ENSG00000153250),9697,1.0
C4orf19 (ENSG00000154274),9698,1.0
CNIH3 (ENSG00000143786),9699,1.0
VEGFA (ENSG00000112715),9700,1.0
MUC16 (ENSG00000181143),9701,1.0
S100A3 (ENSG00000188015),9702,1.0
ACAA1 (ENSG00000060971),9703,1.0
VAV3 (ENSG00000134215),9704,1.0
MTMR4 (ENSG00000108389),9705,1.0
S100A14 (ENSG00000189334),9706,1.0
BCAM (ENSG00000187244),9707,1.0
C2orf88 (ENSG00000187699),9708,1.0
SAMD3 (ENSG00000164483),9709,1.0
RASSF6 (ENSG00000169435),9710,1.0
RBBP8NL (ENSG00000130701),9711,1.0
DLG2 (ENSG00000150672),9712,1.0
GATA3 (ENSG00000107485),9713,1.0
RASSF10 (ENSG00000189431),9714,1.0
ARMC2 (ENSG00000118690),9715,1.0
RASL11A (ENSG00000122035),9716,1.0
GAS6 (ENSG00000183087),9717,1.0
GLIS3-AS1 (ENSG00000237009),9718,1.0
C2orf54 (ENSG00000172478),9719,1.0
DPEP1 (ENSG00000015413),9720,1.0
MYO7A (ENSG00000137474),9721,1.0
IQSEC1 (ENSG00000144711),9722,1.0
PDZD2 (ENSG00000133401),9723,1.0
LTC4S (ENSG00000213316),9724,1.0
B4GALT1 (ENSG00000086062),9725,1.0
DUSP14 (ENSG00000276023),9726,1.0
PPME1 (ENSG00000214517),9727,1.0
IL15 (ENSG00000164136),9728,1.0
SQRDL (ENSG00000137767),9729,1.0
MYZAP (ENSG00000263155),9730,1.0
LY6E (ENSG00000160932),9731,1.0
LMO7-AS1 (ENSG00000261105),9732,1.0
LMO7 (ENSG00000136153),9733,1.0
TNFRSF10C (ENSG00000173535),9734,1.0
FTH1 (ENSG00000167996),9735,1.0
GGACT (ENSG00000134864),9736,1.0
ZNF497 (ENSG00000174586),9737,1.0
DSP (ENSG00000096696),9738,1.0
BCDIN3D (ENSG00000186666),9739,1.0
RBP5 (ENSG00000139194),9740,1.0
IL37 (ENSG00000125571),9741,1.0
AC107081.5 (ENSG00000236498),9742,1.0
GABRP (ENSG00000094755),9743,1.0
STK36 (ENSG00000163482),9744,1.0
IQCC (ENSG00000160051),9745,1.0
TNNC1 (ENSG00000114854),9746,1.0
IQCH (ENSG00000103599),9747,1.0
GDPGP1 (ENSG00000183208),9748,1.0
SDC4 (ENSG00000124145),9749,1.0
TNFSF12 (ENSG00000239697),9750,1.0
REEP6 (ENSG00000115255),9751,1.0
HSBP1L1 (ENSG00000226742),9752,1.0
PDZK1 (ENSG00000174827),9753,1.0
MYO1D (ENSG00000176658),9754,1.0
MYO3A (ENSG00000095777),9755,1.0
C1orf105 (ENSG00000180999),9756,1.0
IGSF9 (ENSG00000085552),9757,1.0
AC020571.3 (ENSG00000229056),9758,1.0
ASPH (ENSG00000198363),9759,1.0
TMEM233 (ENSG00000224982),9760,1.0
C16orf71 (ENSG00000166246),9761,1.0
SH3YL1 (ENSG00000035115),9762,1.0
BARX2 (ENSG00000043039),9763,1.0
HIST1H4D (ENSG00000277157),9764,1.0
APOB (ENSG00000084674),9765,1.0
SH3RF1 (ENSG00000154447),9766,1.0
PCDH17 (ENSG00000118946),9767,1.0
RNF43 (ENSG00000108375),9768,1.0
RP11-778D9.12 (ENSG00000272721),9769,1.0
ADGRL4 (ENSG00000162618),9770,1.0
NCKAP1L (ENSG00000123338),9771,1.0
ASGR2 (ENSG00000161944),9772,1.0
ENDOU (ENSG00000111405),9773,1.0
ZNF214 (ENSG00000149050),9774,1.0
IFT22 (ENSG00000128581),9775,1.0
RNF217 (ENSG00000146373),9776,1.0
APOL1 (ENSG00000100342),9777,1.0
RP11-788H18.1 (ENSG00000257729),9778,1.0
EMID1 (ENSG00000186998),9779,1.0
WDR19 (ENSG00000157796),9780,1.0
RP11-793H13.11 (ENSG00000270175),9781,1.0
ASCL4 (ENSG00000187855),9782,1.0
FLJ27354 (ENSG00000231999),9783,1.0
MPZL1 (ENSG00000197965),9784,1.0
RNF170 (ENSG00000120925),9785,1.0
SOX17 (ENSG00000164736),9786,1.0
ZNF230 (ENSG00000159882),9787,1.0
TACC1 (ENSG00000147526),9788,1.0
RNF24 (ENSG00000101236),9789,1.0
TAC4 (ENSG00000176358),9790,1.0
LINC00847 (ENSG00000245060),9791,1.0
CYP1B1-AS1 (ENSG00000232973),9792,1.0
IFI16 (ENSG00000163565),9793,1.0
C14orf79 (ENSG00000140104),9794,1.0
CYB5D2 (ENSG00000167740),9795,1.0
EPB41L3 (ENSG00000082397),9796,1.0
MOBP (ENSG00000168314),9797,1.0
AGBL2 (ENSG00000165923),9798,1.0
PIWIL4 (ENSG00000134627),9799,1.0
RP11-647K16.1 (ENSG00000272979),9800,1.0
AC006273.5 (ENSG00000267530),9801,1.0
CEBPA (ENSG00000245848),9802,1.0
CYFIP1 (ENSG00000273749),9803,1.0
CARD8-AS1 (ENSG00000268001),9804,1.0
RP11-661A12.5 (ENSG00000254859),9805,1.0
RP1-100J12.1 (ENSG00000273254),9806,1.0
ZNF160 (ENSG00000170949),9807,1.0
AFAP1L1 (ENSG00000157510),9808,1.0
C15orf48 (ENSG00000166920),9809,1.0
TARSL2 (ENSG00000185418),9810,1.0
WDR60 (ENSG00000126870),9811,1.0
RP11-677M14.3 (ENSG00000250073),9812,1.0
NFAT5 (ENSG00000102908),9813,1.0
SHISA6 (ENSG00000188803),9814,1.0
CYP1A1 (ENSG00000140465),9815,1.0
ENO4 (ENSG00000188316),9816,1.0
FHAD1 (ENSG00000142621),9817,1.0
RP11-69I8.3 (ENSG00000227220),9818,1.0
PPARG (ENSG00000132170),9819,1.0
CAPN9 (ENSG00000135773),9820,1.0
PVRL4 (ENSG00000143217),9821,1.0
KANSL1L (ENSG00000144445),9822,1.0
LINC00630 (ENSG00000223546),9823,1.0
SOX18 (ENSG00000203883),9824,1.0
PCDHA11 (ENSG00000249158),9825,1.0
LINC01176 (ENSG00000281404),9826,1.0
AC010642.1 (ENSG00000267216),9827,1.0
PCED1B (ENSG00000179715),9828,1.0
RP11-81A22.5 (ENSG00000262165),9829,1.0
ELF1 (ENSG00000120690),9830,1.0
RP11-87C12.2 (ENSG00000256950),9831,1.0
SPAG11B (ENSG00000164871),9832,1.0
PRICKLE2 (ENSG00000163637),9833,1.0
RNF128 (ENSG00000133135),9834,1.0
ZNF701 (ENSG00000167562),9835,1.0
FMO5 (ENSG00000131781),9836,1.0
ZNF7 (ENSG00000147789),9837,1.0
SPAG16 (ENSG00000144451),9838,1.0
C1RL (ENSG00000139178),9839,1.0
TMEM40 (ENSG00000088726),9840,1.0
RP11-894P9.1 (ENSG00000246451),9841,1.0
RNF122 (ENSG00000133874),9842,1.0
GLTPD2 (ENSG00000182327),9843,1.0
CALCA (ENSG00000110680),9844,1.0
SFRP4 (ENSG00000106483),9845,1.0
HNMT (ENSG00000150540),9846,1.0
IGFBP6 (ENSG00000167779),9847,1.0
SYK (ENSG00000165025),9848,1.0
MAML3 (ENSG00000196782),9849,1.0
ELF2 (ENSG00000109381),9850,1.0
RNF149 (ENSG00000163162),9851,1.0
TMEM56 (ENSG00000152078),9852,1.0
PRICKLE2-AS1 (ENSG00000241111),9853,1.0
FOXA1 (ENSG00000129514),9854,1.0
SYTL5 (ENSG00000147041),9855,1.0
ELF3 (ENSG00000163435),9856,1.0
CFAP65 (ENSG00000181378),9857,1.0
CADM1 (ENSG00000182985),9858,1.0
NCOA7 (ENSG00000111912),9859,1.0
RP13-188A5.1 (ENSG00000227486),9860,1.0
TRIM17 (ENSG00000162931),9861,1.0
ELF5 (ENSG00000135374),9862,1.0
LINC01235 (ENSG00000270547),9863,1.0
OAS1 (ENSG00000089127),9864,1.0
RP11-285F7.2 (ENSG00000242861),9865,1.0
TPD52L1 (ENSG00000111907),9866,1.0
FN1 (ENSG00000115414),9867,1.0
PAX9 (ENSG00000198807),9868,1.0
HCRTR2 (ENSG00000137252),9869,1.0
C5 (ENSG00000106804),9870,1.0
TMEM86B (ENSG00000180089),9871,1.0
RP11-1069G10.2 (ENSG00000259727),9872,1.0
PBLD (ENSG00000108187),9873,1.0
RP11-273G15.2 (ENSG00000247317),9874,1.0
PLCXD2 (ENSG00000240891),9875,1.0
TLN2 (ENSG00000171914),9876,1.0
RBM26-AS1 (ENSG00000227354),9877,1.0
UGGT2 (ENSG00000102595),9878,1.0
TICAM1 (ENSG00000127666),9879,1.0
AP000704.5 (ENSG00000224790),9880,1.0
RNASE1 (ENSG00000129538),9881,1.0
TMEM100 (ENSG00000166292),9882,1.0
ANGPT2 (ENSG00000091879),9883,1.0
C2orf72 (ENSG00000204128),9884,1.0
PLXNA3 (ENSG00000130827),9885,1.0
HAVCR2 (ENSG00000135077),9886,1.0
RNASE6 (ENSG00000169413),9887,1.0
GZMK (ENSG00000113088),9888,1.0
PKP2 (ENSG00000057294),9889,1.0
ATF3 (ENSG00000162772),9890,1.0
ITLN1 (ENSG00000179914),9891,1.0
RP11-298I3.4 (ENSG00000258457),9892,1.0
FGG (ENSG00000171557),9893,1.0
INPPL1 (ENSG00000165458),9894,1.0
RASGRP3 (ENSG00000152689),9895,1.0
FGB (ENSG00000171564),9896,1.0
ITIH4 (ENSG00000055955),9897,1.0
P2RY6 (ENSG00000171631),9898,1.0
RNASEK (ENSG00000219200),9899,1.0
HDHD3 (ENSG00000119431),9900,1.0
GDF6 (ENSG00000156466),9901,1.0
USH1C (ENSG00000006611),9902,1.0
TRIM56 (ENSG00000169871),9903,1.0
TRADD (ENSG00000102871),9904,1.0
CA3 (ENSG00000164879),9905,1.0
JPH2 (ENSG00000149596),9906,1.0
APOC3 (ENSG00000110245),9907,1.0
TMEM141 (ENSG00000244187),9908,1.0
GSTA2 (ENSG00000244067),9909,1.0
PACS1 (ENSG00000175115),9910,1.0
BTN1A1 (ENSG00000124557),9911,1.0
TRIM55 (ENSG00000147573),9912,1.0
ATP6V0D2 (ENSG00000147614),9913,1.0
RP11-130L8.1 (ENSG00000270100),9914,1.0
ARHGAP29 (ENSG00000137962),9915,1.0
FLJ21408 (ENSG00000245888),9916,1.0
APOM (ENSG00000204444),9917,1.0
RP11-1277A3.1 (ENSG00000247679),9918,1.0
GNRH2 (ENSG00000125787),9919,1.0
HECW2 (ENSG00000138411),9920,1.0
CCDC175 (ENSG00000151838),9921,1.0
GIPC3 (ENSG00000179855),9922,1.0
BMF (ENSG00000104081),9923,1.0
KIAA1211L (ENSG00000196872),9924,1.0
KIAA1161 (ENSG00000164976),9925,1.0
TMOD1 (ENSG00000136842),9926,1.0
C21orf2 (ENSG00000160226),9927,1.0
APOBEC3F (ENSG00000128394),9928,1.0
URAD (ENSG00000183463),9929,1.0
ANXA11 (ENSG00000122359),9930,1.0
TPK1 (ENSG00000196511),9931,1.0
IL32 (ENSG00000008517),9932,1.0
CAB39L (ENSG00000102547),9933,1.0
HPX (ENSG00000110169),9934,1.0
RNPEPL1 (ENSG00000142327),9935,1.0
KANK3 (ENSG00000186994),9936,1.0
TNFSF15 (ENSG00000181634),9937,1.0
FAM46C (ENSG00000183508),9938,1.0
TTC6 (ENSG00000139865),9939,1.0
C10orf11 (ENSG00000148655),9940,1.0
RBP4 (ENSG00000138207),9941,1.0
APOA1 (ENSG00000118137),9942,1.0
PLAC8L1 (ENSG00000173261),9943,1.0
GYPB (ENSG00000250361),9944,1.0
AQP3 (ENSG00000165272),9945,1.0
USP27X (ENSG00000273820),9946,1.0
ANPEP (ENSG00000166825),9947,1.0
APOA2 (ENSG00000158874),9948,1.0
TNFSF10 (ENSG00000121858),9949,1.0
AP2A2 (ENSG00000183020),9950,1.0
FBXW5 (ENSG00000159069),9951,1.0
TNFRSF9 (ENSG00000049249),9952,1.0
RP11-181C3.1 (ENSG00000245017),9953,1.0
GYPE (ENSG00000197465),9954,1.0
F2 (ENSG00000180210),9955,1.0
HAPLN1 (ENSG00000145681),9956,1.0
RP11-88E10.5 (ENSG00000274922),9957,1.0
PRODH (ENSG00000100033),9958,1.0
DHX32 (ENSG00000089876),9959,1.0
CTDSPL (ENSG00000144677),9960,1.0
BAALC-AS1 (ENSG00000247081),9961,1.0
SLC16A5 (ENSG00000170190),9962,1.0
ZNF823 (ENSG00000197933),9963,1.0
ELMO1 (ENSG00000155849),9964,1.0
LCA5L (ENSG00000157578),9965,1.0
CPA6 (ENSG00000165078),9966,1.0
SCRN2 (ENSG00000141295),9967,1.0
DGKK (ENSG00000274588),9968,1.0
RP11-445F12.1 (ENSG00000277268),9969,1.0
LCN15 (ENSG00000177984),9970,1.0
MMP1 (ENSG00000196611),9971,1.0
LCP1 (ENSG00000136167),9972,1.0
MSRB2 (ENSG00000148450),9973,1.0
LTBR (ENSG00000111321),9974,1.0
RP11-754N21.1 (ENSG00000258084),9975,1.0
ZNF792 (ENSG00000180884),9976,1.0
CTD-3184A7.4 (ENSG00000232442),9977,1.0
HNF1B (ENSG00000275410),9978,1.0
HMGCS2 (ENSG00000134240),9979,1.0
LINC01125 (ENSG00000228486),9980,1.0
SVIP (ENSG00000198168),9981,1.0
RP11-390P2.4 (ENSG00000225177),9982,1.0
MCMDC2 (ENSG00000178460),9983,1.0
ABHD18 (ENSG00000164074),9984,1.0
LAMA1 (ENSG00000101680),9985,1.0
CFP (ENSG00000126759),9986,1.0
TF (ENSG00000091513),9987,1.0
LINC01239 (ENSG00000234840),9988,1.0
LINC01213 (ENSG00000244541),9989,1.0
CREG1 (ENSG00000143162),9990,1.0
NCOA6 (ENSG00000198646),9991,1.0
CTD-2589M5.4 (ENSG00000255007),9992,1.0
CFAP73 (ENSG00000186710),9993,1.0
CFAP57 (ENSG00000243710),9994,1.0
SBSPON (ENSG00000164764),9995,1.0
LAMB3 (ENSG00000196878),9996,1.0
RP11-89N17.4 (ENSG00000236494),9997,1.0
BEAN1 (ENSG00000166546),9998,1.0
NPY (ENSG00000122585),9999,1.0
FABP1 (ENSG00000163586),10000,1.0
ALG14 (ENSG00000172339),10001,1.0
RP11-736K20.5 (ENSG00000255471),10002,1.0
LY6G5C (ENSG00000204428),10003,1.0
RP11-650P15.1 (ENSG00000266521),10004,1.0
SPAG7 (ENSG00000091640),10005,1.0
AC015987.1 (ENSG00000224746),10006,1.0
RP11-597D13.9 (ENSG00000248429),10007,1.0
AC015933.2 (ENSG00000227279),10008,1.0
EPHA6 (ENSG00000080224),10009,1.0
RP11-582J16.5 (ENSG00000253200),10010,1.0
CYP4X1 (ENSG00000186377),10011,1.0
SH2D4B (ENSG00000178217),10012,1.0
AGT (ENSG00000135744),10013,1.0
ZGLP1 (ENSG00000220201),10014,1.0
AHSG (ENSG00000145192),10015,1.0
LINC00176 (ENSG00000196421),10016,1.0
NISCH (ENSG00000010322),10017,1.0
SOX7 (ENSG00000171056),10018,1.0
AHNAK (ENSG00000124942),10019,1.0
EPSTI1 (ENSG00000133106),10020,1.0
DAND5 (ENSG00000179284),10021,1.0
LINC00242 (ENSG00000229214),10022,1.0
TCF7 (ENSG00000081059),10023,1.0
NOTCH4 (ENSG00000204301),10024,1.0
CDH17 (ENSG00000079112),10025,1.0
ENTHD2 (ENSG00000167302),10026,1.0
RP11-465L10.10 (ENSG00000204044),10027,1.0
TAGLN2 (ENSG00000158710),10028,1.0
ZNF165 (ENSG00000197279),10029,1.0
NOSTRIN (ENSG00000163072),10030,1.0
MARK4 (ENSG00000007047),10031,1.0
TCTN3 (ENSG00000119977),10032,1.0
CENPB (ENSG00000125817),10033,1.0
RP11-46A10.5 (ENSG00000243155),10034,1.0
SEC24C (ENSG00000176986),10035,1.0
SIK2 (ENSG00000170145),10036,1.0
AC006160.5 (ENSG00000249502),10037,1.0
SOAT2 (ENSG00000167780),10038,1.0
SHH (ENSG00000164690),10039,1.0
AC007319.1 (ENSG00000224063),10040,1.0
TAOK2 (ENSG00000149930),10041,1.0
AC079135.1 (ENSG00000233611),10042,1.0
AC074117.10 (ENSG00000234072),10043,1.0
LYZ (ENSG00000090382),10044,1.0
LHFPL2 (ENSG00000145685),10045,1.0
SERPINA1 (ENSG00000197249),10046,1.0
SMPX (ENSG00000091482),10047,1.0
SFTA3 (ENSG00000229415),10048,1.0
SLC35D1 (ENSG00000116704),10049,1.0
RP11-328C8.4 (ENSG00000257225),10050,1.0
MYPOP (ENSG00000176182),10051,1.0
BCKDK (ENSG00000103507),10052,1.0
CD177 (ENSG00000204936),10053,1.0
DNAJC22 (ENSG00000178401),10054,1.0
NAPA-AS1 (ENSG00000268061),10055,1.0
SLC39A4 (ENSG00000147804),10056,1.0
THNSL2 (ENSG00000144115),10057,1.0
FAM179A (ENSG00000189350),10058,1.0
SMLR1 (ENSG00000256162),10059,1.0
AMN (ENSG00000166126),10060,1.0
CHRNE (ENSG00000108556),10061,1.0
HLA-B (ENSG00000234745),10062,1.0
SLC35B3 (ENSG00000124786),10063,1.0
LINC01547 (ENSG00000183250),10064,1.0
DPY19L1 (ENSG00000173852),10065,1.0
ACPP (ENSG00000014257),10066,1.0
EDEM1 (ENSG00000134109),10067,1.0
NTN4 (ENSG00000074527),10068,1.0
LIPC (ENSG00000166035),10069,1.0
ZBTB42 (ENSG00000179627),10070,1.0
EDARADD (ENSG00000186197),10071,1.0
KLHL5 (ENSG00000109790),10072,1.0
ABHD13 (ENSG00000139826),10073,1.0
CHRNA10 (ENSG00000129749),10074,1.0
DOCK6 (ENSG00000130158),10075,1.0
CKB (ENSG00000166165),10076,1.0
ACVR1B (ENSG00000135503),10077,1.0
ZBTB4 (ENSG00000174282),10078,1.0
MYCT1 (ENSG00000120279),10079,1.0
THAP7-AS1 (ENSG00000230513),10080,1.0
RP4-753F5.1 (ENSG00000272715),10081,1.0
CHIC2 (ENSG00000109220),10082,1.0
MYO6 (ENSG00000196586),10083,1.0
SUSD1 (ENSG00000106868),10084,1.0
MTSS1 (ENSG00000170873),10085,1.0
MYOF (ENSG00000138119),10086,1.0
MFSD1 (ENSG00000118855),10087,1.0
MTTP (ENSG00000138823),10088,1.0
RP11-386I8.6 (ENSG00000246394),10089,1.0
MYO15B (ENSG00000266714),10090,1.0
RP4-549L20.3 (ENSG00000273204),10091,1.0
ZC3H7B (ENSG00000100403),10092,1.0
RP11-319F12.2 (ENSG00000227121),10093,1.0
KLF1 (ENSG00000105610),10094,1.0
THSD7B (ENSG00000144229),10095,1.0
SLC2A14 (ENSG00000173262),10096,1.0
DRD1 (ENSG00000184845),10097,1.0
DNAH6 (ENSG00000115423),10098,1.0
ZC3H6 (ENSG00000188177),10099,1.0
BCL6B (ENSG00000161940),10100,1.0
S100A11 (ENSG00000163191),10101,1.0
EFHC1 (ENSG00000096093),10102,1.0
SLC39A5 (ENSG00000139540),10103,1.0
GIMAP7 (ENSG00000179144),10104,1.0
ZNF436-AS1 (ENSG00000249087),10105,1.0
TBCK (ENSG00000145348),10106,1.0
C19orf67 (ENSG00000188032),10107,1.0
PECAM1 (ENSG00000261371),10108,1.0
RPS6KA3 (ENSG00000177189),10109,1.0
SPRED2 (ENSG00000198369),10110,1.0
PAXIP1-AS1 (ENSG00000273344),10111,1.0
ROBO4 (ENSG00000154133),10112,1.0
GALE (ENSG00000117308),10113,1.0
PI4KA (ENSG00000241973),10114,1.0
MYO1B (ENSG00000128641),10115,1.0
DRC7 (ENSG00000159625),10116,1.0
FGD5 (ENSG00000154783),10117,1.0
UCP1 (ENSG00000109424),10118,1.0
LYPD6 (ENSG00000187123),10119,1.0
ARHGEF15 (ENSG00000198844),10120,1.0
PARK2 (ENSG00000185345),10121,1.0
GAB2 (ENSG00000033327),10122,1.0
LINC00479 (ENSG00000236384),10123,1.0
TMEM186 (ENSG00000184857),10124,1.0
PIGQ (ENSG00000007541),10125,1.0
FSHR (ENSG00000170820),10126,1.0
LINC00543 (ENSG00000260704),10127,1.0
C1orf132 (ENSG00000203709),10128,1.0
TBC1D5 (ENSG00000131374),10129,1.0
PIGZ (ENSG00000119227),10130,1.0
RP1-16A9.1 (ENSG00000253983),10131,1.0
SFRP5 (ENSG00000120057),10132,1.0
C8orf48 (ENSG00000164743),10133,1.0
TAS2R4 (ENSG00000127364),10134,1.0
MYLK3 (ENSG00000140795),10135,1.0
GJB1 (ENSG00000169562),10136,1.0
C8orf44-SGK3 (ENSG00000270024),10137,1.0
GJA5 (ENSG00000265107),10138,1.0
GAA (ENSG00000171298),10139,1.0
RP11-65L3.2 (ENSG00000270277),10140,1.0
RGMB-AS1 (ENSG00000246763),10141,1.0
MTRNR2L8 (ENSG00000255823),10142,1.0
APLN (ENSG00000171388),10143,1.0
RP11-85G21.3 (ENSG00000271736),10144,1.0
CHERP (ENSG00000085872),10145,1.0
CLEC2D (ENSG00000069493),10146,1.0
EFCAB3 (ENSG00000172421),10147,1.0
ADCY7 (ENSG00000121281),10148,1.0
NDUFA4L2 (ENSG00000185633),10149,1.0
ZNF529-AS1 (ENSG00000233527),10150,1.0
LRP1B (ENSG00000168702),10151,1.0
ZNF28 (ENSG00000198538),10152,1.0
LRP2 (ENSG00000081479),10153,1.0
DNAH1 (ENSG00000114841),10154,1.0
CHADL (ENSG00000100399),10155,1.0
GATA4 (ENSG00000136574),10156,1.0
DLG1 (ENSG00000075711),10157,1.0
ZNF295-AS1 (ENSG00000237232),10158,1.0
S100A10 (ENSG00000197747),10159,1.0
ZNF316 (ENSG00000205903),10160,1.0
RP3-461P17.10 (ENSG00000269549),10161,1.0
LINC01301 (ENSG00000251396),10162,1.0
PGLS (ENSG00000130313),10163,1.0
DLGAP2 (ENSG00000198010),10164,1.0
RP3-388M5.9 (ENSG00000261251),10165,1.0
SAMSN1 (ENSG00000155307),10166,1.0
FOXJ2 (ENSG00000065970),10167,1.0
ARF5 (ENSG00000004059),10168,1.0
DLL4 (ENSG00000128917),10169,1.0
LRP5 (ENSG00000162337),10170,1.0
RP11-85B7.5 (ENSG00000273816),10171,1.0
WDR54 (ENSG00000005448),10172,1.0
RP11-84C10.4 (ENSG00000258471),10173,1.0
ZNF524 (ENSG00000171443),10174,1.0
GIMAP4 (ENSG00000133574),10175,1.0
DYSF (ENSG00000135636),10176,1.0
APLNR (ENSG00000134817),10177,1.0
GIMAP1 (ENSG00000213203),10178,1.0
PCAT19 (ENSG00000267107),10179,1.0
CLCN5 (ENSG00000171365),10180,1.0
DFNB59 (ENSG00000204311),10181,1.0
RP5-882C2.2 (ENSG00000260793),10182,1.0
ENDOD1 (ENSG00000149218),10183,1.0
SRC (ENSG00000197122),10184,1.0
RNF31 (ENSG00000092098),10185,1.0
MYBPC1 (ENSG00000196091),10186,1.0
ADGRG6 (ENSG00000112414),10187,1.0
EML3 (ENSG00000149499),10188,1.0
ZNF213-AS1 (ENSG00000263072),10189,1.0
RANBP10 (ENSG00000141084),10190,1.0
SRCIN1 (ENSG00000277363),10191,1.0
CNR1 (ENSG00000118432),10192,1.0
VAMP5 (ENSG00000168899),10193,1.0
LINC01607 (ENSG00000272138),10194,1.0
AC097721.2 (ENSG00000228043),10195,1.0
PFDN5 (ENSG00000123349),10196,1.0
MT-ND6 (ENSG00000198695),10197,1.0
RP11-809O17.1 (ENSG00000253210),10198,1.0
C4orf48 (ENSG00000243449),10199,1.0
RP5-1042K10.10 (ENSG00000229999),10200,1.0
LRRTM1 (ENSG00000162951),10201,1.0
RNF14 (ENSG00000013561),10202,1.0
LINC00271 (ENSG00000231028),10203,1.0
ARHGEF28 (ENSG00000214944),10204,1.0
FANCC (ENSG00000158169),10205,1.0
HSPG2 (ENSG00000142798),10206,1.0
MIER2 (ENSG00000105556),10207,1.0
CCDC142 (ENSG00000135637),10208,1.0
ID2-AS1 (ENSG00000235092),10209,1.0
TG (ENSG00000042832),10210,1.0
SKAP1 (ENSG00000141293),10211,1.0
SLC30A10 (ENSG00000196660),10212,1.0
PTPRM (ENSG00000173482),10213,1.0
PKN2-AS1 (ENSG00000237505),10214,1.0
CXorf36 (ENSG00000147113),10215,1.0
RP11-466P24.6 (ENSG00000250348),10216,1.0
C11orf87 (ENSG00000185742),10217,1.0
ZNF783 (ENSG00000204946),10218,1.0
RP11-142C4.6 (ENSG00000255240),10219,1.0
RP11-469H8.6 (ENSG00000257588),10220,1.0
RP11-380D23.1 (ENSG00000250511),10221,1.0
TMEM107 (ENSG00000179029),10222,1.0
CORO1C (ENSG00000110880),10223,1.0
CYB5D1 (ENSG00000182224),10224,1.0
C15orf39 (ENSG00000167173),10225,1.0
FCN3 (ENSG00000142748),10226,1.0
CCDC191 (ENSG00000163617),10227,1.0
SIDT2 (ENSG00000149577),10228,1.0
TMEM110-MUSTN1 (ENSG00000248592),10229,1.0
KTI12 (ENSG00000198841),10230,1.0
RP11-458F8.4 (ENSG00000273142),10231,1.0
FAM13A-AS1 (ENSG00000248019),10232,1.0
CCDC181 (ENSG00000117477),10233,1.0
PLEKHG3 (ENSG00000126822),10234,1.0
FAM107B (ENSG00000065809),10235,1.0
RP11-178L8.7 (ENSG00000270006),10236,1.0
HOPX (ENSG00000171476),10237,1.0
CD74 (ENSG00000019582),10238,1.0
RP11-188P17.2 (ENSG00000272646),10239,1.0
TM6SF1 (ENSG00000136404),10240,1.0
CD93 (ENSG00000125810),10241,1.0
PLD2 (ENSG00000129219),10242,1.0
FAM89A (ENSG00000182118),10243,1.0
GRAP2 (ENSG00000100351),10244,1.0
FAM120B (ENSG00000112584),10245,1.0
PPARA (ENSG00000186951),10246,1.0
RP11-20I23.13 (ENSG00000261613),10247,1.0
TMC8 (ENSG00000167895),10248,1.0
PLEKHA6 (ENSG00000143850),10249,1.0
CRIP1 (ENSG00000213145),10250,1.0
AP000254.8 (ENSG00000273271),10251,1.0
CD34 (ENSG00000174059),10252,1.0
TSPAN18 (ENSG00000157570),10253,1.0
TRPV1 (ENSG00000196689),10254,1.0
ICAM2 (ENSG00000108622),10255,1.0
TLL1 (ENSG00000038295),10256,1.0
KIAA1462 (ENSG00000165757),10257,1.0
GPR4 (ENSG00000177464),10258,1.0
FAM78A (ENSG00000126882),10259,1.0
CRNDE (ENSG00000245694),10260,1.0
PQLC1 (ENSG00000122490),10261,1.0
RP11-424G14.1 (ENSG00000260197),10262,1.0
AC009005.2 (ENSG00000267751),10263,1.0
RP11-266K4.14 (ENSG00000275367),10264,1.0
NLGN2 (ENSG00000169992),10265,1.0
RP11-344N10.5 (ENSG00000272630),10266,1.0
AMIGO1 (ENSG00000181754),10267,1.0
IFT122 (ENSG00000163913),10268,1.0
CCNDBP1 (ENSG00000166946),10269,1.0
FAM229A (ENSG00000225828),10270,1.0
PON2 (ENSG00000105854),10271,1.0
PINK1-AS (ENSG00000117242),10272,1.0
KCNJ8 (ENSG00000121361),10273,1.0
ESAM (ENSG00000149564),10274,1.0
BMPER (ENSG00000164619),10275,1.0
KCNJ5 (ENSG00000120457),10276,1.0
ABCB10 (ENSG00000135776),10277,1.0
AJ006998.2 (ENSG00000229425),10278,1.0
THSD1 (ENSG00000136114),10279,1.0
ANKDD1B (ENSG00000189045),10280,1.0
GNPTG (ENSG00000090581),10281,1.0
PREX1 (ENSG00000124126),10282,1.0
RP11-536C5.7 (ENSG00000227741),10283,1.0
RP11-1191J2.2 (ENSG00000242686),10284,1.0
CCDC50 (ENSG00000152492),10285,1.0
PYCRL (ENSG00000104524),10286,1.0
NTRK3 (ENSG00000140538),10287,1.0
FAM166B (ENSG00000215187),10288,1.0
HPD (ENSG00000158104),10289,1.0
GSTA1 (ENSG00000243955),10290,1.0
HES7 (ENSG00000179111),10291,1.0
RP11-30K9.6 (ENSG00000245975),10292,1.0
MPI (ENSG00000178802),10293,1.0
C19orf18 (ENSG00000177025),10294,1.0
SH3RF2 (ENSG00000156463),10295,1.0
MED23 (ENSG00000112282),10296,1.0
RAB23 (ENSG00000112210),10297,1.0
PLVAP (ENSG00000130300),10298,1.0
GSK3B (ENSG00000082701),10299,1.0
CTC-251D13.1 (ENSG00000271795),10300,1.0
MGAT5B (ENSG00000167889),10301,1.0
ODAM (ENSG00000109205),10302,1.0
ZBTB49 (ENSG00000168826),10303,1.0
BMP7 (ENSG00000101144),10304,1.0
LINC01170 (ENSG00000253807),10305,1.0
SATB2 (ENSG00000119042),10306,1.0
MIR4458HG (ENSG00000247516),10307,1.0
RP11-996F15.2 (ENSG00000257176),10308,1.0
ZBTB16 (ENSG00000109906),10309,1.0
CTC-428H11.2 (ENSG00000272367),10310,1.0
DRAM2 (ENSG00000156171),10311,1.0
RP11-371A19.2 (ENSG00000224215),10312,1.0
C8orf33 (ENSG00000182307),10313,1.0
OIT3 (ENSG00000138315),10314,1.0
POT1-AS1 (ENSG00000224897),10315,1.0
RGPD5 (ENSG00000015568),10316,1.0
KMT2D (ENSG00000167548),10317,1.0
RP4-647C14.3 (ENSG00000258944),10318,1.0
ATP6AP1L (ENSG00000205464),10319,1.0
B4GALNT4 (ENSG00000182272),10320,1.0
REP15 (ENSG00000174236),10321,1.0
DOT1L (ENSG00000104885),10322,1.0
GATA3-AS1 (ENSG00000197308),10323,1.0
NBPF11 (ENSG00000263956),10324,1.0
ZNF491 (ENSG00000177599),10325,1.0
SLC36A1 (ENSG00000123643),10326,1.0
RP4-794I6.4 (ENSG00000277287),10327,1.0
ANKMY1 (ENSG00000144504),10328,1.0
CTD-2336O2.1 (ENSG00000253982),10329,1.0
RP11-227G15.10 (ENSG00000274341),10330,1.0
FAM65A (ENSG00000039523),10331,1.0
CCDC92 (ENSG00000119242),10332,1.0
TCHP (ENSG00000139437),10333,1.0
ATG7 (ENSG00000197548),10334,1.0
HOXA1 (ENSG00000105991),10335,1.0
MPRIP (ENSG00000133030),10336,1.0
MMRN2 (ENSG00000173269),10337,1.0
UGDH-AS1 (ENSG00000249348),10338,1.0
U91328.19 (ENSG00000272462),10339,1.0
ADGRF5 (ENSG00000069122),10340,1.0
AC005329.7 (ENSG00000248015),10341,1.0
CDH5 (ENSG00000179776),10342,1.0
CASC9 (ENSG00000249395),10343,1.0
ATG2A (ENSG00000110046),10344,1.0
RAB4A (ENSG00000168118),10345,1.0
RP1-267L14.6 (ENSG00000274227),10346,1.0
GGH (ENSG00000137563),10347,1.0
NEK3 (ENSG00000136098),10348,1.0
APOBEC2 (ENSG00000124701),10349,1.0
CDK16 (ENSG00000102225),10350,1.0
PCDH12 (ENSG00000113555),10351,1.0
ZNF665 (ENSG00000197497),10352,1.0
PIGBOS1 (ENSG00000225973),10353,1.0
NFKB1 (ENSG00000109320),10354,1.0
COL7A1 (ENSG00000114270),10355,1.0
TMEM120A (ENSG00000189077),10356,1.0
RP11-1072A3.4 (ENSG00000275263),10357,1.0
SGSM2 (ENSG00000141258),10358,1.0
NIT2 (ENSG00000114021),10359,1.0
SEPT8 (ENSG00000164402),10360,1.0
TRAF1 (ENSG00000056558),10361,1.0
AL591893.1 (ENSG00000229021),10362,1.0
FLT4 (ENSG00000037280),10363,1.0
TTC12 (ENSG00000149292),10364,1.0
FSIP2-AS1 (ENSG00000231646),10365,1.0
GOPC (ENSG00000047932),10366,1.0
USP3-AS1 (ENSG00000259248),10367,1.0
AGAP6 (ENSG00000204149),10368,1.0
C5orf30 (ENSG00000181751),10369,1.0
EBLN2 (ENSG00000255423),10370,1.0
TCF15 (ENSG00000125878),10371,1.0
ATP6V0E2-AS1 (ENSG00000204934),10372,1.0
MGMT (ENSG00000170430),10373,1.0
LRRC7 (ENSG00000033122),10374,1.0
RPL15 (ENSG00000174748),10375,1.0
RP11-314C16.1 (ENSG00000230939),10376,1.0
PPM1F (ENSG00000100034),10377,1.0
RP11-320M2.1 (ENSG00000257135),10378,1.0
RP11-1055B8.4 (ENSG00000262877),10379,1.0
C19orf70 (ENSG00000174917),10380,1.0
LINC00342 (ENSG00000232931),10381,1.0
FXYD3 (ENSG00000089356),10382,1.0
NUDT4 (ENSG00000173598),10383,1.0
FAM182B (ENSG00000175170),10384,1.0
TNFRSF19 (ENSG00000127863),10385,1.0
IP6K1 (ENSG00000176095),10386,1.0
NLRX1 (ENSG00000160703),10387,1.0
RCSD1 (ENSG00000198771),10388,1.0
MAP3K6 (ENSG00000142733),10389,1.0
FGF20 (ENSG00000078579),10390,1.0
GUSB (ENSG00000169919),10391,1.0
LINC00511 (ENSG00000227036),10392,1.0
SH3KBP1 (ENSG00000147010),10393,1.0
AGBL5 (ENSG00000084693),10394,1.0
BCL2L2 (ENSG00000129473),10395,1.0
RPS27 (ENSG00000177954),10396,1.0
UNC5CL (ENSG00000124602),10397,1.0
NINL (ENSG00000101004),10398,1.0
RPS28 (ENSG00000233927),10399,1.0
ANKRD31 (ENSG00000145700),10400,1.0
MPG (ENSG00000103152),10401,1.0
XXbac-BPG294E21.9 (ENSG00000274259),10402,1.0
USPL1 (ENSG00000132952),10403,1.0
RP11-15H20.7 (ENSG00000269107),10404,1.0
BCORL1 (ENSG00000085185),10405,1.0
AC004556.1 (ENSG00000276345),10406,1.0
OVGP1 (ENSG00000085465),10407,1.0
TMC6 (ENSG00000141524),10408,1.0
WDR11-AS1 (ENSG00000227165),10409,1.0
RP11-396O20.1 (ENSG00000254695),10410,1.0
DHRS7B (ENSG00000109016),10411,1.0
LINC01389 (ENSG00000225762),10412,1.0
LRRC36 (ENSG00000159708),10413,1.0
RASL12 (ENSG00000103710),10414,1.0
SLC16A4 (ENSG00000168679),10415,1.0
LINC01197 (ENSG00000248441),10416,1.0
B4GALT2 (ENSG00000117411),10417,1.0
RP11-982M15.2 (ENSG00000258430),10418,1.0
SSFA2 (ENSG00000138434),10419,1.0
RP11-85L21.4 (ENSG00000228372),10420,1.0
KDM5A (ENSG00000073614),10421,1.0
CCDC167 (ENSG00000198937),10422,1.0
LAPTM5 (ENSG00000162511),10423,1.0
AC004076.5 (ENSG00000276449),10424,1.0
MINK1 (ENSG00000141503),10425,1.0
MANEA-AS1 (ENSG00000261366),10426,1.0
RP11-159D12.2 (ENSG00000264112),10427,1.0
SHE (ENSG00000169291),10428,1.0
FBXO10 (ENSG00000147912),10429,1.0
TMEM123 (ENSG00000152558),10430,1.0
ZNF793 (ENSG00000188227),10431,1.0
NEURL3 (ENSG00000163121),10432,1.0
TCTN1 (ENSG00000204852),10433,1.0
ENDOG (ENSG00000167136),10434,1.0
KIAA1841 (ENSG00000162929),10435,1.0
KCTD1 (ENSG00000134504),10436,1.0
CTD-2311M21.3 (ENSG00000261821),10437,1.0
HOXD1 (ENSG00000128645),10438,1.0
ADPRHL1 (ENSG00000153531),10439,1.0
TMEM71 (ENSG00000165071),10440,1.0
HCG20 (ENSG00000228022),10441,1.0
S100A1 (ENSG00000160678),10442,1.0
CTD-2203K17.1 (ENSG00000249572),10443,1.0
CTB-25B13.12 (ENSG00000267317),10444,1.0
SEMA3C (ENSG00000075223),10445,1.0
SPATA13 (ENSG00000182957),10446,1.0
C1orf198 (ENSG00000119280),10447,1.0
MFI2 (ENSG00000163975),10448,1.0
ST6GALNAC2 (ENSG00000070731),10449,1.0
CNKSR3 (ENSG00000153721),10450,1.0
GMFG (ENSG00000130755),10451,1.0
IMMP2L (ENSG00000184903),10452,1.0
SLC23A2 (ENSG00000089057),10453,1.0
SHF (ENSG00000138606),10454,1.0
ZP3 (ENSG00000188372),10455,1.0
CTD-2014B16.3 (ENSG00000258847),10456,1.0
HTRA2 (ENSG00000115317),10457,1.0
PYGL (ENSG00000100504),10458,1.0
CTD-2325P2.4 (ENSG00000259038),10459,1.0
SUCLA2-AS1 (ENSG00000227848),10460,1.0
RP11-74E22.3 (ENSG00000262050),10461,1.0
RP11-706O15.5 (ENSG00000205663),10462,1.0
FAM3C (ENSG00000196937),10463,1.0
PPT2 (ENSG00000221988),10464,1.0
AKAP13 (ENSG00000170776),10465,1.0
TAL1 (ENSG00000162367),10466,1.0
TMEM229A (ENSG00000234224),10467,1.0
RP3-466P17.2 (ENSG00000270828),10468,1.0
RIOK1 (ENSG00000124784),10469,1.0
RP11-499P20.2 (ENSG00000240291),10470,1.0
PALB2 (ENSG00000083093),10471,1.0
AMER1 (ENSG00000184675),10472,1.0
RP11-390P24.1 (ENSG00000273576),10473,1.0
TFAP2A (ENSG00000137203),10474,1.0
AP001062.7 (ENSG00000184441),10475,1.0
ANKRD20A4 (ENSG00000172014),10476,1.0
RP11-546K22.3 (ENSG00000272024),10477,1.0
RP11-162A12.4 (ENSG00000278107),10478,1.0
RNF169 (ENSG00000166439),10479,1.0
TMCC2 (ENSG00000133069),10480,1.0
EZH1 (ENSG00000108799),10481,1.0
FNTA (ENSG00000168522),10482,1.0
ADCY6 (ENSG00000174233),10483,1.0
RP11-1109F11.3 (ENSG00000271327),10484,1.0
JMJD4 (ENSG00000081692),10485,1.0
ZNF286A (ENSG00000187607),10486,1.0
RP11-204L24.2 (ENSG00000265451),10487,1.0
RP11-676J12.4 (ENSG00000262228),10488,1.0
ZBTB7C (ENSG00000184828),10489,1.0
RP11-699A5.2 (ENSG00000265984),10490,1.0
PCDH8 (ENSG00000136099),10491,1.0
NOTCH1 (ENSG00000148400),10492,1.0
BSG (ENSG00000172270),10493,1.0
RP11-77K12.9 (ENSG00000274220),10494,1.0
RIPPLY1 (ENSG00000147223),10495,1.0
PLCB4 (ENSG00000101333),10496,1.0
PABPC1 (ENSG00000070756),10497,1.0
CD33 (ENSG00000105383),10498,1.0
TRMT13 (ENSG00000122435),10499,1.0
P3H2-AS1 (ENSG00000225764),10500,1.0
TM9SF1 (ENSG00000100926),10501,1.0
ARL6IP6 (ENSG00000177917),10502,1.0
C19orf54 (ENSG00000188493),10503,1.0
DDX59 (ENSG00000118197),10504,1.0
ERMARD (ENSG00000130023),10505,1.0
MYO9A (ENSG00000066933),10506,1.0
RPS14 (ENSG00000164587),10507,1.0
NUDT8 (ENSG00000167799),10508,1.0
C17orf96 (ENSG00000273604),10509,1.0
ACVR2B-AS1 (ENSG00000229589),10510,1.0
RFPL1S (ENSG00000225465),10511,1.0
USP6NL (ENSG00000148429),10512,1.0
ZFP69 (ENSG00000187815),10513,1.0
ZBTB37 (ENSG00000185278),10514,1.0
TRPV4 (ENSG00000111199),10515,1.0
RPS9 (ENSG00000170889),10516,1.0
RP11-1348G14.8 (ENSG00000275807),10517,1.0
SMIM8 (ENSG00000111850),10518,1.0
MRPL23 (ENSG00000214026),10519,1.0
RP11-923I11.8 (ENSG00000278451),10520,1.0
IL16 (ENSG00000172349),10521,1.0
FOXE3 (ENSG00000186790),10522,1.0
PLCD4 (ENSG00000115556),10523,1.0
NPHP4 (ENSG00000131697),10524,1.0
ZNF32-AS2 (ENSG00000230565),10525,1.0
RP11-318E3.9 (ENSG00000272764),10526,1.0
RPL8 (ENSG00000161016),10527,1.0
SLC9B1 (ENSG00000164037),10528,1.0
TFDP1 (ENSG00000198176),10529,1.0
RPS6 (ENSG00000137154),10530,1.0
HOXA-AS3 (ENSG00000254369),10531,1.0
ARPC1B (ENSG00000130429),10532,1.0
RP11-348J24.2 (ENSG00000250049),10533,1.0
HPDL (ENSG00000186603),10534,1.0
ETV2 (ENSG00000105672),10535,1.0
CHD7 (ENSG00000171316),10536,1.0
AVP (ENSG00000101200),10537,1.0
B3GNTL1 (ENSG00000175711),10538,1.0
CBARP (ENSG00000099625),10539,1.0
CELF2 (ENSG00000048740),10540,1.0
RP11-190C22.8 (ENSG00000272662),10541,1.0
ERBB3 (ENSG00000065361),10542,1.0
PRKRA (ENSG00000180228),10543,1.0
GLB1L2 (ENSG00000149328),10544,1.0
LINC00379 (ENSG00000229557),10545,1.0
RP11-79O8.1 (ENSG00000271991),10546,1.0
METAP2 (ENSG00000111142),10547,1.0
SCRIB (ENSG00000180900),10548,1.0
SRGAP2 (ENSG00000266028),10549,1.0
EXOSC10 (ENSG00000171824),10550,1.0
IQCH-AS1 (ENSG00000259673),10551,1.0
HULC (ENSG00000251164),10552,1.0
APMAP (ENSG00000101474),10553,1.0
PDE3B (ENSG00000152270),10554,1.0
LMO4 (ENSG00000143013),10555,1.0
CTD-2256P15.2 (ENSG00000259802),10556,1.0
SMN2 (ENSG00000205571),10557,1.0
DENND6A (ENSG00000174839),10558,1.0
CLASP1 (ENSG00000074054),10559,1.0
PAX3 (ENSG00000135903),10560,1.0
FAM222A (ENSG00000139438),10561,1.0
CYP2D6 (ENSG00000100197),10562,1.0
RP11-707G18.1 (ENSG00000278743),10563,1.0
RP11-486G15.2 (ENSG00000271576),10564,1.0
PUDP (ENSG00000130021),10565,1.0
RP1-283K11.3 (ENSG00000223542),10566,1.0
CDC14A (ENSG00000079335),10567,1.0
GLYATL2 (ENSG00000156689),10568,1.0
LINC00235 (ENSG00000277142),10569,1.0
TDRD3 (ENSG00000083544),10570,1.0
PAX8 (ENSG00000125618),10571,1.0
RP11-548H3.1 (ENSG00000273466),10572,1.0
ROCK2 (ENSG00000134318),10573,1.0
PAQR4 (ENSG00000162073),10574,1.0
SLC15A3 (ENSG00000110446),10575,1.0
HOXB1 (ENSG00000120094),10576,1.0
GAPDH (ENSG00000111640),10577,1.0
ZSCAN1 (ENSG00000152467),10578,1.0
PDE1B (ENSG00000123360),10579,1.0
EFCAB5 (ENSG00000176927),10580,1.0
SMOC1 (ENSG00000198732),10581,1.0
RP11-384F7.2 (ENSG00000239268),10582,1.0
ARHGAP32 (ENSG00000134909),10583,1.0
RBFA (ENSG00000101546),10584,1.0
RP11-214N9.1 (ENSG00000271855),10585,1.0
PLPP7 (ENSG00000160539),10586,1.0
NRDE2 (ENSG00000119720),10587,1.0
STXBP4 (ENSG00000166263),10588,1.0
RP11-38M8.1 (ENSG00000273297),10589,1.0
XXbac-B444P24.14 (ENSG00000273139),10590,1.0
RPS29 (ENSG00000213741),10591,1.0
CFL1 (ENSG00000172757),10592,1.0
CCDC150 (ENSG00000144395),10593,1.0
CHST11 (ENSG00000171310),10594,1.0
RPL18A (ENSG00000105640),10595,1.0
FAM210B (ENSG00000124098),10596,1.0
RP5-1074L1.4 (ENSG00000273373),10597,1.0
PHACTR1 (ENSG00000112137),10598,1.0
RPL19 (ENSG00000108298),10599,1.0
SAPCD2 (ENSG00000186193),10600,1.0
TAT-AS1 (ENSG00000260886),10601,1.0
FAM228A (ENSG00000186453),10602,1.0
RPL29 (ENSG00000162244),10603,1.0
RP11-1223D19.1 (ENSG00000261760),10604,1.0
BRD9 (ENSG00000028310),10605,1.0
SPAG4 (ENSG00000061656),10606,1.0
DTX4 (ENSG00000110042),10607,1.0
POC1B (ENSG00000139323),10608,1.0
SPINK4 (ENSG00000122711),10609,1.0
CTA-228A9.4 (ENSG00000279080),10610,1.0
RP11-314N13.3 (ENSG00000229728),10611,1.0
RP11-315O6.1 (ENSG00000255337),10612,1.0
VEZF1 (ENSG00000136451),10613,1.0
CEP72 (ENSG00000112877),10614,1.0
CMTM5 (ENSG00000166091),10615,1.0
SKAP2 (ENSG00000005020),10616,1.0
PKN3 (ENSG00000160447),10617,1.0
CEP350 (ENSG00000135837),10618,1.0
GSTCD (ENSG00000138780),10619,1.0
RP11-467D6.1 (ENSG00000259826),10620,1.0
KIAA1211 (ENSG00000109265),10621,1.0
CH17-437K3.1 (ENSG00000227082),10622,1.0
ZNF559-ZNF177 (ENSG00000270011),10623,1.0
AP001505.10 (ENSG00000276529),10624,1.0
MURC (ENSG00000170681),10625,1.0
BAG1 (ENSG00000107262),10626,1.0
MARCKSL1 (ENSG00000175130),10627,1.0
AP000344.3 (ENSG00000234928),10628,1.0
UGT2B7 (ENSG00000171234),10629,1.0
IQGAP3 (ENSG00000183856),10630,1.0
CD79B (ENSG00000007312),10631,1.0
ZNF793-AS1 (ENSG00000266916),10632,1.0
MMP17 (ENSG00000198598),10633,1.0
TMEM116 (ENSG00000198270),10634,1.0
WHSC1 (ENSG00000109685),10635,1.0
TEX19 (ENSG00000182459),10636,1.0
CDH6 (ENSG00000113361),10637,1.0
RP11-295H24.4 (ENSG00000275580),10638,1.0
CTC-529P8.1 (ENSG00000250072),10639,1.0
NUBPL (ENSG00000151413),10640,1.0
BTBD3 (ENSG00000132640),10641,1.0
RP11-120D5.1 (ENSG00000234129),10642,1.0
LIG3 (ENSG00000005156),10643,1.0
RP11-210M15.2 (ENSG00000259495),10644,1.0
ESPL1 (ENSG00000135476),10645,1.0
USP3 (ENSG00000140455),10646,1.0
CTC-367J11.1 (ENSG00000254333),10647,1.0
CREB3L4 (ENSG00000143578),10648,1.0
RPLP0 (ENSG00000089157),10649,1.0
ILDR2 (ENSG00000143195),10650,1.0
RPL13A (ENSG00000142541),10651,1.0
DOCK1 (ENSG00000150760),10652,1.0
SASH1 (ENSG00000111961),10653,1.0
RP3-428L16.2 (ENSG00000272841),10654,1.0
COL2A1 (ENSG00000139219),10655,1.0
RPS4X (ENSG00000198034),10656,1.0
SCN1A (ENSG00000144285),10657,1.0
RP11-615I2.6 (ENSG00000275383),10658,1.0
HIST2H3D (ENSG00000183598),10659,1.0
RGR (ENSG00000148604),10660,1.0
PDYN (ENSG00000101327),10661,1.0
PCOLCE2 (ENSG00000163710),10662,1.0
MAPK4 (ENSG00000141639),10663,1.0
PACRGL (ENSG00000163138),10664,1.0
FOXRED2 (ENSG00000100350),10665,1.0
SKIDA1 (ENSG00000180592),10666,1.0
SORCS1 (ENSG00000108018),10667,1.0
PAQR8 (ENSG00000170915),10668,1.0
GPX4 (ENSG00000167468),10669,1.0
PAAF1 (ENSG00000175575),10670,1.0
LBR (ENSG00000143815),10671,1.0
RP11-567J20.2 (ENSG00000253688),10672,1.0
FLJ37035 (ENSG00000224023),10673,1.0
CUEDC1 (ENSG00000180891),10674,1.0
BLOC1S5 (ENSG00000188428),10675,1.0
EXTL3-AS1 (ENSG00000246339),10676,1.0
AC097724.3 (ENSG00000226833),10677,1.0
MIS18A-AS1 (ENSG00000227256),10678,1.0
GS1-24F4.2 (ENSG00000245857),10679,1.0
RP11-45A17.2 (ENSG00000277959),10680,1.0
COLGALT1 (ENSG00000130309),10681,1.0
PAN2 (ENSG00000135473),10682,1.0
DCAF12 (ENSG00000198876),10683,1.0
IRS4 (ENSG00000133124),10684,1.0
DUSP6 (ENSG00000139318),10685,1.0
LINC00403 (ENSG00000224243),10686,1.0
SLX1A (ENSG00000132207),10687,1.0
DBF4B (ENSG00000161692),10688,1.0
BCAR3 (ENSG00000137936),10689,1.0
FAM53A (ENSG00000174137),10690,1.0
GLTSCR2 (ENSG00000105373),10691,1.0
RP5-940J5.9 (ENSG00000269968),10692,1.0
HES5 (ENSG00000197921),10693,1.0
UBB (ENSG00000170315),10694,1.0
BAHCC1 (ENSG00000266074),10695,1.0
RPL7A (ENSG00000148303),10696,1.0
SCN4B (ENSG00000177098),10697,1.0
AP000692.10 (ENSG00000273199),10698,1.0
AKR7A3 (ENSG00000162482),10699,1.0
CWC15 (ENSG00000150316),10700,1.0
DOCK4 (ENSG00000128512),10701,1.0
ARHGAP15 (ENSG00000075884),10702,1.0
LPAR6 (ENSG00000139679),10703,1.0
CLNS1A (ENSG00000074201),10704,1.0
TFAP2B (ENSG00000008196),10705,1.0
RPL18 (ENSG00000063177),10706,1.0
INTS9 (ENSG00000104299),10707,1.0
FOXD3 (ENSG00000187140),10708,1.0
RPL13 (ENSG00000167526),10709,1.0
ZNF337 (ENSG00000130684),10710,1.0
KIAA1456 (ENSG00000250305),10711,1.0
NRIP1 (ENSG00000180530),10712,1.0
ZBTB25 (ENSG00000089775),10713,1.0
GRIP2 (ENSG00000144596),10714,1.0
EZH2 (ENSG00000106462),10715,1.0
ESX1 (ENSG00000123576),10716,1.0
CEACAM21 (ENSG00000007129),10717,1.0
RP11-65L3.4 (ENSG00000270956),10718,1.0
MAEL (ENSG00000143194),10719,1.0
AP001347.6 (ENSG00000224905),10720,1.0
RP11-595B24.1 (ENSG00000265758),10721,1.0
APITD1-CORT (ENSG00000251503),10722,1.0
ASF1B (ENSG00000105011),10723,1.0
MSL3 (ENSG00000005302),10724,1.0
RORA-AS1 (ENSG00000245534),10725,1.0
HOMER3 (ENSG00000051128),10726,1.0
KCNK5 (ENSG00000164626),10727,1.0
ENKD1 (ENSG00000124074),10728,1.0
SSUH2 (ENSG00000125046),10729,1.0
RP11-1246C19.1 (ENSG00000273230),10730,1.0
NRTN (ENSG00000171119),10731,1.0
ZNF266 (ENSG00000174652),10732,1.0
FAM72D (ENSG00000215784),10733,1.0
RP11-225H22.7 (ENSG00000273485),10734,1.0
MSANTD2 (ENSG00000120458),10735,1.0
TAZ (ENSG00000102125),10736,1.0
ZNF43 (ENSG00000198521),10737,1.0
RP11-977B10.2 (ENSG00000258101),10738,1.0
COPG2 (ENSG00000158623),10739,1.0
CTB-119C2.1 (ENSG00000273237),10740,1.0
CWF19L2 (ENSG00000152404),10741,1.0
CACTIN (ENSG00000105298),10742,1.0
RPS10-NUDT3 (ENSG00000270800),10743,1.0
TMEM65 (ENSG00000164983),10744,1.0
ZEB2-AS1 (ENSG00000238057),10745,1.0
RPL14 (ENSG00000188846),10746,1.0
OPN3 (ENSG00000054277),10747,1.0
RP13-1032I1.11 (ENSG00000275902),10748,1.0
DDX11 (ENSG00000013573),10749,1.0
ADK (ENSG00000156110),10750,1.0
RASL10B (ENSG00000270885),10751,1.0
RPS2 (ENSG00000140988),10752,1.0
CRYM-AS1 (ENSG00000189149),10753,1.0
RP11-398K22.12 (ENSG00000229852),10754,1.0
C2CD3 (ENSG00000168014),10755,1.0
RP11-1275H24.2 (ENSG00000272953),10756,1.0
MTURN (ENSG00000180354),10757,1.0
P2RX7 (ENSG00000089041),10758,1.0
HMGB2 (ENSG00000164104),10759,1.0
TKTL1 (ENSG00000007350),10760,1.0
RWDD2B (ENSG00000156253),10761,1.0
ROPN1 (ENSG00000065371),10762,1.0
IQCB1 (ENSG00000173226),10763,1.0
HIST1H1B (ENSG00000184357),10764,1.0
NUF2 (ENSG00000143228),10765,1.0
DPYSL5 (ENSG00000157851),10766,1.0
BATF2 (ENSG00000168062),10767,1.0
RDM1 (ENSG00000278023),10768,1.0
DACT1 (ENSG00000165617),10769,1.0
CTA-292E10.6 (ENSG00000226471),10770,1.0
METRN (ENSG00000103260),10771,1.0
HCN1 (ENSG00000164588),10772,1.0
LRCOL1 (ENSG00000204583),10773,1.0
CCDC12 (ENSG00000160799),10774,1.0
RP11-402J6.1 (ENSG00000249509),10775,1.0
GREB1 (ENSG00000196208),10776,1.0
NEK2 (ENSG00000117650),10777,1.0
TMCC1-AS1 (ENSG00000271270),10778,1.0
XKR5 (ENSG00000275591),10779,1.0
COTL1 (ENSG00000103187),10780,1.0
SYNE2 (ENSG00000054654),10781,1.0
TAF1A (ENSG00000143498),10782,1.0
TPI1 (ENSG00000111669),10783,1.0
ZNF23 (ENSG00000167377),10784,1.0
REC8 (ENSG00000100918),10785,2.0
RP11-162A12.2 (ENSG00000264278),10786,2.0
RP11-324E6.10 (ENSG00000274191),10787,2.0
FAM161A (ENSG00000170264),10788,2.0
ZSCAN22 (ENSG00000182318),10789,2.0
TSEN2 (ENSG00000154743),10790,2.0
NME6 (ENSG00000172113),10791,2.0
CPS1 (ENSG00000021826),10792,2.0
RP11-722G7.1 (ENSG00000269226),10793,2.0
RP11-47A8.5 (ENSG00000272933),10794,2.0
PTPN18 (ENSG00000072135),10795,2.0
RP11-464F9.20 (ENSG00000268584),10796,2.0
RP4-616B8.4 (ENSG00000261431),10797,2.0
REEP4 (ENSG00000168476),10798,2.0
WFIKKN1 (ENSG00000127578),10799,2.0
PROSC (ENSG00000147471),10800,2.0
CTD-2371O3.3 (ENSG00000268403),10801,2.0
CDH13 (ENSG00000140945),10802,2.0
CABP1 (ENSG00000157782),10803,2.0
ANKRD18B (ENSG00000230453),10804,2.0
RPS5 (ENSG00000083845),10805,2.0
FAM175A (ENSG00000163322),10806,2.0
LINC01424 (ENSG00000236519),10807,2.0
C21orf33 (ENSG00000160221),10808,2.0
MN1 (ENSG00000169184),10809,2.0
ZNF22 (ENSG00000165512),10810,2.0
SPATA13 (ENSG00000228741),10811,2.0
AADAT (ENSG00000109576),10812,2.0
RP11-45A12.1 (ENSG00000255079),10813,2.0
SDC3 (ENSG00000162512),10814,2.0
SCUBE2 (ENSG00000175356),10815,2.0
CDT1 (ENSG00000167513),10816,2.0
MIA (ENSG00000261857),10817,2.0
KIF21B (ENSG00000116852),10818,2.0
CTD-2378E12.1 (ENSG00000273674),10819,2.0
C21orf58 (ENSG00000160298),10820,2.0
RP11-48B3.4 (ENSG00000260317),10821,2.0
UPF2 (ENSG00000151461),10822,2.0
BAZ1B (ENSG00000009954),10823,2.0
CTA-384D8.36 (ENSG00000272821),10824,2.0
ARPC1A (ENSG00000241685),10825,2.0
ELAVL1 (ENSG00000066044),10826,2.0
CENPF (ENSG00000117724),10827,2.0
ZNF367 (ENSG00000165244),10828,2.0
CPA2 (ENSG00000158516),10829,2.0
CYP27C1 (ENSG00000186684),10830,2.0
FAM53B (ENSG00000189319),10831,2.0
MAST3 (ENSG00000099308),10832,2.0
C12orf65 (ENSG00000130921),10833,2.0
FIGNL1 (ENSG00000132436),10834,2.0
LCMT1-AS1 (ENSG00000260448),10835,2.0
HAUS5 (ENSG00000249115),10836,2.0
MYCN (ENSG00000134323),10837,2.0
CYP11A1 (ENSG00000140459),10838,2.0
RP1-187B23.1 (ENSG00000233478),10839,2.0
DCAKD (ENSG00000172992),10840,2.0
QDPR (ENSG00000151552),10841,2.0
RP11-387A1.5 (ENSG00000272729),10842,2.0
HIST1H1E (ENSG00000168298),10843,2.0
PPIF (ENSG00000108179),10844,2.0
HIST1H2BM (ENSG00000273703),10845,2.0
POLA2 (ENSG00000014138),10846,2.0
HS2ST1 (ENSG00000153936),10847,2.0
GLE1 (ENSG00000119392),10848,2.0
POU3F2 (ENSG00000184486),10849,2.0
RP11-179B2.2 (ENSG00000272572),10850,2.0
FAM90A1 (ENSG00000171847),10851,2.0
KIF18A (ENSG00000121621),10852,2.0
NUSAP1 (ENSG00000137804),10853,2.0
NUP62CL (ENSG00000198088),10854,2.0
KLLN (ENSG00000227268),10855,2.0
ZBTB40 (ENSG00000184677),10856,2.0
KMT5C (ENSG00000133247),10857,2.0
RP11-378I6.1 (ENSG00000261402),10858,2.0
DGKQ (ENSG00000145214),10859,2.0
SOGA1 (ENSG00000149639),10860,2.0
LA16c-431H6.6 (ENSG00000261732),10861,2.0
AC142472.6 (ENSG00000276728),10862,2.0
ETV3 (ENSG00000117036),10863,2.0
ERI2 (ENSG00000196678),10864,2.0
CDK5RAP3 (ENSG00000108465),10865,2.0
EN2 (ENSG00000164778),10866,2.0
RP11-755F10.1 (ENSG00000255320),10867,2.0
CEP192 (ENSG00000101639),10868,2.0
RP11-799B12.4 (ENSG00000265750),10869,2.0
DUSP4 (ENSG00000120875),10870,2.0
ZNF382 (ENSG00000161298),10871,2.0
CMSS1 (ENSG00000184220),10872,2.0
RNF219 (ENSG00000152193),10873,2.0
ZNF420 (ENSG00000197050),10874,2.0
TMEM38B (ENSG00000095209),10875,2.0
C1orf186 (ENSG00000263961),10876,2.0
PITX3 (ENSG00000107859),10877,2.0
PTOV1-AS1 (ENSG00000268006),10878,2.0
GRAP (ENSG00000154016),10879,2.0
RBL1 (ENSG00000080839),10880,2.0
GAMT (ENSG00000130005),10881,2.0
TNFRSF13C (ENSG00000159958),10882,2.0
MED12 (ENSG00000184634),10883,2.0
FLJ37453 (ENSG00000179743),10884,2.0
RFC5 (ENSG00000111445),10885,2.0
FUNDC2 (ENSG00000165775),10886,2.0
RHAG (ENSG00000112077),10887,2.0
PCNA (ENSG00000132646),10888,2.0
RP3-406P24.4 (ENSG00000272248),10889,2.0
RP5-1112D6.7 (ENSG00000271789),10890,2.0
PRR4 (ENSG00000111215),10891,2.0
HOXB-AS1 (ENSG00000230148),10892,2.0
DNAJC9 (ENSG00000213551),10893,2.0
ATRN (ENSG00000088812),10894,2.0
RPRD1B (ENSG00000101413),10895,2.0
RP4-616B8.5 (ENSG00000274825),10896,2.0
EFS (ENSG00000100842),10897,2.0
CHCHD6 (ENSG00000159685),10898,2.0
MZT2B (ENSG00000152082),10899,2.0
PLPPR5 (ENSG00000117598),10900,2.0
RP4-550H1.7 (ENSG00000277235),10901,2.0
NDC80 (ENSG00000080986),10902,2.0
CHST14 (ENSG00000169105),10903,2.0
CDK5RAP2 (ENSG00000136861),10904,2.0
PIGX (ENSG00000163964),10905,2.0
ANGEL1 (ENSG00000013523),10906,2.0
SOX1 (ENSG00000182968),10907,2.0
KIF22 (ENSG00000079616),10908,2.0
LLNLR-304G9.1 (ENSG00000274447),10909,2.0
IFT46 (ENSG00000118096),10910,2.0
FAM171A1 (ENSG00000148468),10911,2.0
MPHOSPH9 (ENSG00000051825),10912,2.0
GBE1 (ENSG00000114480),10913,2.0
RAP1GDS1 (ENSG00000138698),10914,2.0
DGCR8 (ENSG00000128191),10915,2.0
MMD (ENSG00000108960),10916,2.0
TPX2 (ENSG00000088325),10917,2.0
UVSSA (ENSG00000163945),10918,2.0
RP11-474G23.2 (ENSG00000273275),10919,2.0
DMXL2 (ENSG00000104093),10920,2.0
SOX5 (ENSG00000134532),10921,2.0
SNRPA (ENSG00000077312),10922,2.0
CPB2-AS1 (ENSG00000235903),10923,2.0
B9D2 (ENSG00000123810),10924,2.0
LRP4-AS1 (ENSG00000247675),10925,2.0
MAP2K7 (ENSG00000076984),10926,2.0
MKI67 (ENSG00000148773),10927,2.0
CHTF18 (ENSG00000127586),10928,2.0
ZNF473 (ENSG00000142528),10929,2.0
CPSF3 (ENSG00000119203),10930,2.0
ZNF704 (ENSG00000164684),10931,2.0
UBAP1L (ENSG00000246922),10932,2.0
UHRF1 (ENSG00000276043),10933,2.0
HIST1H1D (ENSG00000124575),10934,2.0
ALOX12-AS1 (ENSG00000215067),10935,2.0
RPL23A (ENSG00000198242),10936,2.0
CD320 (ENSG00000167775),10937,2.0
CDCA7 (ENSG00000144354),10938,2.0
LIG1 (ENSG00000105486),10939,2.0
TMCO6 (ENSG00000113119),10940,2.0
FAM72C (ENSG00000263513),10941,2.0
TBCD (ENSG00000141556),10942,2.0
EPB42 (ENSG00000166947),10943,2.0
TMSB15A (ENSG00000158164),10944,2.0
TAMM41 (ENSG00000144559),10945,2.0
PTGR1 (ENSG00000106853),10946,2.0
HUNK (ENSG00000142149),10947,2.0
RP11-258C19.7 (ENSG00000270189),10948,2.0
SLBP (ENSG00000163950),10949,2.0
RP11-111M22.2 (ENSG00000179240),10950,2.0
RP11-128A17.2 (ENSG00000274444),10951,2.0
GINS3 (ENSG00000181938),10952,2.0
RP11-15J22.8 (ENSG00000275265),10953,2.0
FANCG (ENSG00000221829),10954,2.0
CTD-2116N20.1 (ENSG00000250081),10955,2.0
RP11-216B9.6 (ENSG00000228395),10956,2.0
RNPS1 (ENSG00000205937),10957,2.0
RP4-593H12.1 (ENSG00000272854),10958,2.0
SEC16B (ENSG00000120341),10959,2.0
CNBP (ENSG00000169714),10960,2.0
RP11-46H11.12 (ENSG00000236617),10961,2.0
CDK4 (ENSG00000135446),10962,2.0
DNAH2 (ENSG00000183914),10963,2.0
DNAH3 (ENSG00000158486),10964,2.0
RP11-62H20.1 (ENSG00000261120),10965,2.0
RPS8 (ENSG00000142937),10966,2.0
STMN1 (ENSG00000117632),10967,2.0
RP11-732A21.3 (ENSG00000277459),10968,2.0
CENPL (ENSG00000120334),10969,2.0
CEP63 (ENSG00000182923),10970,2.0
CHAD (ENSG00000136457),10971,2.0
CNTRL (ENSG00000119397),10972,2.0
CNP (ENSG00000173786),10973,2.0
EHBP1L1 (ENSG00000173442),10974,2.0
NEUROG2 (ENSG00000178403),10975,2.0
POLR2J2 (ENSG00000228049),10976,2.0
NETO2 (ENSG00000171208),10977,2.0
LINC01198 (ENSG00000231817),10978,2.0
NT5C3B (ENSG00000141698),10979,2.0
MAGEB3 (ENSG00000198798),10980,2.0
NIFK-AS1 (ENSG00000236859),10981,2.0
UBN1 (ENSG00000118900),10982,2.0
PET100 (ENSG00000229833),10983,2.0
IFI27L2 (ENSG00000119632),10984,2.0
LMNB1 (ENSG00000113368),10985,2.0
URB1-AS1 (ENSG00000256073),10986,2.0
LPAR4 (ENSG00000147145),10987,2.0
WDR70 (ENSG00000082068),10988,2.0
KIF15 (ENSG00000163808),10989,2.0
LINC00638 (ENSG00000258701),10990,2.0
FAM110D (ENSG00000197245),10991,2.0
C9orf142 (ENSG00000148362),10992,2.0
FSCN1 (ENSG00000075618),10993,2.0
CCDC144NL (ENSG00000205212),10994,2.0
RP3-512B11.3 (ENSG00000261189),10995,2.0
LINC00618 (ENSG00000225163),10996,2.0
CDC45 (ENSG00000093009),10997,2.0
SEC22A (ENSG00000121542),10998,2.0
ZNRD1 (ENSG00000066379),10999,2.0
RP13-270P17.1 (ENSG00000264235),11000,2.0
SUGP2 (ENSG00000064607),11001,2.0
PLAC1 (ENSG00000170965),11002,2.0
MIR219A2 (ENSG00000207955),11003,2.0
HIST2H2AB (ENSG00000184270),11004,2.0
MSX1 (ENSG00000163132),11005,2.0
NAP1L1 (ENSG00000187109),11006,2.0
ZNF407 (ENSG00000215421),11007,2.0
RP11-472N13.3 (ENSG00000237797),11008,2.0
CRABP2 (ENSG00000143320),11009,2.0
AURKB (ENSG00000178999),11010,2.0
PHC2 (ENSG00000134686),11011,2.0
NRGN (ENSG00000154146),11012,2.0
ZSCAN20 (ENSG00000121903),11013,2.0
CFAP20 (ENSG00000070761),11014,2.0
METAP1D (ENSG00000172878),11015,2.0
ACTL10 (ENSG00000182584),11016,2.0
MCM2 (ENSG00000073111),11017,2.0
PFN2 (ENSG00000070087),11018,2.0
PRPF19 (ENSG00000110107),11019,2.0
RP11-188D8.1 (ENSG00000271427),11020,2.0
RP11-83C7.1 (ENSG00000248227),11021,2.0
C17orf53 (ENSG00000125319),11022,2.0
OTOG (ENSG00000188162),11023,2.0
PLSCR5 (ENSG00000231213),11024,2.0
DZIP1L (ENSG00000158163),11025,2.0
RP11-290O12.2 (ENSG00000280241),11026,2.0
TUBB4B (ENSG00000188229),11027,2.0
ZNF83 (ENSG00000167766),11028,2.0
TYMS (ENSG00000176890),11029,2.0
ATP5G2 (ENSG00000135390),11030,2.0
CHRNA9 (ENSG00000174343),11031,2.0
MCMBP (ENSG00000197771),11032,2.0
ALPK2 (ENSG00000198796),11033,2.0
ROPN1B (ENSG00000114547),11034,2.0
RP11-368I7.6 (ENSG00000275734),11035,2.0
HIST1H4C (ENSG00000197061),11036,2.0
LEKR1 (ENSG00000197980),11037,2.0
CTD-2589H19.6 (ENSG00000271781),11038,2.0
CCDC15 (ENSG00000149548),11039,2.0
H2AFX (ENSG00000188486),11040,2.0
TOP3A (ENSG00000177302),11041,2.0
RP11-700J17.2 (ENSG00000272936),11042,2.0
NUP85 (ENSG00000125450),11043,2.0
C5orf34 (ENSG00000172244),11044,2.0
RP5-994D16.3 (ENSG00000234917),11045,2.0
NAPEPLD (ENSG00000161048),11046,2.0
CTB-193M12.5 (ENSG00000280206),11047,2.0
GABRB2 (ENSG00000145864),11048,2.0
ZNF41 (ENSG00000147124),11049,2.0
AP001372.2 (ENSG00000254837),11050,2.0
FBXO43 (ENSG00000156509),11051,2.0
INCENP (ENSG00000149503),11052,2.0
SPDL1 (ENSG00000040275),11053,2.0
TTI1 (ENSG00000101407),11054,2.0
YWHAQ (ENSG00000134308),11055,2.0
IMPDH2 (ENSG00000178035),11056,2.0
CENPV (ENSG00000166582),11057,2.0
MAT2B (ENSG00000038274),11058,2.0
PRR11 (ENSG00000068489),11059,2.0
HECTD2 (ENSG00000165338),11060,2.0
IL2RB (ENSG00000100385),11061,2.0
SSRP1 (ENSG00000149136),11062,2.0
WRAP53 (ENSG00000141499),11063,2.0
MUC12 (ENSG00000205277),11064,2.0
RP11-236B18.5 (ENSG00000273124),11065,2.0
TCTE3 (ENSG00000184786),11066,2.0
RP11-227D13.4 (ENSG00000259469),11067,2.0
CDK1 (ENSG00000170312),11068,2.0
CDC20B (ENSG00000164287),11069,2.0
DYRK3 (ENSG00000143479),11070,2.0
RP11-35P15.1 (ENSG00000270403),11071,2.0
RP11-384P7.7 (ENSG00000260947),11072,2.0
RPIA (ENSG00000153574),11073,2.0
HAS2 (ENSG00000170961),11074,2.0
RP11-359E3.4 (ENSG00000272631),11075,2.0
CTD-2189E23.2 (ENSG00000267406),11076,2.0
TTLL4 (ENSG00000135912),11077,2.0
ZEB2 (ENSG00000169554),11078,2.0
RP11-399K21.13 (ENSG00000273248),11079,2.0
KIRREL2 (ENSG00000126259),11080,2.0
CTC-487M23.8 (ENSG00000272869),11081,2.0
TIGD4 (ENSG00000169989),11082,2.0
RP5-884G6.2 (ENSG00000228084),11083,2.0
KIFC1 (ENSG00000237649),11084,2.0
KIF2C (ENSG00000142945),11085,2.0
KIF20A (ENSG00000112984),11086,2.0
LCORL (ENSG00000178177),11087,2.0
RP11-307C12.11 (ENSG00000232093),11088,2.0
RP11-407N17.5 (ENSG00000258940),11089,2.0
TUBA1B (ENSG00000123416),11090,2.0
TGFBRAP1 (ENSG00000135966),11091,2.0
RAP2C-AS1 (ENSG00000232160),11092,2.0
RHOB (ENSG00000143878),11093,2.0
CENPC (ENSG00000145241),11094,2.0
TSEN15 (ENSG00000198860),11095,2.0
MLH1 (ENSG00000076242),11096,2.0
RP11-795F19.5 (ENSG00000267127),11097,2.0
ARPIN (ENSG00000242498),11098,2.0
POLR3C (ENSG00000186141),11099,2.0
POLE3 (ENSG00000148229),11100,2.0
RACGAP1 (ENSG00000161800),11101,2.0
BDP1 (ENSG00000145734),11102,2.0
GNAS (ENSG00000087460),11103,2.0
IMPDH1 (ENSG00000106348),11104,2.0
RP11-1008C21.2 (ENSG00000236914),11105,2.0
UBL7 (ENSG00000138629),11106,2.0
RP11-452L6.5 (ENSG00000260267),11107,2.0
GPR161 (ENSG00000143147),11108,2.0
SPEN (ENSG00000065526),11109,2.0
RRM1 (ENSG00000167325),11110,2.0
RP11-235E17.2 (ENSG00000262304),11111,2.0
RP11-775C24.5 (ENSG00000277782),11112,2.0
NOL8 (ENSG00000198000),11113,2.0
CKAP2L (ENSG00000169607),11114,2.0
ZNF630 (ENSG00000221994),11115,2.0
PLP1 (ENSG00000123560),11116,3.0
TRAP1 (ENSG00000126602),11117,3.0
ANP32B (ENSG00000136938),11118,3.0
AC007403.2 (ENSG00000230525),11119,3.0
FAM35A (ENSG00000122376),11120,3.0
LIX1 (ENSG00000145721),11121,3.0
AC002310.7 (ENSG00000239791),11122,3.0
SLX1B (ENSG00000181625),11123,3.0
PPT2-EGFL8 (ENSG00000258388),11124,3.0
ZAP70 (ENSG00000115085),11125,3.0
SLC43A3 (ENSG00000134802),11126,3.0
ARNT2 (ENSG00000172379),11127,3.0
KIAA0907 (ENSG00000132680),11128,3.0
EMP2 (ENSG00000213853),11129,3.0
RP1-28O10.1 (ENSG00000227591),11130,3.0
SCFD2 (ENSG00000184178),11131,3.0
FAM216A (ENSG00000204856),11132,3.0
LRCH3 (ENSG00000186001),11133,3.0
RP11-347C12.11 (ENSG00000274653),11134,3.0
THAP7 (ENSG00000184436),11135,3.0
HAUS3 (ENSG00000214367),11136,3.0
PKNOX2 (ENSG00000165495),11137,3.0
ITGB1BP1 (ENSG00000119185),11138,3.0
RP11-414C23.1 (ENSG00000278847),11139,3.0
RPL4 (ENSG00000174444),11140,3.0
HOXB-AS3 (ENSG00000233101),11141,3.0
GPATCH11 (ENSG00000152133),11142,3.0
TUBGCP5 (ENSG00000275835),11143,3.0
NUMA1 (ENSG00000137497),11144,3.0
CCNB1IP1 (ENSG00000100814),11145,3.0
SOX10 (ENSG00000100146),11146,3.0
NT5C3A (ENSG00000122643),11147,3.0
REV1 (ENSG00000135945),11148,3.0
BLMH (ENSG00000108578),11149,3.0
NXT1 (ENSG00000132661),11150,3.0
VWA9 (ENSG00000138614),11151,3.0
WDR18 (ENSG00000065268),11152,3.0
CFC1 (ENSG00000136698),11153,3.0
CDC25C (ENSG00000158402),11154,3.0
MCM7 (ENSG00000166508),11155,3.0
RP5-1021I20.8 (ENSG00000273711),11156,3.0
MTFR1 (ENSG00000066855),11157,3.0
CBWD2 (ENSG00000136682),11158,3.0
RP11-1148L6.9 (ENSG00000204620),11159,3.0
DLEU2 (ENSG00000231607),11160,3.0
DNHD1 (ENSG00000179532),11161,3.0
S1PR2 (ENSG00000267534),11162,3.0
RP11-480C16.1 (ENSG00000272563),11163,3.0
ST3GAL6 (ENSG00000064225),11164,3.0
FANCA (ENSG00000187741),11165,3.0
PLIN2 (ENSG00000147872),11166,3.0
NANP (ENSG00000170191),11167,3.0
EPM2A (ENSG00000112425),11168,3.0
RP11-247A12.7 (ENSG00000268707),11169,3.0
CCDC74A (ENSG00000163040),11170,3.0
NAIP (ENSG00000249437),11171,3.0
JAG1 (ENSG00000101384),11172,3.0
RP11-586K2.1 (ENSG00000253553),11173,3.0
RPS3A (ENSG00000145425),11174,3.0
RP13-516M14.1 (ENSG00000260563),11175,3.0
PHKA1 (ENSG00000067177),11176,3.0
KIF6 (ENSG00000164627),11177,3.0
GEMIN5 (ENSG00000082516),11178,3.0
PLPPR4 (ENSG00000117600),11179,3.0
CCDC124 (ENSG00000007080),11180,3.0
RP11-286N22.8 (ENSG00000256591),11181,3.0
FAM86B1 (ENSG00000186523),11182,3.0
FBLN7 (ENSG00000144152),11183,3.0
CTD-2587M2.1 (ENSG00000249476),11184,3.0
CA7 (ENSG00000168748),11185,3.0
RGS20 (ENSG00000147509),11186,3.0
TOMM34 (ENSG00000025772),11187,3.0
CTD-2319I12.2 (ENSG00000267416),11188,3.0
SGMS1-AS1 (ENSG00000226200),11189,3.0
CPSF1 (ENSG00000071894),11190,3.0
GATM-AS1 (ENSG00000275672),11191,3.0
CMTM7 (ENSG00000153551),11192,3.0
RBBP4 (ENSG00000162521),11193,3.0
AC004893.11 (ENSG00000242687),11194,3.0
MECR (ENSG00000116353),11195,3.0
DOCK9 (ENSG00000088387),11196,3.0
MTBP (ENSG00000172167),11197,3.0
RNF157 (ENSG00000141576),11198,3.0
C4orf45 (ENSG00000164123),11199,3.0
ANKRD26 (ENSG00000107890),11200,3.0
SF1 (ENSG00000168066),11201,3.0
PHF6 (ENSG00000156531),11202,3.0
PIK3C2B (ENSG00000133056),11203,3.0
CDC23 (ENSG00000094880),11204,3.0
NKX2-5 (ENSG00000183072),11205,3.0
RP11-629O1.2 (ENSG00000261220),11206,3.0
ENPP3 (ENSG00000154269),11207,3.0
MESDC1 (ENSG00000140406),11208,3.0
E4F1 (ENSG00000167967),11209,3.0
CENPJ (ENSG00000151849),11210,3.0
LIPG (ENSG00000101670),11211,3.0
FADS1 (ENSG00000149485),11212,3.0
ETFA (ENSG00000140374),11213,3.0
ACYP1 (ENSG00000119640),11214,3.0
CERK (ENSG00000100422),11215,3.0
HIST1H3A (ENSG00000275714),11216,3.0
SYCE2 (ENSG00000161860),11217,3.0
LRP3 (ENSG00000130881),11218,3.0
HIRIP3 (ENSG00000149929),11219,3.0
PPP2R3C (ENSG00000092020),11220,3.0
RPPH1 (ENSG00000259001),11221,3.0
MTR (ENSG00000116984),11222,3.0
RP9 (ENSG00000164610),11223,3.0
SPSB4 (ENSG00000175093),11224,3.0
LRRCC1 (ENSG00000133739),11225,3.0
CBX3 (ENSG00000122565),11226,3.0
VWCE (ENSG00000167992),11227,3.0
SRGAP2B (ENSG00000196369),11228,3.0
POLD1 (ENSG00000062822),11229,3.0
RP5-991G20.1 (ENSG00000259768),11230,3.0
FANCM (ENSG00000187790),11231,3.0
TECRL (ENSG00000205678),11232,3.0
ASAP1 (ENSG00000153317),11233,3.0
C1orf174 (ENSG00000198912),11234,3.0
RAI1 (ENSG00000108557),11235,3.0
CTC-428G20.6 (ENSG00000271797),11236,3.0
LYL1 (ENSG00000104903),11237,3.0
C2orf48 (ENSG00000163009),11238,3.0
TUBB8 (ENSG00000261456),11239,3.0
GUCY1A2 (ENSG00000152402),11240,3.0
ARL10 (ENSG00000175414),11241,3.0
RP11-944C7.1 (ENSG00000258792),11242,3.0
ODF3L2 (ENSG00000181781),11243,3.0
LEF1 (ENSG00000138795),11244,3.0
PAFAH1B3 (ENSG00000079462),11245,3.0
LINC01572 (ENSG00000261008),11246,3.0
PRC1 (ENSG00000198901),11247,3.0
FGF5 (ENSG00000138675),11248,3.0
TMEM44 (ENSG00000145014),11249,3.0
RP3-483K16.4 (ENSG00000271367),11250,3.0
COPS8 (ENSG00000198612),11251,3.0
SIGMAR1 (ENSG00000147955),11252,3.0
RP11-867G23.8 (ENSG00000255468),11253,3.0
RALGDS (ENSG00000160271),11254,3.0
ADCK5 (ENSG00000173137),11255,3.0
ILF2 (ENSG00000143621),11256,3.0
RBBP7 (ENSG00000102054),11257,3.0
DCLRE1B (ENSG00000118655),11258,3.0
CCBE1 (ENSG00000183287),11259,3.0
ATAD2 (ENSG00000156802),11260,3.0
TMOD2 (ENSG00000128872),11261,3.0
PDDC1 (ENSG00000177225),11262,3.0
RIBC2 (ENSG00000128408),11263,3.0
AGER (ENSG00000204305),11264,3.0
SCNN1D (ENSG00000162572),11265,3.0
KB-1466C5.1 (ENSG00000273115),11266,3.0
CSRP3 (ENSG00000129170),11267,3.0
LRRC58 (ENSG00000163428),11268,3.0
RP11-666O2.2 (ENSG00000275441),11269,3.0
RP11-438L19.1 (ENSG00000272800),11270,3.0
HOTAIRM1 (ENSG00000233429),11271,3.0
MYOZ2 (ENSG00000172399),11272,3.0
H2AFY (ENSG00000113648),11273,3.0
CCDC81 (ENSG00000149201),11274,3.0
H1FX (ENSG00000184897),11275,3.0
PRMT1 (ENSG00000126457),11276,3.0
ALDH5A1 (ENSG00000112294),11277,3.0
NUDT11 (ENSG00000196368),11278,3.0
RGS13 (ENSG00000127074),11279,3.0
TP73-AS1 (ENSG00000227372),11280,3.0
SPATA5L1 (ENSG00000171763),11281,3.0
RB1 (ENSG00000139687),11282,3.0
RP11-73M18.10 (ENSG00000269910),11283,3.0
C14orf39 (ENSG00000179008),11284,3.0
SEPT10 (ENSG00000186522),11285,3.0
SMYD1 (ENSG00000115593),11286,3.0
C2orf82 (ENSG00000182600),11287,3.0
SCHIP1 (ENSG00000151967),11288,3.0
KIZ-AS1 (ENSG00000232712),11289,3.0
UNC45B (ENSG00000141161),11290,3.0
SCAF4 (ENSG00000156304),11291,3.0
MYL7 (ENSG00000106631),11292,3.0
ASXL1 (ENSG00000171456),11293,3.0
AC011043.1 (ENSG00000276256),11294,3.0
TBX1 (ENSG00000184058),11295,3.0
ERVK3-1 (ENSG00000142396),11296,3.0
KCNJ12 (ENSG00000184185),11297,3.0
RP11-95D17.1 (ENSG00000269973),11298,3.0
THAP9-AS1 (ENSG00000251022),11299,3.0
TIE1 (ENSG00000066056),11300,3.0
TMEM106C (ENSG00000134291),11301,3.0
RP11-401P9.4 (ENSG00000261685),11302,3.0
LIN54 (ENSG00000189308),11303,3.0
AC025171.1 (ENSG00000215068),11304,3.0
LL0XNC01-237H1.2 (ENSG00000239407),11305,3.0
SMURF1 (ENSG00000198742),11306,3.0
PXMP2 (ENSG00000176894),11307,3.0
LINC00574 (ENSG00000231690),11308,3.0
DET1 (ENSG00000140543),11309,3.0
CAND1 (ENSG00000111530),11310,3.0
CCDC67 (ENSG00000165325),11311,3.0
DDX41 (ENSG00000183258),11312,3.0
RP11-795F19.1 (ENSG00000261126),11313,3.0
RP5-1116H23.4 (ENSG00000278816),11314,3.0
MPDZ (ENSG00000107186),11315,3.0
RAE1 (ENSG00000101146),11316,3.0
ANAPC5 (ENSG00000089053),11317,3.0
NXPH2 (ENSG00000144227),11318,3.0
RHBDD1 (ENSG00000144468),11319,3.0
HPR (ENSG00000261701),11320,3.0
CTB-58E17.3 (ENSG00000275532),11321,3.0
TUBGCP4 (ENSG00000137822),11322,3.0
MSH5 (ENSG00000204410),11323,3.0
RGS5 (ENSG00000143248),11324,3.0
RP11-728F11.4 (ENSG00000254528),11325,3.0
SPECC1L (ENSG00000100014),11326,3.0
RP11-1055B8.9 (ENSG00000275966),11327,3.0
SNAP25-AS1 (ENSG00000227906),11328,3.0
H2AFY2 (ENSG00000099284),11329,3.0
KMT5A (ENSG00000183955),11330,3.0
TBXAS1 (ENSG00000059377),11331,3.0
EIF2B1 (ENSG00000111361),11332,3.0
AHI1 (ENSG00000135541),11333,3.0
SCLT1 (ENSG00000151466),11334,3.0
RP11-141B14.1 (ENSG00000270019),11335,3.0
NCAPH2 (ENSG00000025770),11336,3.0
HAS2-AS1 (ENSG00000248690),11337,3.0
CYYR1 (ENSG00000166265),11338,3.0
HNRNPUL1 (ENSG00000105323),11339,3.0
ENO3 (ENSG00000108515),11340,3.0
ATP6V0C (ENSG00000185883),11341,3.0
RP1-257A7.5 (ENSG00000272379),11342,3.0
HADH (ENSG00000138796),11343,3.0
STK17B (ENSG00000081320),11344,3.0
ALG1L2 (ENSG00000251287),11345,3.0
PRKACA (ENSG00000072062),11346,3.0
ZNF556 (ENSG00000172000),11347,3.0
AC004381.6 (ENSG00000005189),11348,3.0
SNHG15 (ENSG00000232956),11349,3.0
MAPK12 (ENSG00000188130),11350,3.0
AC002454.1 (ENSG00000237819),11351,3.0
MRPS5 (ENSG00000144029),11352,3.0
WNT5A-AS1 (ENSG00000244586),11353,3.0
AC092667.2 (ENSG00000230393),11354,3.0
HDDC2 (ENSG00000111906),11355,3.0
SPDYE3 (ENSG00000214300),11356,3.0
TNFRSF1B (ENSG00000028137),11357,3.0
EIF2S3L (ENSG00000180574),11358,3.0
PDE10A (ENSG00000112541),11359,3.0
DDHD1 (ENSG00000100523),11360,3.0
SNTB2 (ENSG00000168807),11361,3.0
PBK (ENSG00000168078),11362,3.0
LL0XNC01-116E7.2 (ENSG00000231728),11363,3.0
RP11-629G13.1 (ENSG00000247416),11364,3.0
TMEM109 (ENSG00000110108),11365,3.0
FOXL1 (ENSG00000176678),11366,3.0
NR0B1 (ENSG00000169297),11367,3.0
CEP128 (ENSG00000100629),11368,3.0
GCFC2 (ENSG00000005436),11369,3.0
CENPT (ENSG00000102901),11370,3.0
IGDCC3 (ENSG00000174498),11371,3.0
OSGEPL1 (ENSG00000128694),11372,3.0
MPPED1 (ENSG00000186732),11373,3.0
DNAJA1 (ENSG00000086061),11374,3.0
LBHD1 (ENSG00000162194),11375,3.0
MTX2 (ENSG00000128654),11376,3.0
RP5-1057I20.4 (ENSG00000268069),11377,3.0
MTRNR2L1 (ENSG00000256618),11378,3.0
FAM132B (ENSG00000178752),11379,3.0
HMGXB4 (ENSG00000100281),11380,3.0
LINC00924 (ENSG00000259134),11381,3.0
RAD9A (ENSG00000172613),11382,3.0
CEP250 (ENSG00000126001),11383,3.0
MTA1 (ENSG00000182979),11384,3.0
RP11-378J18.8 (ENSG00000272750),11385,3.0
SOHLH2 (ENSG00000120669),11386,3.0
ABHD3 (ENSG00000158201),11387,3.0
KANSL3 (ENSG00000114982),11388,3.0
ARHGAP11B (ENSG00000187951),11389,3.0
TTLL5 (ENSG00000119685),11390,3.0
FITM1 (ENSG00000139914),11391,3.0
POLN (ENSG00000130997),11392,3.0
POPDC3 (ENSG00000132429),11393,3.0
ITGA9 (ENSG00000144668),11394,3.0
ZNF781 (ENSG00000196381),11395,3.0
ZNF131 (ENSG00000172262),11396,3.0
ADAM15 (ENSG00000143537),11397,3.0
RP11-290D2.6 (ENSG00000273149),11398,3.0
HAGHL (ENSG00000103253),11399,3.0
UTS2 (ENSG00000049247),11400,3.0
ZNF490 (ENSG00000188033),11401,3.0
ENTPD1-AS1 (ENSG00000226688),11402,3.0
THEM6 (ENSG00000130193),11403,3.0
ASB13 (ENSG00000196372),11404,3.0
AC104532.4 (ENSG00000267571),11405,3.0
RP11-386G11.10 (ENSG00000258017),11406,3.0
MRPL40 (ENSG00000185608),11407,3.0
RP11-428K3.1 (ENSG00000273062),11408,3.0
CTD-3105H18.14 (ENSG00000268744),11409,3.0
TFAP4 (ENSG00000090447),11410,3.0
SFI1 (ENSG00000198089),11411,3.0
CH507-254M2.3 (ENSG00000280164),11412,3.0
HOXA2 (ENSG00000105996),11413,3.0
GAS2L3 (ENSG00000139354),11414,3.0
ESM1 (ENSG00000164283),11415,3.0
RP11-497H16.9 (ENSG00000269983),11416,3.0
BCAT2 (ENSG00000105552),11417,3.0
NNT-AS1 (ENSG00000248092),11418,3.0
UQCRC1 (ENSG00000010256),11419,3.0
RP11-488C13.5 (ENSG00000258301),11420,3.0
DCST2 (ENSG00000163354),11421,3.0
FGF10 (ENSG00000070193),11422,3.0
HSPBP1 (ENSG00000133265),11423,3.0
RP11-481J2.4 (ENSG00000276259),11424,3.0
POLD2 (ENSG00000106628),11425,3.0
RFXAP (ENSG00000133111),11426,3.0
SLC9B2 (ENSG00000164038),11427,3.0
ISOC1 (ENSG00000066583),11428,3.0
GRHPR (ENSG00000137106),11429,3.0
PLEKHG4 (ENSG00000196155),11430,3.0
ALKBH2 (ENSG00000189046),11431,3.0
TEX12 (ENSG00000150783),11432,3.0
SCAMP3 (ENSG00000116521),11433,3.0
NRG2 (ENSG00000158458),11434,3.0
ZNF24 (ENSG00000172466),11435,3.0
TMEM88 (ENSG00000167874),11436,3.0
CTB-25B13.5 (ENSG00000268798),11437,3.0
RAB3C (ENSG00000152932),11438,3.0
GP1BA (ENSG00000185245),11439,3.0
ADARB2 (ENSG00000185736),11440,3.0
RAD9B (ENSG00000151164),11441,3.0
MMAB (ENSG00000139428),11442,3.0
LINC00852 (ENSG00000231177),11443,3.0
GNLY (ENSG00000115523),11444,3.0
CEP41 (ENSG00000106477),11445,3.0
ATP9B (ENSG00000166377),11446,3.0
RP11-767C1.2 (ENSG00000272263),11447,3.0
GPR155 (ENSG00000163328),11448,3.0
IL12A (ENSG00000168811),11449,3.0
BMP5 (ENSG00000112175),11450,3.0
CTC-499B15.5 (ENSG00000197332),11451,3.0
RP11-157P1.4 (ENSG00000226332),11452,3.0
RP11-399E6.1 (ENSG00000235358),11453,3.0
BVES-AS1 (ENSG00000203808),11454,3.0
RP11-294J22.6 (ENSG00000262967),11455,3.0
CTD-3110H11.1 (ENSG00000259715),11456,3.0
SMDT1 (ENSG00000183172),11457,3.0
PRDM12 (ENSG00000130711),11458,3.0
RP11-370I10.12 (ENSG00000269514),11459,3.0
FBXW9 (ENSG00000132004),11460,3.0
KIAA0226L (ENSG00000102445),11461,3.0
RPS3 (ENSG00000149273),11462,3.0
KCNQ5 (ENSG00000185760),11463,3.0
KCNAB2 (ENSG00000069424),11464,3.0
KCNC1 (ENSG00000129159),11465,3.0
NOTUM (ENSG00000185269),11466,3.0
BCS1L (ENSG00000074582),11467,3.0
RP11-462L8.1 (ENSG00000229656),11468,3.0
FAM81A (ENSG00000157470),11469,3.0
PHF19 (ENSG00000119403),11470,3.0
MXD3 (ENSG00000213347),11471,3.0
KBTBD11 (ENSG00000176595),11472,3.0
PTCH1 (ENSG00000185920),11473,3.0
RP11-90J7.2 (ENSG00000229543),11474,3.0
NME4 (ENSG00000103202),11475,3.0
SEPT7-AS1 (ENSG00000228878),11476,3.0
HEY2 (ENSG00000135547),11477,3.0
FGFRL1 (ENSG00000127418),11478,3.0
ITPRIPL1 (ENSG00000198885),11479,3.0
RP11-287D1.2 (ENSG00000279070),11480,3.0
CSPP1 (ENSG00000104218),11481,3.0
SPON1 (ENSG00000262655),11482,3.0
BCHE (ENSG00000114200),11483,3.0
RP11-332H14.2 (ENSG00000272994),11484,3.0
RP5-991G20.2 (ENSG00000259209),11485,3.0
SHBG (ENSG00000129214),11486,3.0
TMEM31 (ENSG00000179363),11487,3.0
MEF2C-AS1 (ENSG00000248309),11488,3.0
ZSCAN16-AS1 (ENSG00000269293),11489,3.0
RP11-255M2.3 (ENSG00000277654),11490,3.0
HES4 (ENSG00000188290),11491,3.0
MBLAC2 (ENSG00000176055),11492,3.0
LINC01088 (ENSG00000249307),11493,3.0
MTSS1L (ENSG00000132613),11494,3.0
S100B (ENSG00000160307),11495,3.0
ZMYM6 (ENSG00000163867),11496,3.0
KLHL31 (ENSG00000124743),11497,3.0
NONO (ENSG00000147140),11498,3.0
RP11-528I4.2 (ENSG00000272969),11499,3.0
FAM217B (ENSG00000196227),11500,3.0
MPST (ENSG00000128309),11501,3.0
FAM27C (ENSG00000154537),11502,3.0
MINCR (ENSG00000253716),11503,3.0
RP11-834C11.5 (ENSG00000250432),11504,3.0
AKT2 (ENSG00000105221),11505,3.0
SLC2A4 (ENSG00000181856),11506,3.0
RP11-20I23.6 (ENSG00000261140),11507,3.0
SLC25A17 (ENSG00000100372),11508,3.0
CD48 (ENSG00000117091),11509,3.0
ERCC1 (ENSG00000012061),11510,3.0
RP11-589C21.6 (ENSG00000271938),11511,3.0
AC133528.2 (ENSG00000228989),11512,3.0
AGBL5-AS1 (ENSG00000231636),11513,3.0
RP11-617F23.1 (ENSG00000259291),11514,3.0
DDX10 (ENSG00000178105),11515,3.0
PCDHGB4 (ENSG00000253953),11516,3.0
HOXB2 (ENSG00000173917),11517,3.0
FAM89B (ENSG00000176973),11518,3.0
RP11-231C14.7 (ENSG00000198106),11519,3.0
ZNF516 (ENSG00000101493),11520,3.0
RP4-790G17.7 (ENSG00000276110),11521,3.0
AF129408.17 (ENSG00000272991),11522,3.0
MYLK-AS1 (ENSG00000239523),11523,3.0
KIAA1755 (ENSG00000149633),11524,3.0
DGKH (ENSG00000102780),11525,3.0
PEMT (ENSG00000133027),11526,3.0
MYOT (ENSG00000120729),11527,3.0
MDK (ENSG00000110492),11528,3.0
CDK6 (ENSG00000105810),11529,3.0
RPS6KA5 (ENSG00000100784),11530,3.0
KCNT2 (ENSG00000162687),11531,3.0
MEIS1-AS2 (ENSG00000230749),11532,3.0
IKBIP (ENSG00000166130),11533,3.0
CTD-2105E13.16 (ENSG00000276831),11534,3.0
PHLDB1 (ENSG00000019144),11535,3.0
FAHD1 (ENSG00000180185),11536,3.0
SIRPA (ENSG00000198053),11537,3.0
CUEDC2 (ENSG00000107874),11538,3.0
TAF3 (ENSG00000165632),11539,3.0
SENCR (ENSG00000254703),11540,3.0
CPT2 (ENSG00000157184),11541,3.0
THEM4 (ENSG00000159445),11542,3.0
GYPC (ENSG00000136732),11543,3.0
PPP1R3C (ENSG00000119938),11544,3.0
MAGED4 (ENSG00000154545),11545,3.0
C15orf61 (ENSG00000189227),11546,3.0
TRIM9 (ENSG00000100505),11547,3.0
ALOX5AP (ENSG00000132965),11548,3.0
G6PD (ENSG00000160211),11549,3.0
RNASEH2B-AS1 (ENSG00000233672),11550,3.0
ATF7IP2 (ENSG00000166669),11551,3.0
RP11-927P21.1 (ENSG00000265218),11552,3.0
RP11-715J22.2 (ENSG00000259895),11553,3.0
PYGO1 (ENSG00000171016),11554,3.0
FAM189B (ENSG00000160767),11555,3.0
ARL6IP4 (ENSG00000182196),11556,3.0
LGI4 (ENSG00000153902),11557,3.0
CPSF7 (ENSG00000149532),11558,3.0
GSTO1 (ENSG00000148834),11559,3.0
BZW2 (ENSG00000136261),11560,3.0
RP11-449P15.2 (ENSG00000273151),11561,3.0
VKORC1 (ENSG00000167397),11562,3.0
TENM4 (ENSG00000149256),11563,3.0
ALKBH3 (ENSG00000166199),11564,3.0
RP11-637O19.2 (ENSG00000235051),11565,3.0
NPL (ENSG00000135838),11566,3.0
RP11-282O18.3 (ENSG00000235423),11567,3.0
LINC01372 (ENSG00000235475),11568,3.0
LINC01285 (ENSG00000203650),11569,3.0
PEG3 (ENSG00000198300),11570,3.0
SETMAR (ENSG00000170364),11571,3.0
RP11-543C4.1 (ENSG00000247970),11572,3.0
CITED1 (ENSG00000125931),11573,3.0
CDK10 (ENSG00000185324),11574,3.0
RP11-544I20.2 (ENSG00000214770),11575,3.0
NAV2-AS3 (ENSG00000254542),11576,3.0
OVOS2 (ENSG00000177359),11577,3.0
TARID (ENSG00000227954),11578,3.0
CCT8 (ENSG00000156261),11579,3.0
KIAA1429 (ENSG00000164944),11580,3.0
C9orf50 (ENSG00000179058),11581,3.0
MACROD1 (ENSG00000133315),11582,3.0
RP1-228P16.8 (ENSG00000276814),11583,3.0
FAM43B (ENSG00000183114),11584,3.0
MYL10 (ENSG00000106436),11585,3.0
EPHB2 (ENSG00000133216),11586,3.0
DGKI (ENSG00000157680),11587,3.0
CTB-152G17.6 (ENSG00000272918),11588,3.0
USP18 (ENSG00000184979),11589,3.0
MKLN1 (ENSG00000128585),11590,3.0
GPSM3 (ENSG00000213654),11591,3.0
GSG2 (ENSG00000177602),11592,3.0
MDH2 (ENSG00000146701),11593,3.0
PRPS2 (ENSG00000101911),11594,3.0
USP19 (ENSG00000172046),11595,3.0
SKOR1 (ENSG00000188779),11596,3.0
POLH (ENSG00000170734),11597,3.0
PTN (ENSG00000105894),11598,3.0
UNC5C (ENSG00000182168),11599,3.0
GATA6 (ENSG00000141448),11600,3.0
BAZ1A (ENSG00000198604),11601,3.0
SYCP2L (ENSG00000153157),11602,3.0
COG2 (ENSG00000135775),11603,3.0
SHANK3 (ENSG00000251322),11604,3.0
BVES (ENSG00000112276),11605,3.0
RP11-381P6.1 (ENSG00000264660),11606,3.0
ADAMTS8 (ENSG00000134917),11607,3.0
MGC16275 (ENSG00000246731),11608,3.0
MLLT3 (ENSG00000171843),11609,3.0
PSMA6 (ENSG00000100902),11610,3.0
RP11-91I8.1 (ENSG00000261627),11611,3.0
TUB (ENSG00000166402),11612,3.0
RP1-261G23.7 (ENSG00000272114),11613,3.0
FAM168B (ENSG00000152102),11614,3.0
RP11-345P4.10 (ENSG00000272004),11615,3.0
CALML4 (ENSG00000129007),11616,3.0
DGCR6L (ENSG00000128185),11617,3.0
MICAL2 (ENSG00000133816),11618,3.0
TARS2 (ENSG00000143374),11619,3.0
PRR35 (ENSG00000161992),11620,3.0
AAAS (ENSG00000094914),11621,3.0
DOCK9-AS2 (ENSG00000260992),11622,3.0
SYNPO2L (ENSG00000166317),11623,3.0
NEURL1B (ENSG00000214357),11624,3.0
USP40 (ENSG00000085982),11625,3.0
DNAJC17 (ENSG00000104129),11626,3.0
PM20D2 (ENSG00000146281),11627,3.0
MGAT3 (ENSG00000128268),11628,3.0
RP11-48B3.5 (ENSG00000251867),11629,3.0
RCVRN (ENSG00000109047),11630,3.0
RP11-110G21.1 (ENSG00000228801),11631,3.0
DCXR (ENSG00000169738),11632,3.0
RP11-800A3.7 (ENSG00000257038),11633,3.0
SEPT1 (ENSG00000180096),11634,3.0
GPHN (ENSG00000171723),11635,3.0
VPS54 (ENSG00000143952),11636,3.0
DANT2 (ENSG00000235244),11637,3.0
RP11-138I1.4 (ENSG00000265401),11638,3.0
ARHGAP21 (ENSG00000107863),11639,3.0
ABCA7 (ENSG00000064687),11640,3.0
MYC (ENSG00000136997),11641,3.0
CPA1 (ENSG00000091704),11642,3.0
CTC-529I10.1 (ENSG00000275413),11643,3.0
RBM20 (ENSG00000203867),11644,3.0
CD6 (ENSG00000013725),11645,3.0
AC018816.3 (ENSG00000235978),11646,3.0
RP11-551L14.4 (ENSG00000226472),11647,3.0
MLXIP (ENSG00000175727),11648,3.0
NRP1 (ENSG00000099250),11649,3.0
RP11-679C8.2 (ENSG00000250938),11650,3.0
LSM11 (ENSG00000155858),11651,3.0
EIF3CL (ENSG00000205609),11652,3.0
IL17RB (ENSG00000056736),11653,3.0
LA16c-390H2.4 (ENSG00000262312),11654,3.0
HEY1 (ENSG00000164683),11655,3.0
OGFOD3 (ENSG00000181396),11656,3.0
RP3-337H4.9 (ENSG00000271754),11657,3.0
ULK2 (ENSG00000083290),11658,3.0
AK2 (ENSG00000004455),11659,3.0
MT-CO1 (ENSG00000198804),11660,3.0
RP11-834C11.6 (ENSG00000249388),11661,3.0
SOX8 (ENSG00000005513),11662,3.0
INSC (ENSG00000188487),11663,3.0
RIN3 (ENSG00000100599),11664,3.0
MEIS1 (ENSG00000143995),11665,3.0
IDH2 (ENSG00000182054),11666,3.0
HAGLROS (ENSG00000226363),11667,3.0
SENP3 (ENSG00000161956),11668,3.0
AKR7A2 (ENSG00000053371),11669,3.0
HOXB9 (ENSG00000170689),11670,3.0
MEN1 (ENSG00000133895),11671,3.0
EGFL8 (ENSG00000241404),11672,3.0
NPM1 (ENSG00000181163),11673,3.0
UBXN2A (ENSG00000173960),11674,3.0
CUL9 (ENSG00000112659),11675,3.0
AC144449.1 (ENSG00000231969),11676,3.0
STAG1 (ENSG00000118007),11677,3.0
LRFN1 (ENSG00000128011),11678,3.0
DIP2C (ENSG00000151240),11679,3.0
S1PR5 (ENSG00000180739),11680,3.0
ADCK3 (ENSG00000163050),11681,3.0
TMEM185A (ENSG00000269556),11682,3.0
SMYD2 (ENSG00000143499),11683,3.0
SLF2 (ENSG00000119906),11684,3.0
SAC3D1 (ENSG00000168061),11685,3.0
KCTD19 (ENSG00000168676),11686,3.0
RP1-20C7.6 (ENSG00000272223),11687,3.0
UBL4A (ENSG00000102178),11688,3.0
LINC01023 (ENSG00000272523),11689,3.0
C1orf159 (ENSG00000131591),11690,3.0
CRB2 (ENSG00000148204),11691,3.0
RADIL (ENSG00000157927),11692,3.0
TAB1 (ENSG00000100324),11693,3.0
DKFZP434A062 (ENSG00000262075),11694,3.0
SLC31A2 (ENSG00000136867),11695,3.0
AC097662.2 (ENSG00000236432),11696,3.0
ITGA4 (ENSG00000115232),11697,3.0
NIPSNAP3A (ENSG00000136783),11698,3.0
ETS2 (ENSG00000157557),11699,3.0
RP11-96K19.5 (ENSG00000273010),11700,3.0
KB-1592A4.15 (ENSG00000197210),11701,3.0
ACTA2 (ENSG00000107796),11702,3.0
DFNA5 (ENSG00000105928),11703,3.0
PLGLB1 (ENSG00000183281),11704,3.0
GATA6-AS1 (ENSG00000266010),11705,3.0
CHRNA7 (ENSG00000175344),11706,3.0
DEPDC4 (ENSG00000166153),11707,3.0
SYCE1L (ENSG00000205078),11708,3.0
UBE2Q2L (ENSG00000259511),11709,3.0
MC4R (ENSG00000166603),11710,3.0
DOK4 (ENSG00000125170),11711,3.0
FZD10 (ENSG00000111432),11712,3.0
SEPT9 (ENSG00000184640),11713,3.0
ELOVL2 (ENSG00000197977),11714,3.0
HEG1 (ENSG00000173706),11715,3.0
SEPT11 (ENSG00000138758),11716,3.0
TMEM235 (ENSG00000204278),11717,3.0
SH3PXD2A (ENSG00000107957),11718,3.0
RRP8 (ENSG00000132275),11719,3.0
BTBD8 (ENSG00000189195),11720,3.0
TMPRSS5 (ENSG00000166682),11721,3.0
EDNRB (ENSG00000136160),11722,3.0
CDC25B (ENSG00000101224),11723,3.0
FAM157C (ENSG00000260528),11724,3.0
CNTROB (ENSG00000170037),11725,3.0
SEC31B (ENSG00000075826),11726,3.0
CTC-360G5.9 (ENSG00000269486),11727,3.0
COQ5 (ENSG00000110871),11728,3.0
MON1A (ENSG00000164077),11729,3.0
RP11-373N22.3 (ENSG00000247199),11730,3.0
BMP4 (ENSG00000125378),11731,3.0
SLC45A3 (ENSG00000158715),11732,3.0
EEF1D (ENSG00000104529),11733,3.0
SFTPD-AS1 (ENSG00000273372),11734,3.0
FBXO24 (ENSG00000106336),11735,3.0
MEF2C (ENSG00000081189),11736,3.0
SLC10A5 (ENSG00000253598),11737,3.0
LINC01465 (ENSG00000221949),11738,3.0
LCN1 (ENSG00000160349),11739,3.0
C9orf3 (ENSG00000148120),11740,3.0
HNRNPA1 (ENSG00000135486),11741,3.0
RP11-385F5.5 (ENSG00000273058),11742,3.0
ARHGAP33 (ENSG00000004777),11743,3.0
PARD3-AS1 (ENSG00000226386),11744,3.0
ZNF197 (ENSG00000186448),11745,3.0
ITPR1 (ENSG00000150995),11746,3.0
C16orf74 (ENSG00000154102),11747,3.0
GNB2L1 (ENSG00000204628),11748,3.0
GFY (ENSG00000261949),11749,3.0
RP11-706O15.1 (ENSG00000205664),11750,3.0
MPZ (ENSG00000158887),11751,3.0
SNHG25 (ENSG00000266402),11752,3.0
MICAL3 (ENSG00000243156),11753,3.0
RP1-168L15.5 (ENSG00000261420),11754,3.0
RP1-120G22.11 (ENSG00000226944),11755,3.0
RP11-70P17.1 (ENSG00000225643),11756,3.0
CSMD1 (ENSG00000183117),11757,3.0
POLR2J3 (ENSG00000168255),11758,3.0
TRPM5 (ENSG00000070985),11759,3.0
FAM69B (ENSG00000165716),11760,3.0
C19orf43 (ENSG00000123144),11761,3.0
LINC00680 (ENSG00000215190),11762,3.0
RP11-567C2.1 (ENSG00000257194),11763,3.0
LINC00887 (ENSG00000214145),11764,3.0
RPL10 (ENSG00000147403),11765,3.0
PRELP (ENSG00000188783),11766,3.0
SLC25A6 (ENSG00000169100),11767,3.0
CUX1 (ENSG00000257923),11768,3.0
CTC-301O7.4 (ENSG00000197813),11769,3.0
SLCO5A1 (ENSG00000137571),11770,3.0
C20orf144 (ENSG00000149609),11771,3.0
NDP (ENSG00000124479),11772,3.0
NMT2 (ENSG00000152465),11773,3.0
EVC2 (ENSG00000173040),11774,3.0
TYMP (ENSG00000025708),11775,3.0
SCML1 (ENSG00000047634),11776,3.0
CRHBP (ENSG00000145708),11777,3.0
SLC25A3 (ENSG00000075415),11778,3.0
GDNF-AS1 (ENSG00000248587),11779,3.0
C9orf9 (ENSG00000165698),11780,3.0
LGALS9 (ENSG00000168961),11781,3.0
CEP57L1 (ENSG00000183137),11782,3.0
AC007228.9 (ENSG00000268568),11783,3.0
EIF2D (ENSG00000143486),11784,3.0
ITGA8 (ENSG00000077943),11785,3.0
ECE1 (ENSG00000117298),11786,3.0
TBL3 (ENSG00000183751),11787,3.0
TMEM51 (ENSG00000171729),11788,3.0
CCDC89 (ENSG00000179071),11789,3.0
SRR (ENSG00000167720),11790,3.0
FENDRR (ENSG00000268388),11791,3.0
RP11-31F15.2 (ENSG00000238198),11792,3.0
SIAH2 (ENSG00000181788),11793,3.0
TSC2 (ENSG00000103197),11794,3.0
FAM188B (ENSG00000106125),11795,3.0
LRRN4 (ENSG00000125872),11796,3.0
FOXF1 (ENSG00000103241),11797,3.0
IL17D (ENSG00000172458),11798,3.0
AKAP4 (ENSG00000147081),11799,3.0
FAM78B (ENSG00000188859),11800,3.0
CEP89 (ENSG00000121289),11801,4.0
BISPR (ENSG00000282851),11802,4.0
RPL3 (ENSG00000100316),11803,4.0
PARVB (ENSG00000188677),11804,4.0
FHIT (ENSG00000189283),11805,4.0
GUCY1A3 (ENSG00000164116),11806,4.0
DCTN3 (ENSG00000137100),11807,4.0
NOD1 (ENSG00000106100),11808,4.0
RELN (ENSG00000189056),11809,4.0
RP11-115C10.1 (ENSG00000254607),11810,4.0
WDR31 (ENSG00000148225),11811,4.0
CKMT2-AS1 (ENSG00000247572),11812,4.0
RP11-78O7.2 (ENSG00000270091),11813,4.0
LINC00863 (ENSG00000224914),11814,4.0
RPL5 (ENSG00000122406),11815,4.0
FAH (ENSG00000103876),11816,4.0
RILPL1 (ENSG00000188026),11817,4.0
KCTD15 (ENSG00000153885),11818,4.0
RP11-35O15.1 (ENSG00000259424),11819,4.0
DIS3L2 (ENSG00000144535),11820,4.0
CMTM3 (ENSG00000140931),11821,4.0
RPL6 (ENSG00000089009),11822,4.0
DENND2A (ENSG00000146966),11823,4.0
PLEKHO1 (ENSG00000023902),11824,4.0
HOXB8 (ENSG00000120068),11825,4.0
PLXNA2 (ENSG00000076356),11826,4.0
RP11-923I11.6 (ENSG00000261586),11827,4.0
TPM2 (ENSG00000198467),11828,4.0
TYROBP (ENSG00000011600),11829,4.0
CYB5R3 (ENSG00000100243),11830,4.0
CLEC11A (ENSG00000105472),11831,4.0
ZNF276 (ENSG00000158805),11832,4.0
SPATA9 (ENSG00000145757),11833,4.0
BNC1 (ENSG00000169594),11834,4.0
SLA (ENSG00000155926),11835,4.0
PAPPA (ENSG00000182752),11836,4.0
RP11-521O16.1 (ENSG00000260634),11837,4.0
HOXB6 (ENSG00000108511),11838,4.0
SLC25A40 (ENSG00000075303),11839,4.0
FREM1 (ENSG00000164946),11840,4.0
CDK2 (ENSG00000123374),11841,4.0
NDUFV1 (ENSG00000167792),11842,4.0
RP11-2E11.6 (ENSG00000270823),11843,4.0
FAM92A1 (ENSG00000188343),11844,4.0
STX8 (ENSG00000170310),11845,4.0
EFNB3 (ENSG00000108947),11846,4.0
C20orf166-AS1 (ENSG00000174403),11847,4.0
TMEM5 (ENSG00000118600),11848,4.0
RP11-477N3.1 (ENSG00000272156),11849,4.0
TMEM215 (ENSG00000188133),11850,4.0
AMHR2 (ENSG00000135409),11851,4.0
HAND1 (ENSG00000113196),11852,4.0
ABCB8 (ENSG00000197150),11853,4.0
L3HYPDH (ENSG00000126790),11854,4.0
MTDH (ENSG00000147649),11855,4.0
KAT2A (ENSG00000108773),11856,4.0
RP11-324L17.1 (ENSG00000272551),11857,4.0
PTCH2 (ENSG00000117425),11858,4.0
STX18 (ENSG00000168818),11859,4.0
DGKZ (ENSG00000149091),11860,4.0
AKR1B15 (ENSG00000227471),11861,4.0
RGS1 (ENSG00000090104),11862,4.0
RP5-965G21.6 (ENSG00000276952),11863,4.0
RP11-410K21.2 (ENSG00000232896),11864,4.0
CD96 (ENSG00000153283),11865,4.0
ISYNA1 (ENSG00000105655),11866,4.0
IRS1 (ENSG00000169047),11867,4.0
ANKRD36B (ENSG00000196912),11868,4.0
TECR (ENSG00000099797),11869,4.0
LIN52 (ENSG00000205659),11870,4.0
MAMDC4 (ENSG00000177943),11871,4.0
SYT15 (ENSG00000204176),11872,4.0
ZNF785 (ENSG00000197162),11873,4.0
LINC00504 (ENSG00000248360),11874,4.0
TCF21 (ENSG00000118526),11875,4.0
ERCC6L2 (ENSG00000182150),11876,4.0
COLEC11 (ENSG00000118004),11877,4.0
RP11-65J3.3 (ENSG00000230676),11878,4.0
LINC00629 (ENSG00000227060),11879,4.0
GFRA3 (ENSG00000146013),11880,4.0
ZNF324 (ENSG00000083812),11881,4.0
CES1 (ENSG00000198848),11882,4.0
DACT3-AS1 (ENSG00000245598),11883,4.0
NID1 (ENSG00000116962),11884,4.0
CYP2A6 (ENSG00000255974),11885,4.0
IP6K3 (ENSG00000161896),11886,4.0
AC005932.1 (ENSG00000269019),11887,4.0
ZNF703 (ENSG00000183779),11888,4.0
TMEM98 (ENSG00000006042),11889,4.0
PRRT4 (ENSG00000224940),11890,4.0
MRAP2 (ENSG00000135324),11891,4.0
PRSS57 (ENSG00000185198),11892,4.0
RP11-439M11.1 (ENSG00000271947),11893,4.0
ISM1 (ENSG00000101230),11894,4.0
INTS4 (ENSG00000149262),11895,4.0
C5orf66 (ENSG00000224186),11896,4.0
ENGASE (ENSG00000167280),11897,4.0
GORAB (ENSG00000120370),11898,4.0
ZZEF1 (ENSG00000074755),11899,4.0
RP11-834C11.8 (ENSG00000248576),11900,4.0
MYL4 (ENSG00000198336),11901,4.0
CAHM (ENSG00000270419),11902,4.0
HLX (ENSG00000136630),11903,4.0
PROK1 (ENSG00000143125),11904,4.0
HOXD9 (ENSG00000128709),11905,4.0
DGAT1 (ENSG00000185000),11906,4.0
HBZ (ENSG00000130656),11907,4.0
FAM13A (ENSG00000138640),11908,4.0
MRPL2 (ENSG00000112651),11909,4.0
STMND1 (ENSG00000230873),11910,4.0
SVEP1 (ENSG00000165124),11911,4.0
ENTPD3 (ENSG00000168032),11912,4.0
PTK6 (ENSG00000101213),11913,4.0
FOXP4-AS1 (ENSG00000234753),11914,4.0
HOXB3 (ENSG00000120093),11915,4.0
VEGFC (ENSG00000150630),11916,4.0
RP11-54O7.2 (ENSG00000241180),11917,4.0
CTB-158E9.1 (ENSG00000254293),11918,4.0
GDF7 (ENSG00000143869),11919,4.0
RP11-676J15.1 (ENSG00000263958),11920,4.0
AC009133.21 (ENSG00000275857),11921,4.0
XXbac-BPG252P9.9 (ENSG00000272540),11922,4.0
ANO1 (ENSG00000131620),11923,4.0
RP11-120K24.3 (ENSG00000267868),11924,4.0
SAMM50 (ENSG00000100347),11925,4.0
HOXA13 (ENSG00000106031),11926,4.0
PLLP (ENSG00000102934),11927,4.0
NDUFAF3 (ENSG00000178057),11928,4.0
SLITRK5 (ENSG00000165300),11929,4.0
SLC9A3R1 (ENSG00000109062),11930,4.0
RIC8A (ENSG00000177963),11931,4.0
LDLRAP1 (ENSG00000157978),11932,4.0
COLQ (ENSG00000206561),11933,4.0
BRICD5 (ENSG00000182685),11934,4.0
SRGN (ENSG00000122862),11935,4.0
CTB-147N14.6 (ENSG00000275719),11936,4.0
RP11-791G15.2 (ENSG00000272275),11937,4.0
LACE1 (ENSG00000135537),11938,4.0
CORO6 (ENSG00000167549),11939,4.0
RAB7B (ENSG00000276600),11940,4.0
HEMK1 (ENSG00000114735),11941,4.0
ARHGAP9 (ENSG00000123329),11942,4.0
ASPG (ENSG00000166183),11943,4.0
RP3-461F17.3 (ENSG00000268439),11944,4.0
CLEC1B (ENSG00000165682),11945,4.0
NNT (ENSG00000112992),11946,4.0
NFIL3 (ENSG00000165030),11947,4.0
FBXO17 (ENSG00000269190),11948,4.0
TNNT2 (ENSG00000118194),11949,4.0
RP5-1096D14.6 (ENSG00000203593),11950,4.0
RP11-214O1.3 (ENSG00000266378),11951,4.0
KRT14 (ENSG00000186847),11952,4.0
ETS1 (ENSG00000134954),11953,4.0
HOXC-AS1 (ENSG00000250451),11954,4.0
SARM1 (ENSG00000004139),11955,4.0
KB-1460A1.5 (ENSG00000261087),11956,4.0
NID2 (ENSG00000087303),11957,4.0
CHRDL2 (ENSG00000054938),11958,4.0
NOC4L (ENSG00000184967),11959,4.0
RALY (ENSG00000125970),11960,4.0
SETD7 (ENSG00000145391),11961,4.0
RNF150 (ENSG00000170153),11962,4.0
PIGH (ENSG00000100564),11963,4.0
NAAA (ENSG00000138744),11964,4.0
ZMIZ1 (ENSG00000108175),11965,4.0
REN (ENSG00000143839),11966,4.0
AFAP1L2 (ENSG00000169129),11967,4.0
PITX1 (ENSG00000069011),11968,4.0
PCSK6 (ENSG00000140479),11969,4.0
FLJ12825 (ENSG00000248265),11970,4.0
SHMT2 (ENSG00000182199),11971,4.0
ATP2A1 (ENSG00000196296),11972,4.0
ZADH2 (ENSG00000180011),11973,4.0
AMIGO2 (ENSG00000139211),11974,4.0
PMF1-BGLAP (ENSG00000260238),11975,4.0
PGM5 (ENSG00000154330),11976,4.0
AL356585.2 (ENSG00000279081),11977,4.0
RP11-440L14.1 (ENSG00000249592),11978,4.0
MIR503HG (ENSG00000223749),11979,4.0
NKX2-3 (ENSG00000119919),11980,4.0
RP11-277A4.4 (ENSG00000203325),11981,4.0
CTC-246B18.10 (ENSG00000269246),11982,4.0
C5orf66-AS1 (ENSG00000249082),11983,4.0
ZNF2 (ENSG00000275111),11984,4.0
AF127936.9 (ENSG00000235609),11985,4.0
PRSS56 (ENSG00000237412),11986,4.0
HOXA10-AS (ENSG00000253187),11987,4.0
KB-1208A12.3 (ENSG00000245970),11988,4.0
RTTN (ENSG00000176225),11989,4.0
DHRS4 (ENSG00000157326),11990,4.0
TRABD2B (ENSG00000269113),11991,4.0
SPACA3 (ENSG00000141316),11992,4.0
RP11-449J10.1 (ENSG00000260701),11993,4.0
MCAM (ENSG00000076706),11994,4.0
MPP1 (ENSG00000130830),11995,4.0
ADAMTSL5 (ENSG00000185761),11996,4.0
RP11-775D22.2 (ENSG00000229196),11997,4.0
RSPO4 (ENSG00000101282),11998,4.0
PHACTR3 (ENSG00000087495),11999,4.0
METTL9 (ENSG00000197006),12000,4.0
QARS (ENSG00000172053),12001,4.0
AQP6 (ENSG00000086159),12002,4.0
HOXA-AS2 (ENSG00000253552),12003,4.0
RP1-257A7.4 (ENSG00000215022),12004,4.0
RP11-615I2.2 (ENSG00000260577),12005,4.0
SLC25A45 (ENSG00000162241),12006,4.0
MYRF (ENSG00000124920),12007,4.0
COL6A6 (ENSG00000206384),12008,4.0
POLG (ENSG00000140521),12009,4.0
STARD13 (ENSG00000133121),12010,4.0
PRKD1 (ENSG00000184304),12011,4.0
RP13-582O9.7 (ENSG00000272172),12012,4.0
TCEANC (ENSG00000176896),12013,4.0
BORCS8-MEF2B (ENSG00000064489),12014,4.0
AC104654.2 (ENSG00000234362),12015,4.0
MRPL48 (ENSG00000175581),12016,4.0
ALDH1A2 (ENSG00000128918),12017,4.0
SOX6 (ENSG00000110693),12018,4.0
WWP2 (ENSG00000198373),12019,4.0
MYL1 (ENSG00000168530),12020,4.0
SLC4A8 (ENSG00000050438),12021,4.0
SHISA3 (ENSG00000178343),12022,4.0
FBLN1 (ENSG00000077942),12023,4.0
RP11-176H8.1 (ENSG00000203546),12024,4.0
HTR7 (ENSG00000148680),12025,4.0
MAP4K5 (ENSG00000012983),12026,4.0
LINC01266 (ENSG00000224957),12027,4.0
CRTAP (ENSG00000170275),12028,4.0
XPNPEP2 (ENSG00000122121),12029,4.0
RAD23A (ENSG00000179262),12030,4.0
AQP10 (ENSG00000143595),12031,4.0
JDP2 (ENSG00000140044),12032,4.0
ART4 (ENSG00000111339),12033,4.0
SYNGR1 (ENSG00000100321),12034,4.0
HAND2 (ENSG00000164107),12035,4.0
MEOX1 (ENSG00000005102),12036,4.0
QRICH2 (ENSG00000129646),12037,4.0
PLEK2 (ENSG00000100558),12038,4.0
ZNF563 (ENSG00000188868),12039,4.0
ANKRD36C (ENSG00000174501),12040,4.0
PEG10 (ENSG00000242265),12041,4.0
RP4-639F20.1 (ENSG00000235501),12042,4.0
CTD-2006K23.1 (ENSG00000261222),12043,4.0
SLC47A1 (ENSG00000142494),12044,4.0
CDADC1 (ENSG00000102543),12045,4.0
RP11-43F13.3 (ENSG00000215246),12046,4.0
HIBADH (ENSG00000106049),12047,4.0
TGFB1 (ENSG00000105329),12048,4.0
GPD1L (ENSG00000152642),12049,4.0
HOXD3 (ENSG00000128652),12050,4.0
CDPF1 (ENSG00000205643),12051,4.0
ARHGEF17 (ENSG00000110237),12052,4.0
KRT16 (ENSG00000186832),12053,4.0
SPRYD7 (ENSG00000123178),12054,4.0
HOXC8 (ENSG00000037965),12055,4.0
ANXA8L1 (ENSG00000264230),12056,4.0
AC018647.3 (ENSG00000227544),12057,4.0
CLEC12A (ENSG00000172322),12058,4.0
IKZF4 (ENSG00000123411),12059,4.0
SLN (ENSG00000170290),12060,4.0
IGF2 (ENSG00000167244),12061,4.0
CPNE5 (ENSG00000124772),12062,4.0
RP11-505P4.6 (ENSG00000223821),12063,4.0
SYT10 (ENSG00000110975),12064,4.0
NDNF (ENSG00000173376),12065,4.0
TSLP (ENSG00000145777),12066,4.0
SLC25A43 (ENSG00000077713),12067,4.0
PRMT7 (ENSG00000132600),12068,4.0
PRADC1 (ENSG00000135617),12069,4.0
RP11-302B13.5 (ENSG00000272822),12070,4.0
NPNT (ENSG00000168743),12071,4.0
AC020594.5 (ENSG00000237133),12072,4.0
RGS4 (ENSG00000117152),12073,4.0
KAT2B (ENSG00000114166),12074,4.0
RP11-92C4.6 (ENSG00000270412),12075,4.0
RP11-248G5.9 (ENSG00000273523),12076,4.0
TRIM35 (ENSG00000104228),12077,4.0
SLC39A2 (ENSG00000165794),12078,4.0
ATP7B (ENSG00000123191),12079,4.0
COL4A2 (ENSG00000134871),12080,4.0
EGFLAM (ENSG00000164318),12081,4.0
NEU4 (ENSG00000204099),12082,4.0
ADAMTS18 (ENSG00000140873),12083,4.0
ARHGAP6 (ENSG00000047648),12084,4.0
CH17-360D5.2 (ENSG00000276850),12085,4.0
ACKR1 (ENSG00000213088),12086,4.0
AL161668.5 (ENSG00000258604),12087,4.0
LILRB3 (ENSG00000204577),12088,4.0
GATA5 (ENSG00000130700),12089,4.0
THBD (ENSG00000178726),12090,4.0
IMPAD1 (ENSG00000104331),12091,4.0
HAND2-AS1 (ENSG00000237125),12092,4.0
COBLL1 (ENSG00000082438),12093,4.0
KRT24 (ENSG00000167916),12094,4.0
ACAN (ENSG00000157766),12095,4.0
GRK4 (ENSG00000125388),12096,4.0
SDR42E2 (ENSG00000183921),12097,4.0
PCSK5 (ENSG00000099139),12098,4.0
MAP3K1 (ENSG00000095015),12099,4.0
CLSTN2 (ENSG00000158258),12100,4.0
DLK2 (ENSG00000171462),12101,4.0
RP11-148L24.1 (ENSG00000248174),12102,4.0
AP003774.6 (ENSG00000231680),12103,4.0
CTD-2553L13.10 (ENSG00000274104),12104,4.0
LINC01116 (ENSG00000163364),12105,4.0
MAOA (ENSG00000189221),12106,4.0
RP11-651L5.3 (ENSG00000277715),12107,4.0
HSPB6 (ENSG00000004776),12108,4.0
FAM163A (ENSG00000143340),12109,4.0
LRRC32 (ENSG00000137507),12110,4.0
RAB37 (ENSG00000172794),12111,4.0
PLCH2 (ENSG00000149527),12112,4.0
MMP28 (ENSG00000271447),12113,4.0
HEYL (ENSG00000163909),12114,4.0
GPC6 (ENSG00000183098),12115,4.0
SMTNL2 (ENSG00000188176),12116,4.0
LINC00920 (ENSG00000246898),12117,4.0
IL17B (ENSG00000127743),12118,4.0
SERPINE3 (ENSG00000253309),12119,4.0
HOXD8 (ENSG00000175879),12120,4.0
FBXL8 (ENSG00000135722),12121,4.0
LINC01082 (ENSG00000269186),12122,4.0
HGF (ENSG00000019991),12123,4.0
ARHGDIB (ENSG00000111348),12124,4.0
ZNF541 (ENSG00000118156),12125,4.0
TNNI1 (ENSG00000159173),12126,4.0
COL27A1 (ENSG00000196739),12127,4.0
TNFAIP3 (ENSG00000118503),12128,4.0
ZFAS1 (ENSG00000177410),12129,4.0
IGF2-AS (ENSG00000099869),12130,4.0
ARSI (ENSG00000183876),12131,4.0
RP5-1024G6.2 (ENSG00000236723),12132,4.0
C9orf92 (ENSG00000205549),12133,4.0
AF003625.3 (ENSG00000269993),12134,4.0
GALNT10 (ENSG00000164574),12135,4.0
IFITM3 (ENSG00000142089),12136,4.0
FMOD (ENSG00000122176),12137,4.0
PLA2G4D (ENSG00000159337),12138,4.0
DSC3 (ENSG00000134762),12139,4.0
RP11-598F7.3 (ENSG00000256948),12140,4.0
ZNF641 (ENSG00000167528),12141,4.0
ALOX15B (ENSG00000179593),12142,4.0
MEMO1 (ENSG00000162959),12143,4.0
D2HGDH (ENSG00000180902),12144,4.0
ATP8B4 (ENSG00000104043),12145,4.0
TUBA8 (ENSG00000183785),12146,4.0
EPAS1 (ENSG00000116016),12147,4.0
ALOX15 (ENSG00000161905),12148,4.0
ABCA8 (ENSG00000141338),12149,4.0
PPM1L (ENSG00000163590),12150,4.0
APOBEC3G (ENSG00000239713),12151,4.0
SLC16A7 (ENSG00000118596),12152,4.0
SCMH1 (ENSG00000010803),12153,4.0
AQP1 (ENSG00000240583),12154,4.0
ZNF395 (ENSG00000186918),12155,4.0
STARD5 (ENSG00000172345),12156,4.0
CEMIP (ENSG00000103888),12157,4.0
ITPR2 (ENSG00000123104),12158,4.0
ZFPM2 (ENSG00000169946),12159,4.0
SCARA3 (ENSG00000168077),12160,4.0
FLNC (ENSG00000128591),12161,4.0
ARRB1 (ENSG00000137486),12162,4.0
TSPAN4 (ENSG00000214063),12163,4.0
RP11-401P9.5 (ENSG00000260249),12164,4.0
NFKBID (ENSG00000167604),12165,4.0
ADAM12 (ENSG00000148848),12166,4.0
ABCG4 (ENSG00000172350),12167,4.0
RP11-109G23.3 (ENSG00000260278),12168,4.0
VSTM4 (ENSG00000165633),12169,4.0
CTD-2339F6.1 (ENSG00000254139),12170,4.0
MYDGF (ENSG00000074842),12171,4.0
MCTP2 (ENSG00000140563),12172,4.0
C12orf54 (ENSG00000177627),12173,4.0
FARP1 (ENSG00000152767),12174,4.0
HHIP (ENSG00000164161),12175,4.0
TSPAN15 (ENSG00000099282),12176,4.0
CXCL10 (ENSG00000169245),12177,4.0
DUSP2 (ENSG00000158050),12178,4.0
MAG (ENSG00000105695),12179,4.0
CCDC3 (ENSG00000151468),12180,4.0
TACR1 (ENSG00000115353),12181,4.0
ADAMTS15 (ENSG00000166106),12182,4.0
LINC00652 (ENSG00000179935),12183,4.0
DMPK (ENSG00000104936),12184,4.0
GALM (ENSG00000143891),12185,4.0
DHRS9 (ENSG00000073737),12186,4.0
ARAF (ENSG00000078061),12187,4.0
HOXB5 (ENSG00000120075),12188,4.0
METTL7A (ENSG00000185432),12189,4.0
SLC18A3 (ENSG00000187714),12190,4.0
COPE (ENSG00000105669),12191,4.0
AC007325.4 (ENSG00000278817),12192,4.0
KCP (ENSG00000135253),12193,4.0
RP11-1348G14.5 (ENSG00000260796),12194,4.0
LY6G5B (ENSG00000240053),12195,4.0
GPC1 (ENSG00000063660),12196,4.0
C8orf37-AS1 (ENSG00000253773),12197,4.0
CHID1 (ENSG00000177830),12198,4.0
PIM1 (ENSG00000137193),12199,4.0
ENTPD5 (ENSG00000187097),12200,4.0
SCRG1 (ENSG00000164106),12201,4.0
GNG11 (ENSG00000127920),12202,4.0
PLXND1 (ENSG00000004399),12203,4.0
PYCR1 (ENSG00000183010),12204,4.0
HOXA7 (ENSG00000122592),12205,4.0
RP11-535A5.1 (ENSG00000273348),12206,4.0
ZNF335 (ENSG00000198026),12207,4.0
GDPD3 (ENSG00000102886),12208,4.0
TNS3 (ENSG00000136205),12209,4.0
MOB3C (ENSG00000142961),12210,4.0
PSD2 (ENSG00000146005),12211,4.0
COL15A1 (ENSG00000204291),12212,4.0
DDB2 (ENSG00000134574),12213,4.0
MGARP (ENSG00000137463),12214,4.0
HOXC4 (ENSG00000198353),12215,4.0
KLHDC10 (ENSG00000128607),12216,4.0
FCGR2A (ENSG00000143226),12217,4.0
RP11-522I20.3 (ENSG00000254473),12218,4.0
RP11-1055B8.10 (ENSG00000274833),12219,4.0
CTD-2568A17.8 (ENSG00000268375),12220,4.0
MROH8 (ENSG00000101353),12221,4.0
GCG (ENSG00000115263),12222,4.0
COL5A1 (ENSG00000130635),12223,4.0
SIMC1 (ENSG00000170085),12224,4.0
PML (ENSG00000140464),12225,4.0
EDN3 (ENSG00000124205),12226,4.0
FAM101B (ENSG00000183688),12227,4.0
WDR91 (ENSG00000105875),12228,4.0
VPS13B (ENSG00000132549),12229,4.0
RP11-250B2.5 (ENSG00000260645),12230,4.0
GPBAR1 (ENSG00000179921),12231,4.0
RFXANK (ENSG00000064490),12232,4.0
ANXA8 (ENSG00000265190),12233,4.0
LINC00305 (ENSG00000179676),12234,4.0
RP11-420L9.5 (ENSG00000270504),12235,4.0
LL0XNC01-7P3.1 (ENSG00000270012),12236,4.0
PITX2 (ENSG00000164093),12237,4.0
CDC42EP1 (ENSG00000128283),12238,4.0
RAD51B (ENSG00000182185),12239,4.0
TTC38 (ENSG00000075234),12240,4.0
UPK3B (ENSG00000243566),12241,4.0
CSRP1 (ENSG00000159176),12242,4.0
SCIN (ENSG00000006747),12243,4.0
PCOLCE (ENSG00000106333),12244,4.0
DAP3 (ENSG00000132676),12245,4.0
UBXN10-AS1 (ENSG00000225986),12246,4.0
TUBE1 (ENSG00000074935),12247,4.0
CD300E (ENSG00000186407),12248,4.0
RFPL3S (ENSG00000205853),12249,4.0
RP11-326G21.1 (ENSG00000272755),12250,4.0
ZCCHC24 (ENSG00000165424),12251,4.0
MED24 (ENSG00000008838),12252,4.0
ACSS1 (ENSG00000154930),12253,4.0
LINC01451 (ENSG00000279141),12254,4.0
RP11-339B21.13 (ENSG00000272696),12255,4.0
CATSPER3 (ENSG00000152705),12256,4.0
C20orf194 (ENSG00000088854),12257,4.0
CYP2A7 (ENSG00000198077),12258,4.0
HOXB7 (ENSG00000260027),12259,4.0
IGFL2 (ENSG00000204866),12260,4.0
CTC-366B18.4 (ENSG00000272040),12261,4.0
USP6 (ENSG00000129204),12262,4.0
RETSAT (ENSG00000042445),12263,4.0
AKR1B10 (ENSG00000198074),12264,4.0
HS3ST3A1 (ENSG00000153976),12265,4.0
TDO2 (ENSG00000151790),12266,4.0
DUSP7 (ENSG00000164086),12267,4.0
TAGAP (ENSG00000164691),12268,4.0
FOXD2 (ENSG00000186564),12269,4.0
EIF3G (ENSG00000130811),12270,4.0
KISS1 (ENSG00000170498),12271,4.0
SH3BP5-AS1 (ENSG00000224660),12272,4.0
SYNJ2BP-COX16 (ENSG00000258644),12273,4.0
BMPR1B (ENSG00000138696),12274,4.0
RP11-17A19.2 (ENSG00000263677),12275,4.0
MAN1A1 (ENSG00000111885),12276,4.0
FIGF (ENSG00000165197),12277,4.0
ERAP1 (ENSG00000164307),12278,4.0
ADAMTS9 (ENSG00000163638),12279,4.0
FAM184B (ENSG00000047662),12280,4.0
CARNS1 (ENSG00000172508),12281,4.0
GPR183 (ENSG00000169508),12282,4.0
GPR78 (ENSG00000155269),12283,4.0
HHIP-AS1 (ENSG00000248890),12284,4.0
COL6A1 (ENSG00000142156),12285,4.0
PGF (ENSG00000119630),12286,4.0
VTN (ENSG00000109072),12287,4.0
GPCPD1 (ENSG00000125772),12288,4.0
RP11-396C23.2 (ENSG00000225518),12289,4.0
PACSIN3 (ENSG00000165912),12290,4.0
FAM212A (ENSG00000185614),12291,4.0
BAMBI (ENSG00000095739),12292,4.0
IL6R (ENSG00000160712),12293,4.0
CTDSP1 (ENSG00000144579),12294,4.0
EVA1A (ENSG00000115363),12295,4.0
CCDC178 (ENSG00000166960),12296,4.0
GPAA1 (ENSG00000197858),12297,4.0
NDFIP2 (ENSG00000102471),12298,4.0
RP11-834C11.4 (ENSG00000250742),12299,4.0
ATHL1 (ENSG00000142102),12300,4.0
CNTNAP4 (ENSG00000152910),12301,4.0
CLCNKB (ENSG00000184908),12302,4.0
FOXF2 (ENSG00000137273),12303,4.0
RP11-308B5.2 (ENSG00000235813),12304,4.0
CYP27A1 (ENSG00000135929),12305,4.0
HYI (ENSG00000178922),12306,4.0
BIN1 (ENSG00000136717),12307,4.0
TMEM266 (ENSG00000169758),12308,4.0
CST3 (ENSG00000101439),12309,4.0
LRRC8C (ENSG00000171488),12310,4.0
LINC01597 (ENSG00000205611),12311,4.0
SSC5D (ENSG00000179954),12312,4.0
CRYGC (ENSG00000163254),12313,4.0
OLR1 (ENSG00000173391),12314,4.0
STON1 (ENSG00000243244),12315,4.0
COLEC10 (ENSG00000184374),12316,4.0
AC003090.1 (ENSG00000223561),12317,4.0
GPKOW (ENSG00000068394),12318,4.0
WFDC1 (ENSG00000103175),12319,4.0
MVB12A (ENSG00000141971),12320,4.0
CIZ1 (ENSG00000148337),12321,4.0
PSTPIP2 (ENSG00000152229),12322,4.0
PELO (ENSG00000152684),12323,4.0
GDNF (ENSG00000168621),12324,4.0
SLC2A4RG (ENSG00000125520),12325,4.0
CLEC2B (ENSG00000110852),12326,4.0
KLK6 (ENSG00000167755),12327,4.0
AC068492.1 (ENSG00000237262),12328,4.0
POLR2C (ENSG00000102978),12329,4.0
VEGFB (ENSG00000173511),12330,4.0
AC013461.1 (ENSG00000091436),12331,4.0
LINC01184 (ENSG00000245937),12332,4.0
RAC2 (ENSG00000128340),12333,4.0
HTR2B (ENSG00000135914),12334,4.0
DLC1 (ENSG00000164741),12335,4.0
WISP1 (ENSG00000104415),12336,4.0
ACSF3 (ENSG00000176715),12337,4.0
TRAPPC9 (ENSG00000167632),12338,4.0
VSIG10L (ENSG00000186806),12339,4.0
FDXACB1 (ENSG00000255561),12340,4.0
PLAT (ENSG00000104368),12341,4.0
H6PD (ENSG00000049239),12342,4.0
OXER1 (ENSG00000162881),12343,4.0
DNAJB1 (ENSG00000132002),12344,4.0
ABO (ENSG00000175164),12345,4.0
HOXA11-AS (ENSG00000240990),12346,4.0
SNHG23 (ENSG00000225746),12347,4.0
FAM129C (ENSG00000167483),12348,4.0
CTD-3193K9.11 (ENSG00000273650),12349,4.0
GABRA2 (ENSG00000151834),12350,4.0
EXT1 (ENSG00000182197),12351,4.0
ANKRD36 (ENSG00000135976),12352,4.0
ALDH2 (ENSG00000111275),12353,4.0
TK2 (ENSG00000166548),12354,4.0
DRAM1 (ENSG00000136048),12355,4.0
GPRASP1 (ENSG00000198932),12356,4.0
RP11-841O20.2 (ENSG00000258757),12357,4.0
TBXA2R (ENSG00000006638),12358,4.0
PLXNB2 (ENSG00000196576),12359,4.0
CASP1 (ENSG00000137752),12360,4.0
TMEM200A (ENSG00000164484),12361,4.0
SMYD3 (ENSG00000185420),12362,4.0
RDH5 (ENSG00000135437),12363,4.0
RP11-474P2.4 (ENSG00000257496),12364,4.0
HSF1 (ENSG00000185122),12365,4.0
PER2 (ENSG00000132326),12366,4.0
SHROOM1 (ENSG00000164403),12367,4.0
GJB2 (ENSG00000165474),12368,4.0
PXK (ENSG00000168297),12369,4.0
SNX3 (ENSG00000112335),12370,4.0
LBH (ENSG00000213626),12371,4.0
DUSP9 (ENSG00000130829),12372,4.0
SMAD7 (ENSG00000101665),12373,4.0
RNF40 (ENSG00000103549),12374,4.0
ZNF618 (ENSG00000157657),12375,4.0
KCNE2 (ENSG00000159197),12376,4.0
IL1R1 (ENSG00000115594),12377,4.0
MORC4 (ENSG00000133131),12378,4.0
TMEM200B (ENSG00000253304),12379,4.0
ZG16B (ENSG00000162078),12380,4.0
SOX12 (ENSG00000177732),12381,4.0
OSGIN1 (ENSG00000140961),12382,4.0
TGFBR3 (ENSG00000069702),12383,4.0
COL6A2 (ENSG00000142173),12384,4.0
KDM1B (ENSG00000165097),12385,4.0
LINC01515 (ENSG00000228065),12386,4.0
PRCD (ENSG00000214140),12387,4.0
RP11-598F7.4 (ENSG00000249695),12388,4.0
MED6 (ENSG00000133997),12389,4.0
SSPO (ENSG00000197558),12390,4.0
AC079612.1 (ENSG00000196758),12391,4.0
FRMD4B (ENSG00000114541),12392,4.0
ACADS (ENSG00000122971),12393,4.0
FBXL4 (ENSG00000112234),12394,4.0
FOLH1 (ENSG00000086205),12395,4.0
ZCCHC8 (ENSG00000033030),12396,4.0
SLC7A7 (ENSG00000155465),12397,4.0
ADAMTS1 (ENSG00000154734),12398,4.0
ANGPTL6 (ENSG00000130812),12399,4.0
SPRR2F (ENSG00000244094),12400,4.0
CHSY3 (ENSG00000198108),12401,4.0
LRBA (ENSG00000198589),12402,4.0
NPHP3 (ENSG00000113971),12403,4.0
PXDC1 (ENSG00000168994),12404,4.0
TNFSF4 (ENSG00000117586),12405,4.0
ELOVL1 (ENSG00000066322),12406,4.0
TMEM204 (ENSG00000131634),12407,4.0
MATN2 (ENSG00000132561),12408,4.0
UBOX5 (ENSG00000185019),12409,4.0
TAS2R14 (ENSG00000212127),12410,4.0
TPST1 (ENSG00000169902),12411,4.0
DDR2 (ENSG00000162733),12412,4.0
SPP1 (ENSG00000118785),12413,4.0
AC112715.2 (ENSG00000224132),12414,4.0
ZNF853 (ENSG00000236609),12415,4.0
ZNF469 (ENSG00000225614),12416,4.0
PDE8B (ENSG00000113231),12417,4.0
RP11-108M9.3 (ENSG00000228549),12418,4.0
ITPRIPL2 (ENSG00000205730),12419,4.0
FAM69A (ENSG00000154511),12420,4.0
DDX39B (ENSG00000198563),12421,4.0
SYT8 (ENSG00000149043),12422,4.0
CTD-2054N24.2 (ENSG00000259363),12423,4.0
SLCO2B1 (ENSG00000137491),12424,4.0
DPP4 (ENSG00000197635),12425,4.0
DISC1 (ENSG00000162946),12426,4.0
WFDC3 (ENSG00000124116),12427,4.0
EFEMP2 (ENSG00000172638),12428,4.0
ST3GAL1 (ENSG00000008513),12429,4.0
EBF4 (ENSG00000088881),12430,4.0
NKX3-2 (ENSG00000109705),12431,4.0
ZNF844 (ENSG00000223547),12432,4.0
HOXB4 (ENSG00000182742),12433,4.0
INO80B (ENSG00000115274),12434,4.0
FOXS1 (ENSG00000179772),12435,4.0
SVIL (ENSG00000197321),12436,4.0
AC093323.3 (ENSG00000170846),12437,4.0
NEDD4 (ENSG00000069869),12438,4.0
ZNF213 (ENSG00000085644),12439,4.0
DUBR (ENSG00000243701),12440,4.0
SYDE1 (ENSG00000105137),12441,4.0
AC079922.3 (ENSG00000237753),12442,4.0
TIFA (ENSG00000145365),12443,4.0
RIN1 (ENSG00000174791),12444,4.0
COL23A1 (ENSG00000050767),12445,4.0
CD22 (ENSG00000012124),12446,4.0
TMEM214 (ENSG00000119777),12447,4.0
RNPEP (ENSG00000176393),12448,4.0
VCAN (ENSG00000038427),12449,4.0
WIPF1 (ENSG00000115935),12450,4.0
IER5 (ENSG00000162783),12451,4.0
SLC7A4 (ENSG00000099960),12452,4.0
TRMO (ENSG00000136932),12453,4.0
TLN1 (ENSG00000137076),12454,4.0
MYO9B (ENSG00000099331),12455,4.0
PTK2B (ENSG00000120899),12456,4.0
PDCD4-AS1 (ENSG00000203497),12457,4.0
KDELR2 (ENSG00000136240),12458,4.0
NCCRP1 (ENSG00000188505),12459,4.0
LAMB1 (ENSG00000091136),12460,4.0
STRA6 (ENSG00000137868),12461,4.0
IGFBP3 (ENSG00000146674),12462,4.0
FLRT2 (ENSG00000185070),12463,4.0
STX10 (ENSG00000104915),12464,4.0
SLC11A1 (ENSG00000018280),12465,4.0
GSTK1 (ENSG00000197448),12466,4.0
MGP (ENSG00000111341),12467,4.0
IL6ST (ENSG00000134352),12468,4.0
TWSG1 (ENSG00000128791),12469,4.0
SND1 (ENSG00000197157),12470,4.0
TNFRSF4 (ENSG00000186827),12471,4.0
LINC01220 (ENSG00000259687),12472,4.0
LRRC75B (ENSG00000178026),12473,4.0
RAMP2 (ENSG00000131477),12474,4.0
LTA4H (ENSG00000111144),12475,4.0
RP5-1172A22.1 (ENSG00000233521),12476,4.0
LIMS1 (ENSG00000169756),12477,4.0
TIMP1 (ENSG00000102265),12478,4.0
PIGO (ENSG00000165282),12479,4.0
GPC5 (ENSG00000179399),12480,4.0
ACSM3 (ENSG00000005187),12481,4.0
THADA (ENSG00000115970),12482,4.0
CD99 (ENSG00000002586),12483,4.0
AC046143.3 (ENSG00000229334),12484,4.0
ADAM8 (ENSG00000151651),12485,4.0
ADAMTS13 (ENSG00000160323),12486,4.0
CH17-373J23.1 (ENSG00000276216),12487,4.0
AC025335.1 (ENSG00000179859),12488,4.0
CH25H (ENSG00000138135),12489,4.0
SPATA4 (ENSG00000150628),12490,4.0
SPATA2L (ENSG00000158792),12491,4.0
SMARCD3 (ENSG00000082014),12492,4.0
AC026202.3 (ENSG00000233912),12493,4.0
SPATA8 (ENSG00000185594),12494,4.0
SMARCE1 (ENSG00000073584),12495,4.0
ZNF333 (ENSG00000160961),12496,4.0
ADAM9 (ENSG00000168615),12497,4.0
ZNF34 (ENSG00000196378),12498,4.0
AC023115.2 (ENSG00000235885),12499,4.0
SUPT20H (ENSG00000102710),12500,4.0
SUSD2 (ENSG00000099994),12501,4.0
SUPT3H (ENSG00000196284),12502,4.0
CHCHD2 (ENSG00000106153),12503,4.0
AC062017.1 (ENSG00000222020),12504,4.0
ZNF330 (ENSG00000109445),12505,4.0
ZNF790 (ENSG00000197863),12506,4.0
SPATA20 (ENSG00000006282),12507,4.0
SUPT7L (ENSG00000119760),12508,4.0
ZSWIM8 (ENSG00000214655),12509,4.0
COL3A1 (ENSG00000168542),12510,4.0
ZNF669 (ENSG00000188295),12511,4.0
SPATA7 (ENSG00000042317),12512,4.0
AC023590.1 (ENSG00000225885),12513,4.0
AC004754.3 (ENSG00000269881),12514,4.0
CSPG5 (ENSG00000114646),12515,4.0
ADAMTS12 (ENSG00000151388),12516,4.0
SUOX (ENSG00000139531),12517,4.0
ADAMTS10 (ENSG00000142303),12518,4.0
ZNF358 (ENSG00000198816),12519,4.0
ZNF791 (ENSG00000173875),12520,4.0
SUCLG1 (ENSG00000163541),12521,4.0
CHKB (ENSG00000100288),12522,4.0
CSGALNACT2 (ENSG00000169826),12523,4.0
ZNF385A (ENSG00000161642),12524,4.0
COL16A1 (ENSG00000084636),12525,4.0
ZNF653 (ENSG00000161914),12526,4.0
SUCNR1 (ENSG00000198829),12527,4.0
SPHK1 (ENSG00000176170),12528,4.0
SPICE1 (ENSG00000163611),12529,4.0
ZNF805 (ENSG00000204524),12530,4.0
SPG7 (ENSG00000197912),12531,4.0
AC069513.4 (ENSG00000229178),12532,4.0
SPG20-AS1 (ENSG00000120664),12533,4.0
SMC5-AS1 (ENSG00000268364),12534,4.0
SPG20 (ENSG00000133104),12535,4.0
COL1A1 (ENSG00000108821),12536,4.0
SMC5 (ENSG00000198887),12537,4.0
SUFU (ENSG00000107882),12538,4.0
ZNF654 (ENSG00000175105),12539,4.0
SPIDR (ENSG00000164808),12540,4.0
CSGALNACT1 (ENSG00000147408),12541,4.0
COL14A1 (ENSG00000187955),12542,4.0
COL13A1 (ENSG00000197467),12543,4.0
SMCR2 (ENSG00000223979),12544,4.0
AC072062.1 (ENSG00000229267),12545,4.0
ZNF391 (ENSG00000124613),12546,4.0
SPIN4 (ENSG00000186767),12547,4.0
ZNF385D (ENSG00000151789),12548,4.0
CHMP3 (ENSG00000115561),12549,4.0
ZSCAN9 (ENSG00000137185),12550,4.0
CSF3R (ENSG00000119535),12551,4.0
CPAMD8 (ENSG00000160111),12552,4.0
SPIN3 (ENSG00000204271),12553,4.0
SMCO3 (ENSG00000179256),12554,4.0
SPIN2B (ENSG00000186787),12555,4.0
CHL1 (ENSG00000134121),12556,4.0
ABCA5 (ENSG00000154265),12557,4.0
SUCLA2 (ENSG00000136143),12558,4.0
ABCA2 (ENSG00000107331),12559,4.0
SPIN2A (ENSG00000147059),12560,4.0
ABAT (ENSG00000183044),12561,4.0
SUGCT (ENSG00000175600),12562,4.0
CPA5 (ENSG00000158525),12563,4.0
SUGP1 (ENSG00000105705),12564,4.0
SPEG (ENSG00000072195),12565,4.0
COL24A1 (ENSG00000171502),12566,4.0
COL25A1 (ENSG00000188517),12567,4.0
CHD9 (ENSG00000177200),12568,4.0
SUMF2 (ENSG00000129103),12569,4.0
ZNF354B (ENSG00000178338),12570,4.0
CHD3 (ENSG00000170004),12571,4.0
ZNF354A (ENSG00000169131),12572,4.0
ZNF346 (ENSG00000113761),12573,4.0
COL26A1 (ENSG00000160963),12574,4.0
CSNK1D (ENSG00000141551),12575,4.0
AC062029.1 (ENSG00000234028),12576,4.0
CHD2 (ENSG00000173575),12577,4.0
SPATS2 (ENSG00000123352),12578,4.0
ADAM33 (ENSG00000149451),12579,4.0
SPATC1L (ENSG00000160284),12580,4.0
SUN1 (ENSG00000164828),12581,4.0
CSNK2B (ENSG00000204435),12582,4.0
SUN2 (ENSG00000100242),12583,4.0
ZNF343 (ENSG00000088876),12584,4.0
SULT4A1 (ENSG00000130540),12585,4.0
CSPG4 (ENSG00000173546),12586,4.0
SULT2B1 (ENSG00000088002),12587,4.0
ZNF362 (ENSG00000160094),12588,4.0
ZNF383 (ENSG00000188283),12589,4.0
SPEF2 (ENSG00000152582),12590,4.0
SPEF1 (ENSG00000101222),12591,4.0
AC068831.10 (ENSG00000214432),12592,4.0
SULF1 (ENSG00000137573),12593,4.0
AATK (ENSG00000181409),12594,4.0
SULF2 (ENSG00000196562),12595,4.0
SULT1A1 (ENSG00000196502),12596,4.0
SULT1A2 (ENSG00000197165),12597,4.0
CHGB (ENSG00000089199),12598,4.0
ZNF804A (ENSG00000170396),12599,4.0
AC068499.10 (ENSG00000268650),12600,4.0
COL1A2 (ENSG00000164692),12601,4.0
ZNF37A (ENSG00000075407),12602,4.0
ZNF800 (ENSG00000048405),12603,4.0
SULT1C4 (ENSG00000198075),12604,4.0
COL21A1 (ENSG00000124749),12605,4.0
CSMD3 (ENSG00000164796),12606,4.0
ZNF365 (ENSG00000138311),12607,4.0
COL22A1 (ENSG00000169436),12608,4.0
ZNF329 (ENSG00000181894),12609,4.0
ADAMTS4 (ENSG00000158859),12610,4.0
SPATA18 (ENSG00000163071),12611,4.0
SLPI (ENSG00000124107),12612,4.0
SYP (ENSG00000102003),12613,4.0
ZNF277 (ENSG00000198839),12614,4.0
CFAP53 (ENSG00000172361),12615,4.0
SOS2 (ENSG00000100485),12616,4.0
AC008079.10 (ENSG00000280007),12617,4.0
ZNF737 (ENSG00000237440),12618,4.0
AC007950.2 (ENSG00000276651),12619,4.0
SYS1 (ENSG00000204070),12620,4.0
CFAP52 (ENSG00000166596),12621,4.0
CORO1B (ENSG00000172725),12622,4.0
ZNF74 (ENSG00000185252),12623,4.0
COMP (ENSG00000105664),12624,4.0
CORO1A (ENSG00000102879),12625,4.0
SYT11 (ENSG00000132718),12626,4.0
COMT (ENSG00000093010),12627,4.0
CFAP46 (ENSG00000171811),12628,4.0
CFAP45 (ENSG00000213085),12629,4.0
CFAP44 (ENSG00000206530),12630,4.0
ZNF275 (ENSG00000063587),12631,4.0
CORIN (ENSG00000145244),12632,4.0
COPA (ENSG00000122218),12633,4.0
AC006129.2 (ENSG00000268027),12634,4.0
ADCK4 (ENSG00000123815),12635,4.0
SOST (ENSG00000167941),12636,4.0
AC008088.4 (ENSG00000260907),12637,4.0
COLGALT2 (ENSG00000198756),12638,4.0
SMAD1 (ENSG00000170365),12639,4.0
SNX32 (ENSG00000172803),12640,4.0
CTA-246H3.12 (ENSG00000272942),12641,4.0
CTA-276F8.1 (ENSG00000276564),12642,4.0
ADCK1 (ENSG00000063761),12643,4.0
ZNF713 (ENSG00000178665),12644,4.0
SNX4 (ENSG00000114520),12645,4.0
SYNM (ENSG00000182253),12646,4.0
AC010226.4 (ENSG00000249249),12647,4.0
SOSTDC1 (ENSG00000171243),12648,4.0
SYNPO (ENSG00000171992),12649,4.0
AC009133.12 (ENSG00000238045),12650,4.0
COMMD3 (ENSG00000148444),12651,4.0
SYNPR (ENSG00000163630),12652,4.0
CFAP54 (ENSG00000188596),12653,4.0
ZNF784 (ENSG00000179922),12654,4.0
AC005592.2 (ENSG00000231185),12655,4.0
CORO2B (ENSG00000103647),12656,4.0
SLU7 (ENSG00000164609),12657,4.0
ZNF721 (ENSG00000182903),12658,4.0
AC005614.3 (ENSG00000269296),12659,4.0
SYNPO2 (ENSG00000172403),12660,4.0
SORCS3 (ENSG00000156395),12661,4.0
SORCS2 (ENSG00000184985),12662,4.0
ZNF776 (ENSG00000152443),12663,4.0
AC007228.11 (ENSG00000269696),12664,4.0
COQ7 (ENSG00000167186),12665,4.0
SLITRK4 (ENSG00000179542),12666,4.0
COPZ1 (ENSG00000111481),12667,4.0
AC006994.2 (ENSG00000231294),12668,4.0
ZNF254 (ENSG00000213096),12669,4.0
SLITRK3 (ENSG00000121871),12670,4.0
ADD1 (ENSG00000087274),12671,4.0
COPZ2 (ENSG00000005243),12672,4.0
ZNF252P-AS1 (ENSG00000255559),12673,4.0
COPG1 (ENSG00000181789),12674,4.0
ZNF251 (ENSG00000198169),12675,4.0
ZNF250 (ENSG00000196150),12676,4.0
SYTL3 (ENSG00000164674),12677,4.0
SYTL4 (ENSG00000102362),12678,4.0
ZNF25 (ENSG00000175395),12679,4.0
ZNF248 (ENSG00000198105),12680,4.0
SOCS3 (ENSG00000184557),12681,4.0
SLITRK2 (ENSG00000185985),12682,4.0
SYVN1 (ENSG00000162298),12683,4.0
CFAP161 (ENSG00000156206),12684,4.0
A1BG-AS1 (ENSG00000268895),12685,4.0
SYTL2 (ENSG00000137501),12686,4.0
ZNF768 (ENSG00000169957),12687,4.0
ADCYAP1 (ENSG00000141433),12688,4.0
COQ9 (ENSG00000088682),12689,4.0
SYT16 (ENSG00000139973),12690,4.0
A2M-AS1 (ENSG00000245105),12691,4.0
SYT17 (ENSG00000103528),12692,4.0
ZNF746 (ENSG00000181220),12693,4.0
ADCY4 (ENSG00000129467),12694,4.0
SLK (ENSG00000065613),12695,4.0
SORBS3 (ENSG00000120896),12696,4.0
CFAP43 (ENSG00000197748),12697,4.0
COPB1 (ENSG00000129083),12698,4.0
ZNF263 (ENSG00000006194),12699,4.0
ADCY9 (ENSG00000162104),12700,4.0
A2M (ENSG00000175899),12701,4.0
COPB2 (ENSG00000184432),12702,4.0
ZNF774 (ENSG00000196391),12703,4.0
AC007383.3 (ENSG00000227946),12704,4.0
SYT4 (ENSG00000132872),12705,4.0
AC007292.3 (ENSG00000269318),12706,4.0
SYT5 (ENSG00000129990),12707,4.0
CFAP221 (ENSG00000163075),12708,4.0
SLITRK6 (ENSG00000184564),12709,4.0
CFAP206 (ENSG00000272514),12710,4.0
ZNF764 (ENSG00000169951),12711,4.0
AC007246.3 (ENSG00000231312),12712,4.0
ADAT3 (ENSG00000213638),12713,4.0
ZNF711 (ENSG00000147180),12714,4.0
COLEC12 (ENSG00000158270),12715,4.0
ZXDA (ENSG00000198205),12716,4.0
CH17-189H20.1 (ENSG00000274265),12717,4.0
CH17-125A10.2 (ENSG00000277199),12718,4.0
AC004878.2 (ENSG00000277675),12719,4.0
CGREF1 (ENSG00000138028),12720,4.0
SV2C (ENSG00000122012),12721,4.0
ADAMTS20 (ENSG00000173157),12722,4.0
SVBP (ENSG00000177868),12723,4.0
ZNF688 (ENSG00000229809),12724,4.0
ADAMTS3 (ENSG00000156140),12725,4.0
SVOP (ENSG00000166111),12726,4.0
SMARCA1 (ENSG00000102038),12727,4.0
CGB7 (ENSG00000196337),12728,4.0
SMAP2 (ENSG00000084070),12729,4.0
ADAMTS5 (ENSG00000154736),12730,4.0
ADAMTS7 (ENSG00000136378),12731,4.0
SWT1 (ENSG00000116668),12732,4.0
AC012360.4 (ENSG00000235319),12733,4.0
SYBU (ENSG00000147642),12734,4.0
SPAG17 (ENSG00000155761),12735,4.0
ZNF692 (ENSG00000171163),12736,4.0
ZNF699 (ENSG00000196110),12737,4.0
AAR2 (ENSG00000131043),12738,4.0
AC004540.4 (ENSG00000225792),12739,4.0
SMARCA2 (ENSG00000080503),12740,4.0
CH17-264L24.1 (ENSG00000279278),12741,4.0
COL5A2 (ENSG00000204262),12742,4.0
CSRNP1 (ENSG00000144655),12743,4.0
SMARCC2 (ENSG00000139613),12744,4.0
SPATA17 (ENSG00000162814),12745,4.0
AC022007.5 (ENSG00000206567),12746,4.0
AC021224.1 (ENSG00000262477),12747,4.0
CH17-340M24.3 (ENSG00000197180),12748,4.0
SPARCL1 (ENSG00000152583),12749,4.0
ZNF324B (ENSG00000249471),12750,4.0
CSRNP3 (ENSG00000178662),12751,4.0
SPARC (ENSG00000113140),12752,4.0
ADAMTS17 (ENSG00000140470),12753,4.0
SUSD6 (ENSG00000100647),12754,4.0
SMARCB1 (ENSG00000099956),12755,4.0
SPANXB1 (ENSG00000227234),12756,4.0
SMARCAL1 (ENSG00000138375),12757,4.0
SPAG9 (ENSG00000008294),12758,4.0
SPAG8 (ENSG00000137098),12759,4.0
SPAG6 (ENSG00000077327),12760,4.0
ZNF32 (ENSG00000169740),12761,4.0
ADAMTS2 (ENSG00000087116),12762,4.0
SNX13 (ENSG00000071189),12763,4.0
AARSD1 (ENSG00000266967),12764,4.0
SNX14 (ENSG00000135317),12765,4.0
SYCP2 (ENSG00000196074),12766,4.0
CH17-353B19.1 (ENSG00000276509),12767,4.0
ZNF70 (ENSG00000187792),12768,4.0
COX7A2L (ENSG00000115944),12769,4.0
SYNE1 (ENSG00000131018),12770,4.0
ZNF284 (ENSG00000186026),12771,4.0
SNX21 (ENSG00000124104),12772,4.0
COX18 (ENSG00000163626),12773,4.0
SYNE3 (ENSG00000176438),12774,4.0
CFAP74 (ENSG00000142609),12775,4.0
CORT (ENSG00000241563),12776,4.0
COL9A3 (ENSG00000092758),12777,4.0
COLCA2 (ENSG00000214290),12778,4.0
AC005363.11 (ENSG00000277602),12779,4.0
COL9A2 (ENSG00000049089),12780,4.0
SP100 (ENSG00000067066),12781,4.0
CFAP70 (ENSG00000156042),12782,4.0
AC010524.4 (ENSG00000268157),12783,4.0
SNX29 (ENSG00000048471),12784,4.0
SOX9 (ENSG00000125398),12785,4.0
ZNF709 (ENSG00000242852),12786,4.0
ZNF71 (ENSG00000197951),12787,4.0
ADARB1 (ENSG00000197381),12788,4.0
AC010287.1 (ENSG00000279816),12789,4.0
SMAD3 (ENSG00000166949),12790,4.0
SOX4 (ENSG00000124766),12791,4.0
CORO7 (ENSG00000262246),12792,4.0
SP2-AS1 (ENSG00000234494),12793,4.0
AAK1 (ENSG00000115977),12794,4.0
CFAP77 (ENSG00000188523),12795,4.0
SMAD9 (ENSG00000120693),12796,4.0
CFL2 (ENSG00000165410),12797,4.0
SNX17 (ENSG00000115234),12798,4.0
ADAMTS9-AS2 (ENSG00000241684),12799,4.0
AC010894.3 (ENSG00000226853),12800,4.0
ADAMTSL1 (ENSG00000178031),12801,4.0
SYF2 (ENSG00000117614),12802,4.0
ADAMTSL2 (ENSG00000197859),12803,4.0
SP9 (ENSG00000217236),12804,4.0
SYN1 (ENSG00000008056),12805,4.0
ADAMTSL3 (ENSG00000156218),12806,4.0
CFI (ENSG00000205403),12807,4.0
COL6A3 (ENSG00000163359),12808,4.0
CFH (ENSG00000000971),12809,4.0
CFDP1 (ENSG00000153774),12810,4.0
SMAD6 (ENSG00000137834),12811,4.0
SNX18 (ENSG00000178996),12812,4.0
COL8A2 (ENSG00000171812),12813,4.0
AC004951.6 (ENSG00000228434),12814,4.0
ADAMTSL4 (ENSG00000143382),12815,4.0
SNX2 (ENSG00000205302),12816,4.0
COL9A1 (ENSG00000112280),12817,4.0
ZNF285 (ENSG00000267508),12818,4.0
SNX15 (ENSG00000110025),12819,4.0
SMCR5 (ENSG00000226746),12820,4.0
CRYL1 (ENSG00000165475),12821,4.0
CHMP5 (ENSG00000086065),12822,4.0
SNHG7 (ENSG00000233016),12823,4.0
AC114803.3 (ENSG00000230432),12824,4.0
STAT2 (ENSG00000170581),12825,4.0
ABI3BP (ENSG00000154175),12826,4.0
SRPX (ENSG00000101955),12827,4.0
STAT3 (ENSG00000168610),12828,4.0
STAT4 (ENSG00000138378),12829,4.0
CLDND2 (ENSG00000160318),12830,4.0
CNBD2 (ENSG00000149646),12831,4.0
ZNF843 (ENSG00000176723),12832,4.0
STARD9 (ENSG00000159433),12833,4.0
ZNF512B (ENSG00000196700),12834,4.0
STAT6 (ENSG00000166888),12835,4.0
CLDN5 (ENSG00000184113),12836,4.0
ZNF512 (ENSG00000243943),12837,4.0
ABHD8 (ENSG00000127220),12838,4.0
ACKR2 (ENSG00000144648),12839,4.0
ACKR3 (ENSG00000144476),12840,4.0
CLDN11 (ENSG00000013297),12841,4.0
CLDN1 (ENSG00000163347),12842,4.0
SNHG9 (ENSG00000255198),12843,4.0
CLCNKA (ENSG00000186510),12844,4.0
ZNF862 (ENSG00000106479),12845,4.0
STARD8 (ENSG00000130052),12846,4.0
SRPX2 (ENSG00000102359),12847,4.0
CRELD1 (ENSG00000163703),12848,4.0
ZNF521 (ENSG00000198795),12849,4.0
ACBD4 (ENSG00000181513),12850,4.0
ZNF518B (ENSG00000178163),12851,4.0
AC006942.4 (ENSG00000269194),12852,4.0
CLEC18B (ENSG00000140839),12853,4.0
SRRM2-AS1 (ENSG00000205913),12854,4.0
CLEC18A (ENSG00000157322),12855,4.0
SNAI2 (ENSG00000019549),12856,4.0
ACBD5 (ENSG00000107897),12857,4.0
CRAT (ENSG00000095321),12858,4.0
SNHG18 (ENSG00000250786),12859,4.0
CLEC16A (ENSG00000038532),12860,4.0
STARD10 (ENSG00000214530),12861,4.0
CMTR1 (ENSG00000137200),12862,4.0
STARD3 (ENSG00000131748),12863,4.0
CMTR2 (ENSG00000180917),12864,4.0
CRABP1 (ENSG00000166426),12865,4.0
STARD3NL (ENSG00000010270),12866,4.0
CLEC14A (ENSG00000176435),12867,4.0
SNAI1 (ENSG00000124216),12868,4.0
STARD4-AS1 (ENSG00000246859),12869,4.0
CPZ (ENSG00000109625),12870,4.0
STARD6 (ENSG00000174448),12871,4.0
CLCN7 (ENSG00000103249),12872,4.0
ZNF575 (ENSG00000176472),12873,4.0
ACO1 (ENSG00000122729),12874,4.0
ABHD4 (ENSG00000100439),12875,4.0
ACO2 (ENSG00000100412),12876,4.0
STK19 (ENSG00000204344),12877,4.0
CNNM1 (ENSG00000119946),12878,4.0
ZNF91 (ENSG00000167232),12879,4.0
CRIP2 (ENSG00000182809),12880,4.0
CLCF1 (ENSG00000175505),12881,4.0
ZNF583 (ENSG00000198440),12882,4.0
CLASRP (ENSG00000104859),12883,4.0
ACOT1 (ENSG00000184227),12884,4.0
ABHD14B (ENSG00000114779),12885,4.0
ZNF503 (ENSG00000165655),12886,4.0
CNOT3 (ENSG00000088038),12887,4.0
STK3 (ENSG00000104375),12888,4.0
SRGAP3 (ENSG00000196220),12889,4.0
ZNF493 (ENSG00000196268),12890,4.0
ABHD14A (ENSG00000248487),12891,4.0
SRGAP2C (ENSG00000171943),12892,4.0
ACOT2 (ENSG00000119673),12893,4.0
ZNF84 (ENSG00000198040),12894,4.0
CRISPLD1 (ENSG00000121005),12895,4.0
SMPDL3A (ENSG00000172594),12896,4.0
CPT1B (ENSG00000205560),12897,4.0
ACOT11 (ENSG00000162390),12898,4.0
ZNF503-AS1 (ENSG00000226051),12899,4.0
CNN3 (ENSG00000117519),12900,4.0
ABHD16A (ENSG00000204427),12901,4.0
ZNF841 (ENSG00000197608),12902,4.0
ZNF506 (ENSG00000081665),12903,4.0
ZNF579 (ENSG00000218891),12904,4.0
SRPRA (ENSG00000182934),12905,4.0
CPXM1 (ENSG00000088882),12906,4.0
STIM1 (ENSG00000167323),12907,4.0
ZNF503-AS2 (ENSG00000237149),12908,4.0
ZNF580 (ENSG00000213015),12909,4.0
CNIH2 (ENSG00000174871),12910,4.0
AC108488.4 (ENSG00000242282),12911,4.0
SRP68 (ENSG00000167881),12912,4.0
CLCN4 (ENSG00000073464),12913,4.0
SRP54 (ENSG00000100883),12914,4.0
CRIM1 (ENSG00000150938),12915,4.0
STK10 (ENSG00000072786),12916,4.0
ZNF582 (ENSG00000018869),12917,4.0
CLCN3 (ENSG00000109572),12918,4.0
CPTP (ENSG00000224051),12919,4.0
ABHD2 (ENSG00000140526),12920,4.0
STK11IP (ENSG00000144589),12921,4.0
STK16 (ENSG00000115661),12922,4.0
ZNF582-AS1 (ENSG00000267454),12923,4.0
CLCN2 (ENSG00000114859),12924,4.0
CLCN6 (ENSG00000011021),12925,4.0
CLEC18C (ENSG00000157335),12926,4.0
SRRM4 (ENSG00000139767),12927,4.0
CLEC1A (ENSG00000150048),12928,4.0
AC159540.1 (ENSG00000230606),12929,4.0
CLIP4 (ENSG00000115295),12930,4.0
AC240274.1 (ENSG00000271254),12931,4.0
CREB3 (ENSG00000107175),12932,4.0
ST13 (ENSG00000100380),12933,4.0
CLPTM1 (ENSG00000104853),12934,4.0
AC245100.1 (ENSG00000280649),12935,4.0
SSBP2 (ENSG00000145687),12936,4.0
ST18 (ENSG00000147488),12937,4.0
CLIP3 (ENSG00000105270),12938,4.0
CLK1 (ENSG00000013441),12939,4.0
ZNF568 (ENSG00000198453),12940,4.0
ST20-AS1 (ENSG00000259642),12941,4.0
AC137932.4 (ENSG00000268218),12942,4.0
CLIP2 (ENSG00000106665),12943,4.0
CREB3L1 (ENSG00000157613),12944,4.0
CREB3L2 (ENSG00000182158),12945,4.0
SNAPC3 (ENSG00000164975),12946,4.0
ST3GAL2 (ENSG00000157350),12947,4.0
SNAPC2 (ENSG00000104976),12948,4.0
ZNF548 (ENSG00000188785),12949,4.0
ST3GAL3 (ENSG00000126091),12950,4.0
CLSTN1 (ENSG00000171603),12951,4.0
SNCA (ENSG00000145335),12952,4.0
AC145124.2 (ENSG00000255495),12953,4.0
CLK3 (ENSG00000179335),12954,4.0
SNCG (ENSG00000173267),12955,4.0
SSPN (ENSG00000123096),12956,4.0
SSH3 (ENSG00000172830),12957,4.0
CLPP (ENSG00000125656),12958,4.0
ZNF559 (ENSG00000188321),12959,4.0
ZNF558 (ENSG00000167785),12960,4.0
AC144831.1 (ENSG00000261888),12961,4.0
ZNF564 (ENSG00000249709),12962,4.0
ZNF565 (ENSG00000196357),12963,4.0
SSC4D (ENSG00000146700),12964,4.0
CLN5 (ENSG00000102805),12965,4.0
SSR2 (ENSG00000163479),12966,4.0
CLMP (ENSG00000166250),12967,4.0
AC140912.1 (ENSG00000261227),12968,4.0
AC140725.4 (ENSG00000259553),12969,4.0
CLMN (ENSG00000165959),12970,4.0
SSBP4 (ENSG00000130511),12971,4.0
ZNF555 (ENSG00000186300),12972,4.0
ZNF554 (ENSG00000172006),12973,4.0
SNCAIP (ENSG00000064692),12974,4.0
CLK4 (ENSG00000113240),12975,4.0
SST (ENSG00000157005),12976,4.0
SSTR1 (ENSG00000139874),12977,4.0
ST3GAL4 (ENSG00000110080),12978,4.0
CLSTN3 (ENSG00000139182),12979,4.0
CLTA (ENSG00000122705),12980,4.0
ST3GAL4-AS1 (ENSG00000280832),12981,4.0
SNAP25 (ENSG00000132639),12982,4.0
ST7 (ENSG00000004866),12983,4.0
CREBZF (ENSG00000137504),12984,4.0
ST7-AS1 (ENSG00000227199),12985,4.0
ST7L (ENSG00000007341),12986,4.0
ST8SIA1 (ENSG00000111728),12987,4.0
CLYBL (ENSG00000125246),12988,4.0
SRSF5 (ENSG00000100650),12989,4.0
ST8SIA2 (ENSG00000140557),12990,4.0
CLHC1 (ENSG00000162994),12991,4.0
ST8SIA4 (ENSG00000113532),12992,4.0
ST8SIA5 (ENSG00000101638),12993,4.0
CLGN (ENSG00000153132),12994,4.0
ACADVL (ENSG00000072778),12995,4.0
CLEC4A (ENSG00000111729),12996,4.0
SRSF4 (ENSG00000116350),12997,4.0
ACAP3 (ENSG00000131584),12998,4.0
ABLIM2 (ENSG00000163995),12999,4.0
CMB9-22P13.1 (ENSG00000173727),13000,4.0
CRB1 (ENSG00000134376),13001,4.0
CMBL (ENSG00000164237),13002,4.0
CMPK1 (ENSG00000162368),13003,4.0
CMPK2 (ENSG00000134326),13004,4.0
ST6GALNAC6 (ENSG00000160408),13005,4.0
CRISPLD2 (ENSG00000103196),13006,4.0
SRSF8 (ENSG00000263465),13007,4.0
ST6GALNAC4 (ENSG00000136840),13008,4.0
ABR (ENSG00000159842),13009,4.0
AC253572.1 (ENSG00000278882),13010,4.0
CLTB (ENSG00000175416),13011,4.0
ACAD10 (ENSG00000111271),13012,4.0
SNAP91 (ENSG00000065609),13013,4.0
CREB5 (ENSG00000146592),13014,4.0
ZNF846 (ENSG00000196605),13015,4.0
ST3GAL5 (ENSG00000115525),13016,4.0
CREBRF (ENSG00000164463),13017,4.0
CLUAP1 (ENSG00000103351),13018,4.0
ACAD11 (ENSG00000240303),13019,4.0
ZNF540 (ENSG00000171817),13020,4.0
CLUL1 (ENSG00000079101),13021,4.0
SNED1 (ENSG00000162804),13022,4.0
ST5 (ENSG00000166444),13023,4.0
CLIC6 (ENSG00000159212),13024,4.0
ZNF536 (ENSG00000198597),13025,4.0
ZNF571-AS1 (ENSG00000267470),13026,4.0
ACAD9 (ENSG00000177646),13027,4.0
ACADL (ENSG00000115361),13028,4.0
CLIC3 (ENSG00000169583),13029,4.0
ZNF529 (ENSG00000186020),13030,4.0
ST6GALNAC3 (ENSG00000184005),13031,4.0
CLVS1 (ENSG00000177182),13032,4.0
ADA (ENSG00000196839),13033,4.0
ABHD11-AS1 (ENSG00000225969),13034,4.0
AC108142.1 (ENSG00000177822),13035,4.0
STX11 (ENSG00000135604),13036,4.0
ACVRL1 (ENSG00000139567),13037,4.0
CRY1 (ENSG00000008405),13038,4.0
ZNF628 (ENSG00000197483),13039,4.0
CRY2 (ENSG00000121671),13040,4.0
STX12 (ENSG00000117758),13041,4.0
ZNF415 (ENSG00000170954),13042,4.0
AC078883.3 (ENSG00000232788),13043,4.0
ABCB5 (ENSG00000004846),13044,4.0
CHRNA3 (ENSG00000080644),13045,4.0
SPON2 (ENSG00000159674),13046,4.0
ZNF414 (ENSG00000133250),13047,4.0
SMIM11A (ENSG00000205670),13048,4.0
CPNE4 (ENSG00000196353),13049,4.0
CPNE2 (ENSG00000140848),13050,4.0
ZNF821 (ENSG00000102984),13051,4.0
CPNE1 (ENSG00000214078),13052,4.0
SMIM10L2B (ENSG00000196972),13053,4.0
AC003986.7 (ENSG00000236536),13054,4.0
ZSCAN23 (ENSG00000187987),13055,4.0
STX18-AS1 (ENSG00000247708),13056,4.0
STX1A (ENSG00000106089),13057,4.0
ZNF410 (ENSG00000119725),13058,4.0
SPOP (ENSG00000121067),13059,4.0
ZNF626 (ENSG00000188171),13060,4.0
ZSCAN18 (ENSG00000121413),13061,4.0
SMIM3 (ENSG00000256235),13062,4.0
COG1 (ENSG00000166685),13063,4.0
CHRNA4 (ENSG00000101204),13064,4.0
SPRY1 (ENSG00000164056),13065,4.0
SPRTN (ENSG00000010072),13066,4.0
ZNF432 (ENSG00000256087),13067,4.0
AC079630.4 (ENSG00000225342),13068,4.0
CRTC2 (ENSG00000160741),13069,4.0
COG3 (ENSG00000136152),13070,4.0
ZNF430 (ENSG00000118620),13071,4.0
STUB1 (ENSG00000103266),13072,4.0
ACTR10 (ENSG00000131966),13073,4.0
ZNF428 (ENSG00000131116),13074,4.0
ACTR1A (ENSG00000138107),13075,4.0
ACTR1B (ENSG00000115073),13076,4.0
ZNF624 (ENSG00000197566),13077,4.0
CPNE8 (ENSG00000139117),13078,4.0
COG4 (ENSG00000103051),13079,4.0
CRTC3 (ENSG00000140577),13080,4.0
AC079305.10 (ENSG00000222043),13081,4.0
ACVR1 (ENSG00000115170),13082,4.0
SPPL2B (ENSG00000005206),13083,4.0
COG5 (ENSG00000164597),13084,4.0
ABCB4 (ENSG00000005471),13085,4.0
CRTC1 (ENSG00000105662),13086,4.0
CRYGS (ENSG00000213139),13087,4.0
CRYM (ENSG00000103316),13088,4.0
ABCA9 (ENSG00000154258),13089,4.0
SPIRE2 (ENSG00000204991),13090,4.0
ACYP2 (ENSG00000170634),13091,4.0
ZNF396 (ENSG00000186496),13092,4.0
COG7 (ENSG00000168434),13093,4.0
COL11A1 (ENSG00000060718),13094,4.0
CSAD (ENSG00000139631),13095,4.0
CSDC2 (ENSG00000172346),13096,4.0
STXBP1 (ENSG00000136854),13097,4.0
CHODL (ENSG00000154645),13098,4.0
SNTG1 (ENSG00000147481),13099,4.0
CHN2 (ENSG00000106069),13100,4.0
CPED1 (ENSG00000106034),13101,4.0
COL12A1 (ENSG00000111799),13102,4.0
CHN1 (ENSG00000128656),13103,4.0
CHMP6 (ENSG00000176108),13104,4.0
AC073321.4 (ENSG00000225794),13105,4.0
STXBP5L (ENSG00000145087),13106,4.0
CPEB2 (ENSG00000137449),13107,4.0
AC073283.4 (ENSG00000234690),13108,4.0
CPE (ENSG00000109472),13109,4.0
CSF1 (ENSG00000184371),13110,4.0
COL11A2 (ENSG00000204248),13111,4.0
CRYZL1 (ENSG00000205758),13112,4.0
STX7 (ENSG00000079950),13113,4.0
CHPF (ENSG00000123989),13114,4.0
CHRM2 (ENSG00000181072),13115,4.0
AC074391.1 (ENSG00000204929),13116,4.0
SPOCK3 (ENSG00000196104),13117,4.0
SMIM1 (ENSG00000235169),13118,4.0
SMG9 (ENSG00000105771),13119,4.0
SPOCK2 (ENSG00000107742),13120,4.0
AC004069.2 (ENSG00000251259),13121,4.0
SPOCK1 (ENSG00000152377),13122,4.0
ZNF408 (ENSG00000175213),13123,4.0
AC073957.15 (ENSG00000225146),13124,4.0
CPLX2 (ENSG00000145920),13125,4.0
CHRD (ENSG00000090539),13126,4.0
ZSCAN26 (ENSG00000197062),13127,4.0
COG6 (ENSG00000133103),13128,4.0
CHPF2 (ENSG00000033100),13129,4.0
SPN (ENSG00000197471),13130,4.0
SMG8 (ENSG00000167447),13131,4.0
AC004231.2 (ENSG00000234477),13132,4.0
ABCB1 (ENSG00000085563),13133,4.0
SNTA1 (ENSG00000101400),13134,4.0
CPLX1 (ENSG00000168993),13135,4.0
ZNF404 (ENSG00000176222),13136,4.0
STX5 (ENSG00000162236),13137,4.0
CRBN (ENSG00000113851),13138,4.0
AC084219.4 (ENSG00000186019),13139,4.0
ACTG2 (ENSG00000163017),13140,4.0
SPRYD3 (ENSG00000167778),13141,4.0
CISH (ENSG00000114737),13142,4.0
ABCD4 (ENSG00000119688),13143,4.0
SMN1 (ENSG00000172062),13144,4.0
AC093702.1 (ENSG00000231156),13145,4.0
CNST (ENSG00000162852),13146,4.0
STK40 (ENSG00000196182),13147,4.0
ACSF2 (ENSG00000167107),13148,4.0
ZNF474 (ENSG00000164185),13149,4.0
STKLD1 (ENSG00000198870),13150,4.0
ZNF471 (ENSG00000196263),13151,4.0
CROCC (ENSG00000058453),13152,4.0
CRTAC1 (ENSG00000095713),13153,4.0
AC093642.3 (ENSG00000237940),13154,4.0
ZNF467 (ENSG00000181444),13155,4.0
STMN2 (ENSG00000104435),13156,4.0
AC093495.4 (ENSG00000228242),13157,4.0
ACSL1 (ENSG00000151726),13158,4.0
STMN3 (ENSG00000197457),13159,4.0
ZNF599 (ENSG00000153896),13160,4.0
SRBD1 (ENSG00000068784),13161,4.0
CNTD1 (ENSG00000176563),13162,4.0
STMN4 (ENSG00000015592),13163,4.0
AC093673.5 (ENSG00000232533),13164,4.0
CNRIP1 (ENSG00000119865),13165,4.0
STK38 (ENSG00000112079),13166,4.0
CRNKL1 (ENSG00000101343),13167,4.0
ZNF487 (ENSG00000243660),13168,4.0
ACOX1 (ENSG00000161533),13169,4.0
CKM (ENSG00000104879),13170,4.0
AC105760.2 (ENSG00000227252),13171,4.0
STK32B (ENSG00000152953),13172,4.0
ACOX3 (ENSG00000087008),13173,4.0
ABCG1 (ENSG00000160179),13174,4.0
SRGAP1 (ENSG00000196935),13175,4.0
SMPD3 (ENSG00000103056),13176,4.0
CNOT6L (ENSG00000138767),13177,4.0
ABTB1 (ENSG00000114626),13178,4.0
ZNRF3-AS1 (ENSG00000177993),13179,4.0
SMPD1 (ENSG00000166311),13180,4.0
ACP2 (ENSG00000134575),13181,4.0
CKAP4 (ENSG00000136026),13182,4.0
CNPY1 (ENSG00000146910),13183,4.0
SMOX (ENSG00000088826),13184,4.0
ACRBP (ENSG00000111644),13185,4.0
CPT1A (ENSG00000110090),13186,4.0
SMOC2 (ENSG00000112562),13187,4.0
CNPY4 (ENSG00000166997),13188,4.0
SREBF2 (ENSG00000198911),13189,4.0
ABCF3 (ENSG00000161204),13190,4.0
ZNF606 (ENSG00000166704),13191,4.0
CNTFR (ENSG00000122756),13192,4.0
CIRBP (ENSG00000099622),13193,4.0
STOML1 (ENSG00000067221),13194,4.0
CHST15 (ENSG00000182022),13195,4.0
AC092198.1 (ENSG00000223486),13196,4.0
ACTB (ENSG00000075624),13197,4.0
CHST12 (ENSG00000136213),13198,4.0
CPQ (ENSG00000104324),13199,4.0
ZRSR1 (ENSG00000212643),13200,4.0
ZRSR2 (ENSG00000169249),13201,4.0
ACTG1 (ENSG00000184009),13202,4.0
SPSB3 (ENSG00000162032),13203,4.0
ZNF442 (ENSG00000198342),13204,4.0
AC091878.1 (ENSG00000215196),13205,4.0
STRIP1 (ENSG00000143093),13206,4.0
CNTNAP1 (ENSG00000108797),13207,4.0
ZNF440 (ENSG00000171295),13208,4.0
ABCB9 (ENSG00000150967),13209,4.0
ZSCAN12 (ENSG00000158691),13210,4.0
CHST1 (ENSG00000175264),13211,4.0
SPSB1 (ENSG00000171621),13212,4.0
ZNF44 (ENSG00000197857),13213,4.0
CHRND (ENSG00000135902),13214,4.0
CHRNB4 (ENSG00000117971),13215,4.0
ZNF438 (ENSG00000183621),13216,4.0
ZNF436 (ENSG00000125945),13217,4.0
SPTAN1 (ENSG00000197694),13218,4.0
ZNF584 (ENSG00000171574),13219,4.0
CNTN6 (ENSG00000134115),13220,4.0
CHST3 (ENSG00000122863),13221,4.0
ZNF460 (ENSG00000197714),13222,4.0
CIR1 (ENSG00000138433),13223,4.0
STOML3 (ENSG00000133115),13224,4.0
ABTB2 (ENSG00000166016),13225,4.0
CILP2 (ENSG00000160161),13226,4.0
ZNF454 (ENSG00000178187),13227,4.0
SQLE (ENSG00000104549),13228,4.0
CIART (ENSG00000159208),13229,4.0
ABCC9 (ENSG00000069431),13230,4.0
ACSS2 (ENSG00000131069),13231,4.0
SPX (ENSG00000134548),13232,4.0
CNTLN (ENSG00000044459),13233,4.0
SPTY2D1 (ENSG00000179119),13234,4.0
CNTN1 (ENSG00000018236),13235,4.0
CNTN2 (ENSG00000184144),13236,4.0
ZNF836 (ENSG00000196267),13237,4.0
CPSF3L (ENSG00000127054),13238,4.0
CNTN3 (ENSG00000113805),13239,4.0
AC002117.1 (ENSG00000224505),13240,4.0
SPTLC1 (ENSG00000090054),13241,4.0
ZNF446 (ENSG00000083838),13242,4.0
CNTN4 (ENSG00000144619),13243,4.0
CNTN5 (ENSG00000149972),13244,4.0
CHST2 (ENSG00000175040),13245,4.0
COQ6 (ENSG00000119723),13246,4.0
ALDH1A1 (ENSG00000165092),13247,4.0
ADD3 (ENSG00000148700),13248,4.0
VANGL2 (ENSG00000162738),13249,4.0
VAPA (ENSG00000101558),13250,4.0
TPGS1 (ENSG00000141933),13251,4.0
C2orf50 (ENSG00000150873),13252,4.0
ARMC7 (ENSG00000125449),13253,4.0
ARMC5 (ENSG00000140691),13254,4.0
TPCN1 (ENSG00000186815),13255,4.0
ARMCX1 (ENSG00000126947),13256,4.0
TPBGL (ENSG00000261594),13257,4.0
VASH1 (ENSG00000071246),13258,4.0
ARMC3 (ENSG00000165309),13259,4.0
VASN (ENSG00000168140),13260,4.0
ARMC12 (ENSG00000157343),13261,4.0
TP53INP2 (ENSG00000078804),13262,4.0
C2orf73 (ENSG00000177994),13263,4.0
TP53I13 (ENSG00000167543),13264,4.0
TPBG (ENSG00000146242),13265,4.0
C2orf40 (ENSG00000119147),13266,4.0
C2CD4C (ENSG00000183186),13267,4.0
TPM4 (ENSG00000167460),13268,4.0
ARNT (ENSG00000143437),13269,4.0
ARMCX6 (ENSG00000198960),13270,4.0
TPT1-AS1 (ENSG00000170919),13271,4.0
ARMCX5 (ENSG00000125962),13272,4.0
VAMP2 (ENSG00000220205),13273,4.0
VAMP3 (ENSG00000049245),13274,4.0
C21orf62 (ENSG00000205929),13275,4.0
C21orf62-AS1 (ENSG00000205930),13276,4.0
C22orf15 (ENSG00000169314),13277,4.0
TPRG1 (ENSG00000188001),13278,4.0
C22orf23 (ENSG00000128346),13279,4.0
ARMCX4 (ENSG00000196440),13280,4.0
TPPP3 (ENSG00000159713),13281,4.0
TPPP2 (ENSG00000179636),13282,4.0
TPPP (ENSG00000171368),13283,4.0
C2CD2L (ENSG00000172375),13284,4.0
ARMCX3 (ENSG00000102401),13285,4.0
C2orf81 (ENSG00000159239),13286,4.0
C20orf96 (ENSG00000196476),13287,4.0
ARL8A (ENSG00000143862),13288,4.0
ARL6IP5 (ENSG00000144746),13289,4.0
ARL13B (ENSG00000169379),13290,4.0
C4orf47 (ENSG00000205129),13291,4.0
VEZT (ENSG00000028203),13292,4.0
ARIH2OS (ENSG00000221883),13293,4.0
C5AR1 (ENSG00000197405),13294,4.0
C5orf15 (ENSG00000113583),13295,4.0
C5orf24 (ENSG00000181904),13296,4.0
C4orf33 (ENSG00000151470),13297,4.0
ARID5B (ENSG00000150347),13298,4.0
C5orf42 (ENSG00000197603),13299,4.0
TOM1L2 (ENSG00000175662),13300,4.0
C5orf45 (ENSG00000161010),13301,4.0
TOM1 (ENSG00000100284),13302,4.0
C5orf49 (ENSG00000215217),13303,4.0
TOLLIP (ENSG00000078902),13304,4.0
C5orf56 (ENSG00000197536),13305,4.0
VGLL4 (ENSG00000144560),13306,4.0
C4orf26 (ENSG00000174792),13307,4.0
TOP3B (ENSG00000100038),13308,4.0
C4orf22 (ENSG00000197826),13309,4.0
C2orf91 (ENSG00000205086),13310,4.0
VCAM1 (ENSG00000162692),13311,4.0
ARL4D (ENSG00000175906),13312,4.0
ARL2BP (ENSG00000102931),13313,4.0
C3orf18 (ENSG00000088543),13314,4.0
ARL17B (ENSG00000228696),13315,4.0
TOX2 (ENSG00000124191),13316,4.0
TOX (ENSG00000198846),13317,4.0
ARL17A (ENSG00000185829),13318,4.0
C3orf33 (ENSG00000174928),13319,4.0
TOR2A (ENSG00000160404),13320,4.0
C3orf58 (ENSG00000181744),13321,4.0
VDAC2 (ENSG00000165637),13322,4.0
ARL16 (ENSG00000214087),13323,4.0
TOR1AIP1 (ENSG00000143337),13324,4.0
C3orf70 (ENSG00000187068),13325,4.0
C3orf80 (ENSG00000180044),13326,4.0
VAX2 (ENSG00000116035),13327,4.0
C20orf85 (ENSG00000124237),13328,4.0
C20orf203 (ENSG00000198547),13329,4.0
TRAC (ENSG00000277734),13330,4.0
ASB9 (ENSG00000102048),13331,4.0
C19orf57 (ENSG00000132016),13332,4.0
ASB8 (ENSG00000177981),13333,4.0
C19orf66 (ENSG00000130813),13334,4.0
ASB4 (ENSG00000005981),13335,4.0
TRIM16L (ENSG00000108448),13336,4.0
TRIM16 (ENSG00000221926),13337,4.0
ASCC1 (ENSG00000138303),13338,4.0
ASB3 (ENSG00000115239),13339,4.0
TRIL (ENSG00000255690),13340,4.0
TRIB3 (ENSG00000101255),13341,4.0
TRIB2 (ENSG00000071575),13342,4.0
C1QTNF1 (ENSG00000173918),13343,4.0
C1QTNF2 (ENSG00000145861),13344,4.0
TRHDE (ENSG00000072657),13345,4.0
TRH (ENSG00000170893),13346,4.0
C1QL4 (ENSG00000186897),13347,4.0
C19orf45 (ENSG00000198723),13348,4.0
C19orf38 (ENSG00000214212),13349,4.0
USP4 (ENSG00000114316),13350,4.0
C17orf50 (ENSG00000270806),13351,4.0
TRIM52 (ENSG00000183718),13352,4.0
TRIM5 (ENSG00000132256),13353,4.0
TRIM47 (ENSG00000132481),13354,4.0
C17orf51 (ENSG00000212719),13355,4.0
ASCL1 (ENSG00000139352),13356,4.0
C17orf82 (ENSG00000187013),13357,4.0
TRIM41 (ENSG00000146063),13358,4.0
TRIM4 (ENSG00000146833),13359,4.0
USP38 (ENSG00000170185),13360,4.0
ASCC2 (ENSG00000100325),13361,4.0
C17orf97 (ENSG00000187624),13362,4.0
C18orf32 (ENSG00000177576),13363,4.0
C18orf65 (ENSG00000275763),13364,4.0
TRIM32 (ENSG00000119401),13365,4.0
TRIM3 (ENSG00000110171),13366,4.0
C19orf12 (ENSG00000131943),13367,4.0
USP47 (ENSG00000170242),13368,4.0
ASB12 (ENSG00000198881),13369,4.0
C1QTNF3 (ENSG00000082196),13370,4.0
C1QTNF4 (ENSG00000172247),13371,4.0
C1orf234 (ENSG00000227868),13372,4.0
ARX (ENSG00000004848),13373,4.0
ART3 (ENSG00000156219),13374,4.0
C1orf27 (ENSG00000157181),13375,4.0
C1orf43 (ENSG00000143612),13376,4.0
ARSJ (ENSG00000180801),13377,4.0
C1orf54 (ENSG00000118292),13378,4.0
ARSA (ENSG00000100299),13379,4.0
ARRDC4 (ENSG00000140450),13380,4.0
TRAFD1 (ENSG00000135148),13381,4.0
C1orf56 (ENSG00000143443),13382,4.0
ARRDC3 (ENSG00000113369),13383,4.0
C2 (ENSG00000166278),13384,4.0
ARPP21 (ENSG00000172995),13385,4.0
TRAF3IP2 (ENSG00000056972),13386,4.0
TRAF3 (ENSG00000131323),13387,4.0
C20orf195 (ENSG00000125531),13388,4.0
TRAM1L1 (ENSG00000174599),13389,4.0
VIM (ENSG00000026025),13390,4.0
C1orf229 (ENSG00000221953),13391,4.0
C1orf228 (ENSG00000198520),13392,4.0
ASAP3 (ENSG00000088280),13393,4.0
C1QTNF6 (ENSG00000133466),13394,4.0
C1QTNF7 (ENSG00000163145),13395,4.0
C1R (ENSG00000159403),13396,4.0
TRDC (ENSG00000211829),13397,4.0
ASAH2B (ENSG00000204147),13398,4.0
USP53 (ENSG00000145390),13399,4.0
C1S (ENSG00000182326),13400,4.0
C1orf101 (ENSG00000179397),13401,4.0
ASAH2 (ENSG00000188611),13402,4.0
C1orf145 (ENSG00000162913),13403,4.0
C1orf158 (ENSG00000157330),13404,4.0
C1orf162 (ENSG00000143110),13405,4.0
C1orf168 (ENSG00000187889),13406,4.0
C1orf194 (ENSG00000179902),13407,4.0
ASAH1 (ENSG00000104763),13408,4.0
C1orf216 (ENSG00000142686),13409,4.0
TRAM2-AS1 (ENSG00000225791),13410,4.0
ASGR1 (ENSG00000141505),13411,4.0
TNS2 (ENSG00000111077),13412,4.0
VIM-AS1 (ENSG00000229124),13413,4.0
CACNA2D2 (ENSG00000007402),13414,4.0
TMEM68 (ENSG00000167904),13415,4.0
TMEM67 (ENSG00000164953),13416,4.0
ARFGAP2 (ENSG00000149182),13417,4.0
VWA8-AS1 (ENSG00000278338),13418,4.0
CACNB1 (ENSG00000067191),13419,4.0
TMEM63C (ENSG00000165548),13420,4.0
ARFGAP3 (ENSG00000242247),13421,4.0
VWC2 (ENSG00000188730),13422,4.0
ARFGAP1 (ENSG00000101199),13423,4.0
ARF4 (ENSG00000168374),13424,4.0
ARF1 (ENSG00000143761),13425,4.0
CACNB3 (ENSG00000167535),13426,4.0
CACNB4 (ENSG00000182389),13427,4.0
TMEM59L (ENSG00000105696),13428,4.0
WARS2 (ENSG00000116874),13429,4.0
CACNB2 (ENSG00000165995),13430,4.0
VWA1 (ENSG00000179403),13431,4.0
CACNA1G-AS1 (ENSG00000250107),13432,4.0
TMEM74B (ENSG00000125895),13433,4.0
TMLHE (ENSG00000185973),13434,4.0
TMIGD2 (ENSG00000167664),13435,4.0
TMF1 (ENSG00000144747),13436,4.0
TMEM9B (ENSG00000175348),13437,4.0
CA8 (ENSG00000178538),13438,4.0
CA9 (ENSG00000107159),13439,4.0
TMEM91 (ENSG00000142046),13440,4.0
TMEM9 (ENSG00000116857),13441,4.0
TMEM8B (ENSG00000137103),13442,4.0
CACFD1 (ENSG00000160325),13443,4.0
TMEM87A (ENSG00000103978),13444,4.0
ARFRP1 (ENSG00000101246),13445,4.0
CACNA1C (ENSG00000151067),13446,4.0
CACNA1D (ENSG00000157388),13447,4.0
CACNA1E (ENSG00000198216),13448,4.0
CACNA1G (ENSG00000006283),13449,4.0
TMEM79 (ENSG00000163472),13450,4.0
WAS (ENSG00000015285),13451,4.0
VSTM2L (ENSG00000132821),13452,4.0
TMEM59 (ENSG00000116209),13453,4.0
WASF1 (ENSG00000112290),13454,4.0
CALD1 (ENSG00000122786),13455,4.0
APPL2 (ENSG00000136044),13456,4.0
APPBP2 (ENSG00000062725),13457,4.0
TMEM38A (ENSG00000072954),13458,4.0
CALHM2 (ENSG00000138172),13459,4.0
TMEM35 (ENSG00000126950),13460,4.0
APP (ENSG00000142192),13461,4.0
CALCRL (ENSG00000064989),13462,4.0
APOLD1 (ENSG00000178878),13463,4.0
APOL4 (ENSG00000100336),13464,4.0
CALU (ENSG00000128595),13465,4.0
WDR11 (ENSG00000120008),13466,4.0
APOL2 (ENSG00000128335),13467,4.0
TMEM263 (ENSG00000151135),13468,4.0
WDR13 (ENSG00000101940),13469,4.0
WDR17 (ENSG00000150627),13470,4.0
TMEM30A (ENSG00000112697),13471,4.0
APTR (ENSG00000214293),13472,4.0
TMEM41A (ENSG00000163900),13473,4.0
CALCOCO2 (ENSG00000136436),13474,4.0
ARC (ENSG00000198576),13475,4.0
ARAP1 (ENSG00000186635),13476,4.0
CADM3 (ENSG00000162706),13477,4.0
WASH1 (ENSG00000181404),13478,4.0
CADM4 (ENSG00000105767),13479,4.0
CADPS (ENSG00000163618),13480,4.0
TMEM50B (ENSG00000142188),13481,4.0
WASIR2 (ENSG00000231439),13482,4.0
CALB1 (ENSG00000104327),13483,4.0
WBP1 (ENSG00000239779),13484,4.0
TMEM45A (ENSG00000181458),13485,4.0
AQP5 (ENSG00000161798),13486,4.0
WBP2 (ENSG00000132471),13487,4.0
AQP4 (ENSG00000171885),13488,4.0
WBP5 (ENSG00000185222),13489,4.0
TMEM43 (ENSG00000170876),13490,4.0
CALCOCO1 (ENSG00000012822),13491,4.0
CACNG4 (ENSG00000075461),13492,4.0
VSTM2B (ENSG00000187135),13493,4.0
ARHGAP19-SLIT1 (ENSG00000269891),13494,4.0
TMPPE (ENSG00000188167),13495,4.0
TNKS (ENSG00000173273),13496,4.0
TNK2 (ENSG00000061938),13497,4.0
VLDLR (ENSG00000147852),13498,4.0
C8orf37 (ENSG00000156172),13499,4.0
TNIP1 (ENSG00000145901),13500,4.0
ARHGEF6 (ENSG00000129675),13501,4.0
ARHGEF40 (ENSG00000165801),13502,4.0
C7orf61 (ENSG00000185955),13503,4.0
TNFSF13B (ENSG00000102524),13504,4.0
ARHGEF4 (ENSG00000136002),13505,4.0
ARHGEF3 (ENSG00000163947),13506,4.0
ARHGEF25 (ENSG00000240771),13507,4.0
C8orf4 (ENSG00000176907),13508,4.0
VPS11 (ENSG00000160695),13509,4.0
ARHGEF2 (ENSG00000116584),13510,4.0
VPS16 (ENSG00000215305),13511,4.0
VMO1 (ENSG00000182853),13512,4.0
C7orf60 (ENSG00000164603),13513,4.0
C7orf57 (ENSG00000164746),13514,4.0
C7orf50 (ENSG00000146540),13515,4.0
ARID5A (ENSG00000196843),13516,4.0
C6orf1 (ENSG00000186577),13517,4.0
C6orf118 (ENSG00000112539),13518,4.0
C6orf48 (ENSG00000204387),13519,4.0
TNRC18 (ENSG00000182095),13520,4.0
C6orf52 (ENSG00000137434),13521,4.0
VIPAS39 (ENSG00000151445),13522,4.0
C6orf89 (ENSG00000198663),13523,4.0
TNNT3 (ENSG00000130595),13524,4.0
ARID4A (ENSG00000032219),13525,4.0
VIT (ENSG00000205221),13526,4.0
C7 (ENSG00000112936),13527,4.0
TNNI3K (ENSG00000116783),13528,4.0
C7orf26 (ENSG00000146576),13529,4.0
TNNI2 (ENSG00000130598),13530,4.0
C7orf31 (ENSG00000153790),13531,4.0
ARHGEF7 (ENSG00000102606),13532,4.0
ARHGEF12 (ENSG00000196914),13533,4.0
C8orf46 (ENSG00000169085),13534,4.0
TNFRSF1A (ENSG00000067182),13535,4.0
ARHGEF1 (ENSG00000076928),13536,4.0
VPS53 (ENSG00000141252),13537,4.0
C9orf41-AS1 (ENSG00000203321),13538,4.0
TMUB2 (ENSG00000168591),13539,4.0
C9orf47 (ENSG00000186354),13540,4.0
TMTC4 (ENSG00000125247),13541,4.0
TMTC2 (ENSG00000179104),13542,4.0
ARHGAP31 (ENSG00000031081),13543,4.0
VPS8 (ENSG00000156931),13544,4.0
VPS9D1 (ENSG00000075399),13545,4.0
C9orf91 (ENSG00000157693),13546,4.0
TMSB15B (ENSG00000158427),13547,4.0
TMSB10 (ENSG00000034510),13548,4.0
TMPRSS9 (ENSG00000178297),13549,4.0
ARHGAP28 (ENSG00000088756),13550,4.0
CA10 (ENSG00000154975),13551,4.0
CA12 (ENSG00000074410),13552,4.0
ARHGAP20 (ENSG00000137727),13553,4.0
C9orf24 (ENSG00000164972),13554,4.0
TNS1 (ENSG00000079308),13555,4.0
C9orf172 (ENSG00000232434),13556,4.0
TNFAIP1 (ENSG00000109079),13557,4.0
VPS26B (ENSG00000151502),13558,4.0
VPS28 (ENSG00000160948),13559,4.0
ARHGDIG (ENSG00000242173),13560,4.0
ARHGDIA (ENSG00000141522),13561,4.0
C8orf89 (ENSG00000274443),13562,4.0
C9orf106 (ENSG00000179082),13563,4.0
TNFRSF10D (ENSG00000173530),13564,4.0
VPS35 (ENSG00000069329),13565,4.0
TNFRSF10B (ENSG00000120889),13566,4.0
VPS37B (ENSG00000139722),13567,4.0
TNFAIP8L1 (ENSG00000185361),13568,4.0
C9orf147 (ENSG00000230185),13569,4.0
VPS37D (ENSG00000176428),13570,4.0
ARHGAP5-AS1 (ENSG00000258655),13571,4.0
TNFAIP6 (ENSG00000123610),13572,4.0
ARHGAP5 (ENSG00000100852),13573,4.0
ARHGAP4 (ENSG00000089820),13574,4.0
VPS50 (ENSG00000004766),13575,4.0
CALY (ENSG00000130643),13576,4.0
ASH1L (ENSG00000116539),13577,4.0
C17orf107 (ENSG00000205710),13578,4.0
AZGP1 (ENSG00000160862),13579,4.0
TULP3 (ENSG00000078246),13580,4.0
TULP1 (ENSG00000112041),13581,4.0
AXL (ENSG00000167601),13582,4.0
UCKL1-AS1 (ENSG00000280213),13583,4.0
BLOC1S6 (ENSG00000104164),13584,4.0
BLVRB (ENSG00000090013),13585,4.0
AZI2 (ENSG00000163512),13586,4.0
AVPR1A (ENSG00000166148),13587,4.0
UCN (ENSG00000163794),13588,4.0
TUBGCP3 (ENSG00000126216),13589,4.0
TUBGCP2 (ENSG00000130640),13590,4.0
TUBG2 (ENSG00000037042),13591,4.0
BMI1 (ENSG00000168283),13592,4.0
UCP3 (ENSG00000175564),13593,4.0
BMP1 (ENSG00000168487),13594,4.0
BLZF1 (ENSG00000117475),13595,4.0
BLOC1S4 (ENSG00000186222),13596,4.0
AZIN1-AS1 (ENSG00000253320),13597,4.0
AZIN2 (ENSG00000142920),13598,4.0
TXNDC11 (ENSG00000153066),13599,4.0
UBXN6 (ENSG00000167671),13600,4.0
BIRC2 (ENSG00000110330),13601,4.0
BIRC3 (ENSG00000023445),13602,4.0
B2M (ENSG00000166710),13603,4.0
AZU1 (ENSG00000172232),13604,4.0
BIRC7 (ENSG00000101197),13605,4.0
TXLNB (ENSG00000164440),13606,4.0
BIVM (ENSG00000134897),13607,4.0
TWIST2 (ENSG00000233608),13608,4.0
TWIST1 (ENSG00000122691),13609,4.0
BLCAP (ENSG00000166619),13610,4.0
TWF1 (ENSG00000151239),13611,4.0
TVP23C (ENSG00000175106),13612,4.0
TVP23B (ENSG00000171928),13613,4.0
TUT1 (ENSG00000149016),13614,4.0
TUSC3 (ENSG00000104723),13615,4.0
AVIL (ENSG00000135407),13616,4.0
TXNDC15 (ENSG00000113621),13617,4.0
TUBB6 (ENSG00000176014),13618,4.0
UFL1 (ENSG00000014123),13619,4.0
BNC2 (ENSG00000173068),13620,4.0
TTLL3 (ENSG00000214021),13621,4.0
BNIP1 (ENSG00000113734),13622,4.0
TTLL11 (ENSG00000175764),13623,4.0
TTLL10 (ENSG00000162571),13624,4.0
TTLL1 (ENSG00000100271),13625,4.0
BNIP3 (ENSG00000176171),13626,4.0
TTLL9 (ENSG00000131044),13627,4.0
BNIP3L (ENSG00000104765),13628,4.0
BORCS6 (ENSG00000196544),13629,4.0
BORCS7 (ENSG00000166275),13630,4.0
ATP8B3 (ENSG00000130270),13631,4.0
TTC9B (ENSG00000174521),13632,4.0
TTC8 (ENSG00000165533),13633,4.0
BPGM (ENSG00000172331),13634,4.0
UHRF1BP1L (ENSG00000111647),13635,4.0
BOC (ENSG00000144857),13636,4.0
BMS1P14 (ENSG00000276500),13637,4.0
BMPR2 (ENSG00000204217),13638,4.0
ATRNL1 (ENSG00000107518),13639,4.0
TUBB4A (ENSG00000104833),13640,4.0
TUBB3 (ENSG00000258947),13641,4.0
ATXN7L2 (ENSG00000162650),13642,4.0
ATXN2 (ENSG00000204842),13643,4.0
UFSP2 (ENSG00000109775),13644,4.0
BMP3 (ENSG00000152785),13645,4.0
TUBB (ENSG00000196230),13646,4.0
TUBA1A (ENSG00000167552),13647,4.0
UG0898H09 (ENSG00000274956),13648,4.0
ATXN10 (ENSG00000130638),13649,4.0
ATXN1 (ENSG00000124788),13650,4.0
BMP6 (ENSG00000153162),13651,4.0
ATRX (ENSG00000085224),13652,4.0
TTYH2 (ENSG00000141540),13653,4.0
TTYH1 (ENSG00000167614),13654,4.0
BMP8B (ENSG00000116985),13655,4.0
TTR (ENSG00000118271),13656,4.0
AUP1 (ENSG00000115307),13657,4.0
BICD2 (ENSG00000185963),13658,4.0
BICC1 (ENSG00000122870),13659,4.0
BHLHE40-AS1 (ENSG00000235831),13660,4.0
BBS10 (ENSG00000179941),13661,4.0
UBE2E3 (ENSG00000170035),13662,4.0
B4GALT7 (ENSG00000027847),13663,4.0
UBE2E2 (ENSG00000182247),13664,4.0
BBS12 (ENSG00000181004),13665,4.0
B4GALT3 (ENSG00000158850),13666,4.0
BBS2 (ENSG00000125124),13667,4.0
BBOF1 (ENSG00000119636),13668,4.0
BBS4 (ENSG00000140463),13669,4.0
BBX (ENSG00000114439),13670,4.0
UBE2B (ENSG00000119048),13671,4.0
BCAS3 (ENSG00000141376),13672,4.0
UBC (ENSG00000150991),13673,4.0
BCDIN3D-AS1 (ENSG00000258057),13674,4.0
UBAP1 (ENSG00000165006),13675,4.0
BCKDHA (ENSG00000248098),13676,4.0
BBS5 (ENSG00000163093),13677,4.0
BBC3 (ENSG00000105327),13678,4.0
BAZ2B (ENSG00000123636),13679,4.0
UBL4B (ENSG00000186150),13680,4.0
BACE2 (ENSG00000182240),13681,4.0
BAD (ENSG00000002330),13682,4.0
BAG3 (ENSG00000151929),13683,4.0
BAG6 (ENSG00000204463),13684,4.0
BACE1 (ENSG00000186318),13685,4.0
BAALC-AS2 (ENSG00000236939),13686,4.0
BAIAP2 (ENSG00000175866),13687,4.0
BAIAP2-AS1 (ENSG00000226137),13688,4.0
UBE2QL1 (ENSG00000215218),13689,4.0
BAALC (ENSG00000164929),13690,4.0
BAIAP3 (ENSG00000007516),13691,4.0
BARHL1 (ENSG00000125492),13692,4.0
BARHL2 (ENSG00000143032),13693,4.0
BARX1 (ENSG00000131668),13694,4.0
B4GAT1 (ENSG00000174684),13695,4.0
UBL3 (ENSG00000122042),13696,4.0
BASP1 (ENSG00000176788),13697,4.0
BCL2 (ENSG00000171791),13698,4.0
UBA7 (ENSG00000182179),13699,4.0
BCL3 (ENSG00000069399),13700,4.0
UBA6 (ENSG00000033178),13701,4.0
BEND5 (ENSG00000162373),13702,4.0
B3GALT2 (ENSG00000162630),13703,4.0
UBXN1 (ENSG00000162191),13704,4.0
TYRP1 (ENSG00000107165),13705,4.0
BEND7 (ENSG00000165626),13706,4.0
TYR (ENSG00000077498),13707,4.0
UBXN10 (ENSG00000162543),13708,4.0
TYK2 (ENSG00000105397),13709,4.0
TXNRD3 (ENSG00000197763),13710,4.0
BEX4 (ENSG00000102409),13711,4.0
UBXN11 (ENSG00000158062),13712,4.0
BGLAP (ENSG00000242252),13713,4.0
BGN (ENSG00000182492),13714,4.0
BHLHE22 (ENSG00000180828),13715,4.0
TXNIP (ENSG00000265972),13716,4.0
B3GALNT1 (ENSG00000169255),13717,4.0
BHLHE40 (ENSG00000134107),13718,4.0
BEGAIN (ENSG00000183092),13719,4.0
ATP7A (ENSG00000165240),13720,4.0
B3GALT6 (ENSG00000176022),13721,4.0
BDNF (ENSG00000176697),13722,4.0
UBQLN2 (ENSG00000188021),13723,4.0
BCL7A (ENSG00000110987),13724,4.0
BCO2 (ENSG00000197580),13725,4.0
B4GALNT1 (ENSG00000135454),13726,4.0
B3GNT9 (ENSG00000237172),13727,4.0
UAP1L1 (ENSG00000197355),13728,4.0
UAP1 (ENSG00000117143),13729,4.0
B3GNT8 (ENSG00000177191),13730,4.0
B3GNT5 (ENSG00000176597),13731,4.0
B3GLCT (ENSG00000187676),13732,4.0
B3GAT3 (ENSG00000149541),13733,4.0
U73166.2 (ENSG00000230454),13734,4.0
BCYRN1 (ENSG00000236824),13735,4.0
BDH2 (ENSG00000164039),13736,4.0
BDKRB1 (ENSG00000100739),13737,4.0
BDKRB2 (ENSG00000168398),13738,4.0
B3GAT2 (ENSG00000112309),13739,4.0
BDNF-AS (ENSG00000245573),13740,4.0
C17orf49 (ENSG00000258315),13741,4.0
TTC5 (ENSG00000136319),13742,4.0
BPNT1 (ENSG00000162813),13743,4.0
C10orf126 (ENSG00000204365),13744,4.0
USE1 (ENSG00000053501),13745,4.0
ATF6B (ENSG00000213676),13746,4.0
ATF6 (ENSG00000118217),13747,4.0
TRPM3 (ENSG00000083067),13748,4.0
USH1G (ENSG00000182040),13749,4.0
TRPM1 (ENSG00000134160),13750,4.0
C10orf12 (ENSG00000155640),13751,4.0
TRPC4AP (ENSG00000100991),13752,4.0
TRPC3 (ENSG00000138741),13753,4.0
C10orf67 (ENSG00000179133),13754,4.0
TROVE2 (ENSG00000116747),13755,4.0
ATF5 (ENSG00000169136),13756,4.0
TRO (ENSG00000067445),13757,4.0
C11orf49 (ENSG00000149179),13758,4.0
C11orf54 (ENSG00000182919),13759,4.0
C10orf54 (ENSG00000107738),13760,4.0
TRPS1 (ENSG00000104447),13761,4.0
C10orf111 (ENSG00000176236),13762,4.0
ATG2B (ENSG00000066739),13763,4.0
TSG101 (ENSG00000074319),13764,4.0
BTN3A2 (ENSG00000186470),13765,4.0
BTN3A3 (ENSG00000111801),13766,4.0
TSEN34 (ENSG00000170892),13767,4.0
ATL1 (ENSG00000198513),13768,4.0
TSC22D4 (ENSG00000166925),13769,4.0
TSC22D3 (ENSG00000157514),13770,4.0
ATG9B (ENSG00000181652),13771,4.0
TSC22D1 (ENSG00000102804),13772,4.0
BZRAP1 (ENSG00000005379),13773,4.0
BZRAP1-AS1 (ENSG00000265148),13774,4.0
TRUB1 (ENSG00000165832),13775,4.0
C10orf10 (ENSG00000165507),13776,4.0
URGCP (ENSG00000106608),13777,4.0
ATG4B (ENSG00000168397),13778,4.0
C10orf107 (ENSG00000183346),13779,4.0
ATG4A (ENSG00000101844),13780,4.0
C11orf63 (ENSG00000109944),13781,4.0
ATN1 (ENSG00000111676),13782,4.0
ATF2 (ENSG00000115966),13783,4.0
C11orf71 (ENSG00000180425),13784,4.0
USP20 (ENSG00000136878),13785,4.0
TRIM8 (ENSG00000171206),13786,4.0
C16orf46 (ENSG00000166455),13787,4.0
USP21 (ENSG00000143258),13788,4.0
C16orf58 (ENSG00000140688),13789,4.0
TRIM69 (ENSG00000185880),13790,4.0
ASIP (ENSG00000101440),13791,4.0
ASPN (ENSG00000106819),13792,4.0
ASIC4 (ENSG00000072182),13793,4.0
C16orf86 (ENSG00000159761),13794,4.0
TRIM63 (ENSG00000158022),13795,4.0
ASIC1 (ENSG00000110881),13796,4.0
TRIM62 (ENSG00000116525),13797,4.0
C16orf95 (ENSG00000260456),13798,4.0
USP30 (ENSG00000135093),13799,4.0
C17orf100 (ENSG00000256806),13800,4.0
ASIC3 (ENSG00000213199),13801,4.0
TRIO (ENSG00000038382),13802,4.0
C15orf57 (ENSG00000128891),13803,4.0
ASPRV1 (ENSG00000244617),13804,4.0
C11orf74 (ENSG00000166352),13805,4.0
ATE1-AS1 (ENSG00000226864),13806,4.0
C11orf88 (ENSG00000183644),13807,4.0
TRMT44 (ENSG00000155275),13808,4.0
TRMT2A (ENSG00000099899),13809,4.0
ATAT1 (ENSG00000137343),13810,4.0
USP11 (ENSG00000102226),13811,4.0
C12orf76 (ENSG00000174456),13812,4.0
C14orf105 (ENSG00000100557),13813,4.0
TRMT11 (ENSG00000066651),13814,4.0
C14orf132 (ENSG00000227051),13815,4.0
ATAD1 (ENSG00000138138),13816,4.0
TRMT10A (ENSG00000145331),13817,4.0
ASXL3 (ENSG00000141431),13818,4.0
TRIQK (ENSG00000205133),13819,4.0
C14orf93 (ENSG00000100802),13820,4.0
TRIP4 (ENSG00000103671),13821,4.0
C11orf70 (ENSG00000137691),13822,4.0
BTN3A1 (ENSG00000026950),13823,4.0
BTN2A2 (ENSG00000124508),13824,4.0
TSHZ1 (ENSG00000179981),13825,4.0
TTC23L (ENSG00000205838),13826,4.0
TTC23 (ENSG00000103852),13827,4.0
BRK1 (ENSG00000254999),13828,4.0
TTC21B (ENSG00000123607),13829,4.0
TTC21A (ENSG00000168026),13830,4.0
BRMS1L (ENSG00000100916),13831,4.0
UNC45A (ENSG00000140553),13832,4.0
TTC25 (ENSG00000204815),13833,4.0
TTC17 (ENSG00000052841),13834,4.0
BRSK1 (ENSG00000160469),13835,4.0
BRWD1 (ENSG00000185658),13836,4.0
UNC5B (ENSG00000107731),13837,4.0
TTBK2 (ENSG00000128881),13838,4.0
TTBK1 (ENSG00000146216),13839,4.0
BRWD1-AS2 (ENSG00000255568),13840,4.0
TSTD2 (ENSG00000136925),13841,4.0
TTC14 (ENSG00000163728),13842,4.0
TTC26 (ENSG00000105948),13843,4.0
BRINP3 (ENSG00000162670),13844,4.0
TTC28 (ENSG00000100154),13845,4.0
ULBP2 (ENSG00000131015),13846,4.0
ATP6V1H (ENSG00000047249),13847,4.0
BRAT1 (ENSG00000106009),13848,4.0
ATP6V1G2 (ENSG00000213760),13849,4.0
BRF1 (ENSG00000185024),13850,4.0
UMAD1 (ENSG00000219545),13851,4.0
TTC34 (ENSG00000215912),13852,4.0
TTC33 (ENSG00000113638),13853,4.0
TTC32 (ENSG00000183891),13854,4.0
UNC119 (ENSG00000109103),13855,4.0
BRF2 (ENSG00000104221),13856,4.0
TTC30B (ENSG00000196659),13857,4.0
ATP6V1C2 (ENSG00000143882),13858,4.0
ATP6V1B2 (ENSG00000147416),13859,4.0
UNC13C (ENSG00000137766),13860,4.0
TTC3 (ENSG00000182670),13861,4.0
BRINP2 (ENSG00000198797),13862,4.0
ATP6V0D1 (ENSG00000159720),13863,4.0
BSCL2 (ENSG00000168000),13864,4.0
BSDC1 (ENSG00000160058),13865,4.0
TSSK3 (ENSG00000162526),13866,4.0
ATP1B1 (ENSG00000143153),13867,4.0
UPK3A (ENSG00000100373),13868,4.0
ATP1A3 (ENSG00000105409),13869,4.0
BTG3 (ENSG00000154640),13870,4.0
ATP11B (ENSG00000058063),13871,4.0
ATP10D (ENSG00000145246),13872,4.0
TSPAN11 (ENSG00000110900),13873,4.0
ATOH8 (ENSG00000168874),13874,4.0
TSPAN10 (ENSG00000182612),13875,4.0
TSNAXIP1 (ENSG00000102904),13876,4.0
ATOH7 (ENSG00000179774),13877,4.0
UQCRC2 (ENSG00000140740),13878,4.0
BTN2A1 (ENSG00000112763),13879,4.0
ATOH1 (ENSG00000172238),13880,4.0
TSKU (ENSG00000182704),13881,4.0
TSHZ3 (ENSG00000121297),13882,4.0
TSHZ2 (ENSG00000182463),13883,4.0
BTG2 (ENSG00000159388),13884,4.0
ULBP1 (ENSG00000111981),13885,4.0
ATP1B2 (ENSG00000129244),13886,4.0
BTG1 (ENSG00000133639),13887,4.0
TSSC4 (ENSG00000184281),13888,4.0
ATP6V0A1 (ENSG00000033627),13889,4.0
TSSC1 (ENSG00000032389),13890,4.0
BST1 (ENSG00000109743),13891,4.0
ATP6AP1 (ENSG00000071553),13892,4.0
BTBD17 (ENSG00000204347),13893,4.0
BTBD19 (ENSG00000222009),13894,4.0
TSPYL4 (ENSG00000187189),13895,4.0
TSPYL2 (ENSG00000184205),13896,4.0
ATP2B4 (ENSG00000058668),13897,4.0
TSPO (ENSG00000100300),13898,4.0
TSPAN8 (ENSG00000127324),13899,4.0
TSPAN7 (ENSG00000156298),13900,4.0
BTBD9 (ENSG00000183826),13901,4.0
TSPAN32 (ENSG00000064201),13902,4.0
TSPAN31 (ENSG00000135452),13903,4.0
TSPAN3 (ENSG00000140391),13904,4.0
TSPAN19 (ENSG00000231738),13905,4.0
CAMK1D (ENSG00000183049),13906,4.0
CAMK1G (ENSG00000008118),13907,4.0
TMEM259 (ENSG00000182087),13908,4.0
TECPR2 (ENSG00000196663),13909,4.0
ZEB1 (ENSG00000148516),13910,4.0
ZEB1-AS1 (ENSG00000237036),13911,4.0
TEAD3 (ENSG00000007866),13912,4.0
AKR1C1 (ENSG00000187134),13913,4.0
CDC42BPA (ENSG00000143776),13914,4.0
ZFAND2B (ENSG00000158552),13915,4.0
AKR1C2 (ENSG00000151632),13916,4.0
ZFAND3 (ENSG00000156639),13917,4.0
AKNAD1 (ENSG00000162641),13918,4.0
AKIRIN2 (ENSG00000135334),13919,4.0
CDC42EP4 (ENSG00000179604),13920,4.0
CDC42EP5 (ENSG00000167617),13921,4.0
AKAP8L (ENSG00000011243),13922,4.0
TCTN2 (ENSG00000168778),13923,4.0
AKAP6 (ENSG00000151320),13924,4.0
ZFAND4 (ENSG00000172671),13925,4.0
TECTA (ENSG00000109927),13926,4.0
TEF (ENSG00000167074),13927,4.0
CD99L2 (ENSG00000102181),13928,4.0
CD69 (ENSG00000110848),13929,4.0
CD7 (ENSG00000173762),13930,4.0
TESK1 (ENSG00000107140),13931,4.0
ZDHHC15 (ENSG00000102383),13932,4.0
CD72 (ENSG00000137101),13933,4.0
ZDHHC17 (ENSG00000186908),13934,4.0
AL365181.2 (ENSG00000280316),13935,4.0
AL133245.2 (ENSG00000272754),13936,4.0
TERF2IP (ENSG00000166848),13937,4.0
AKT3 (ENSG00000117020),13938,4.0
ZDHHC24 (ENSG00000174165),13939,4.0
AKT1 (ENSG00000142208),13940,4.0
CD83 (ENSG00000112149),13941,4.0
TENM2 (ENSG00000145934),13942,4.0
TENM1 (ENSG00000009694),13943,4.0
TEKT2 (ENSG00000092850),13944,4.0
TEKT1 (ENSG00000167858),13945,4.0
ZFHX3 (ENSG00000140836),13946,4.0
TET2 (ENSG00000168769),13947,4.0
ZFHX4 (ENSG00000091656),13948,4.0
ZFHX4-AS1 (ENSG00000253661),13949,4.0
TCF4 (ENSG00000196628),13950,4.0
CDH19 (ENSG00000071991),13951,4.0
TCF25 (ENSG00000141002),13952,4.0
CDH20 (ENSG00000101542),13953,4.0
TCF12 (ENSG00000140262),13954,4.0
TCERG1L (ENSG00000176769),13955,4.0
ZFP90 (ENSG00000184939),13956,4.0
ZFP82 (ENSG00000181007),13957,4.0
AK8 (ENSG00000165695),13958,4.0
ZFPM1 (ENSG00000179588),13959,4.0
CDH7 (ENSG00000081138),13960,4.0
ZFR (ENSG00000056097),13961,4.0
AK3 (ENSG00000147853),13962,4.0
CDK15 (ENSG00000138395),13963,4.0
TCEAL7 (ENSG00000182916),13964,4.0
AK1 (ENSG00000106992),13965,4.0
ZFPL1 (ENSG00000162300),13966,4.0
CDH18 (ENSG00000145526),13967,4.0
AK9 (ENSG00000155085),13968,4.0
CDH15 (ENSG00000129910),13969,4.0
ZFP1 (ENSG00000184517),13970,4.0
TCTEX1D1 (ENSG00000152760),13971,4.0
TCP11L2 (ENSG00000166046),13972,4.0
ZFP28 (ENSG00000196867),13973,4.0
ZFP30 (ENSG00000120784),13974,4.0
TCP11 (ENSG00000124678),13975,4.0
TCP10L (ENSG00000242220),13976,4.0
ZFP36 (ENSG00000128016),13977,4.0
ZFP36L1 (ENSG00000185650),13978,4.0
CDH10 (ENSG00000040731),13979,4.0
ZFP36L2 (ENSG00000152518),13980,4.0
CDH11 (ENSG00000140937),13981,4.0
CDH12 (ENSG00000154162),13982,4.0
ZFP37 (ENSG00000136866),13983,4.0
AKAP3 (ENSG00000111254),13984,4.0
TCIRG1 (ENSG00000110719),13985,4.0
AKAP12 (ENSG00000131016),13986,4.0
TCTEX1D4 (ENSG00000188396),13987,4.0
TET3 (ENSG00000187605),13988,4.0
AL592183.1 (ENSG00000273748),13989,4.0
CD68 (ENSG00000129226),13990,4.0
ALX3 (ENSG00000156150),13991,4.0
ZC2HC1A (ENSG00000104427),13992,4.0
CCZ1B (ENSG00000146574),13993,4.0
TGM2 (ENSG00000198959),13994,4.0
ALX1 (ENSG00000180318),13995,4.0
CD163L1 (ENSG00000177675),13996,4.0
CD164 (ENSG00000135535),13997,4.0
TH (ENSG00000180176),13998,4.0
ALS2CL (ENSG00000178038),13999,4.0
CD200 (ENSG00000091972),14000,4.0
CD248 (ENSG00000174807),14001,4.0
ALOX12B (ENSG00000179477),14002,4.0
TGFBI (ENSG00000120708),14003,4.0
TGFB3 (ENSG00000119699),14004,4.0
TGFB2-AS1 (ENSG00000232480),14005,4.0
TGFB2 (ENSG00000092969),14006,4.0
ALPK1 (ENSG00000073331),14007,4.0
CCSER2 (ENSG00000107771),14008,4.0
CCSER1 (ENSG00000184305),14009,4.0
ALX4 (ENSG00000052850),14010,4.0
ZBTB26 (ENSG00000171448),14011,4.0
CCNG2 (ENSG00000138764),14012,4.0
CCNI (ENSG00000118816),14013,4.0
CCNL1 (ENSG00000163660),14014,4.0
AMH (ENSG00000104899),14015,4.0
THBS1 (ENSG00000137801),14016,4.0
AMFR (ENSG00000159461),14017,4.0
ZBTB45 (ENSG00000119574),14018,4.0
ZBTB48 (ENSG00000204859),14019,4.0
CCNO (ENSG00000152669),14020,4.0
CCPG1 (ENSG00000260916),14021,4.0
ZBTB5 (ENSG00000168795),14022,4.0
CCR10 (ENSG00000184451),14023,4.0
ZBTB6 (ENSG00000186130),14024,4.0
AMACR (ENSG00000242110),14025,4.0
CCS (ENSG00000173992),14026,4.0
THAP3 (ENSG00000041988),14027,4.0
TGFB1I1 (ENSG00000140682),14028,4.0
ZC3H3 (ENSG00000014164),14029,4.0
ZC3H7A (ENSG00000122299),14030,4.0
CD276 (ENSG00000103855),14031,4.0
CD44 (ENSG00000026508),14032,4.0
ALDH3B1 (ENSG00000006534),14033,4.0
ALDH1L2 (ENSG00000136010),14034,4.0
TEX9 (ENSG00000151575),14035,4.0
CD46 (ENSG00000117335),14036,4.0
ZCWPW2 (ENSG00000206559),14037,4.0
ZDHHC1 (ENSG00000159714),14038,4.0
BACH2 (ENSG00000112182),14039,4.0
TEX264 (ENSG00000164081),14040,4.0
ZDHHC11B (ENSG00000206077),14041,4.0
TEX26 (ENSG00000175664),14042,4.0
TEX22 (ENSG00000226174),14043,4.0
TEX2 (ENSG00000136478),14044,4.0
ALCAM (ENSG00000170017),14045,4.0
CD59 (ENSG00000085063),14046,4.0
CD63 (ENSG00000135404),14047,4.0
ALAD (ENSG00000148218),14048,4.0
TFAP2A-AS1 (ENSG00000229950),14049,4.0
TCEAL5 (ENSG00000204065),14050,4.0
ZCCHC7 (ENSG00000147905),14051,4.0
ALDOA (ENSG00000149925),14052,4.0
ALKBH5 (ENSG00000091542),14053,4.0
TFRC (ENSG00000072274),14054,4.0
TFR2 (ENSG00000106327),14055,4.0
TFPT (ENSG00000105619),14056,4.0
CD302 (ENSG00000241399),14057,4.0
TFIP11 (ENSG00000100109),14058,4.0
TFG (ENSG00000114354),14059,4.0
ALG9 (ENSG00000086848),14060,4.0
TFEB (ENSG00000112561),14061,4.0
ZC4H2 (ENSG00000126970),14062,4.0
ZCCHC11 (ENSG00000134744),14063,4.0
ZCCHC12 (ENSG00000174460),14064,4.0
CD36 (ENSG00000135218),14065,4.0
ALG11 (ENSG00000253710),14066,4.0
CD37 (ENSG00000104894),14067,4.0
ZCCHC18 (ENSG00000166707),14068,4.0
ALDOC (ENSG00000109107),14069,4.0
CD4 (ENSG00000010610),14070,4.0
CCND3 (ENSG00000112576),14071,4.0
ZFYVE16 (ENSG00000039319),14072,4.0
AJUBA (ENSG00000129474),14073,4.0
TANK (ENSG00000136560),14074,4.0
ZNF148 (ENSG00000163848),14075,4.0
ZNF154 (ENSG00000179909),14076,4.0
CEND1 (ENSG00000184524),14077,4.0
TANC2 (ENSG00000170921),14078,4.0
TANC1 (ENSG00000115183),14079,4.0
ADTRP (ENSG00000111863),14080,4.0
AEBP1 (ENSG00000106624),14081,4.0
ZNF16 (ENSG00000170631),14082,4.0
TAGLN3 (ENSG00000144834),14083,4.0
ADRB2 (ENSG00000169252),14084,4.0
ADRA2A (ENSG00000150594),14085,4.0
ADPRM (ENSG00000170222),14086,4.0
ZNF177 (ENSG00000188629),14087,4.0
ZNF18 (ENSG00000154957),14088,4.0
ADPRHL2 (ENSG00000116863),14089,4.0
ADRB3 (ENSG00000188778),14090,4.0
AES (ENSG00000104964),14091,4.0
TAOK3 (ENSG00000135090),14092,4.0
CELF4 (ENSG00000101489),14093,4.0
AGAP2 (ENSG00000135439),14094,4.0
AFF4 (ENSG00000072364),14095,4.0
CEBPB (ENSG00000172216),14096,4.0
AFF3 (ENSG00000144218),14097,4.0
AFF2 (ENSG00000155966),14098,4.0
ZNF117 (ENSG00000152926),14099,4.0
CEBPB-AS1 (ENSG00000277449),14100,4.0
AFAP1 (ENSG00000196526),14101,4.0
AF196972.9 (ENSG00000224292),14102,4.0
AF131217.1 (ENSG00000232855),14103,4.0
CEBPD (ENSG00000221869),14104,4.0
CECR5-AS1 (ENSG00000185837),14105,4.0
ZNF136 (ENSG00000196646),14106,4.0
ZNF138 (ENSG00000197008),14107,4.0
TAPT1 (ENSG00000169762),14108,4.0
TAPBP (ENSG00000231925),14109,4.0
CELF3 (ENSG00000159409),14110,4.0
ADPGK-AS1 (ENSG00000260898),14111,4.0
CEACAM19 (ENSG00000186567),14112,4.0
ZNF184 (ENSG00000096654),14113,4.0
ADORA2B (ENSG00000170425),14114,4.0
CEPT1 (ENSG00000134255),14115,4.0
CERCAM (ENSG00000167123),14116,4.0
ZNF226 (ENSG00000167380),14117,4.0
CERS5 (ENSG00000139624),14118,4.0
ADGRB3 (ENSG00000135298),14119,4.0
ZNF229 (ENSG00000278318),14120,4.0
CES2 (ENSG00000172831),14121,4.0
CEP95 (ENSG00000258890),14122,4.0
ADGRB2 (ENSG00000121753),14123,4.0
CES3 (ENSG00000172828),14124,4.0
TAC1 (ENSG00000006128),14125,4.0
CES4A (ENSG00000172824),14126,4.0
ADGRA2 (ENSG00000020181),14127,4.0
ADGB (ENSG00000118492),14128,4.0
ZNF236 (ENSG00000130856),14129,4.0
CFAP126 (ENSG00000188931),14130,4.0
ADGRB1 (ENSG00000181790),14131,4.0
TADA3 (ENSG00000171148),14132,4.0
CEP85L (ENSG00000111860),14133,4.0
CEP83-AS1 (ENSG00000278916),14134,4.0
TAF7 (ENSG00000178913),14135,4.0
ADORA1 (ENSG00000163485),14136,4.0
CEP112 (ENSG00000154240),14137,4.0
CEP126 (ENSG00000110318),14138,4.0
CEP131 (ENSG00000141577),14139,4.0
CEP19 (ENSG00000174007),14140,4.0
ADIRF (ENSG00000148671),14141,4.0
CEP290 (ENSG00000198707),14142,4.0
ZNF205 (ENSG00000122386),14143,4.0
ADHFE1 (ENSG00000147576),14144,4.0
ADGRG1 (ENSG00000205336),14145,4.0
ADGRE5 (ENSG00000123146),14146,4.0
ZNF221 (ENSG00000159905),14147,4.0
ZNF222 (ENSG00000159885),14148,4.0
ADGRD2 (ENSG00000180264),14149,4.0
ZNF224 (ENSG00000267680),14150,4.0
ADGRD1 (ENSG00000111452),14151,4.0
ADPGK (ENSG00000159322),14152,4.0
AGAP2-AS1 (ENSG00000255737),14153,4.0
AGAP3 (ENSG00000133612),14154,4.0
TAX1BP3 (ENSG00000213977),14155,4.0
ZHX3 (ENSG00000174306),14156,4.0
TBX18 (ENSG00000112837),14157,4.0
TBX15 (ENSG00000092607),14158,4.0
ZIC1 (ENSG00000152977),14159,4.0
CDK5 (ENSG00000164885),14160,4.0
ZIC4 (ENSG00000174963),14161,4.0
CDK5R1 (ENSG00000176749),14162,4.0
AHNAK2 (ENSG00000185567),14163,4.0
AHCYL2 (ENSG00000158467),14164,4.0
TBL2 (ENSG00000106638),14165,4.0
ZIM2-AS1 (ENSG00000269793),14166,4.0
CDK8 (ENSG00000132964),14167,4.0
CDKAL1 (ENSG00000145996),14168,4.0
TBKBP1 (ENSG00000198933),14169,4.0
CDKL2 (ENSG00000138769),14170,4.0
ZKSCAN1 (ENSG00000106261),14171,4.0
ZIM2 (ENSG00000269699),14172,4.0
TBX2 (ENSG00000121068),14173,4.0
TBX2-AS1 (ENSG00000267280),14174,4.0
TBX3 (ENSG00000135111),14175,4.0
TCEAL3 (ENSG00000196507),14176,4.0
CDK17 (ENSG00000059758),14177,4.0
TCEAL1 (ENSG00000172465),14178,4.0
ZFYVE27 (ENSG00000155256),14179,4.0
AIP (ENSG00000110711),14180,4.0
TCEA2 (ENSG00000171703),14181,4.0
CDK19 (ENSG00000155111),14182,4.0
TCAIM (ENSG00000179152),14183,4.0
TCAF2 (ENSG00000170379),14184,4.0
TCAF1 (ENSG00000198420),14185,4.0
CDK20 (ENSG00000156345),14186,4.0
AIM2 (ENSG00000163568),14187,4.0
ZHX1 (ENSG00000165156),14188,4.0
TBX5-AS1 (ENSG00000255399),14189,4.0
TBX5 (ENSG00000089225),14190,4.0
AHRR (ENSG00000063438),14191,4.0
TBX4 (ENSG00000121075),14192,4.0
AGTR2 (ENSG00000180772),14193,4.0
CDKL5 (ENSG00000008086),14194,4.0
ZKSCAN4 (ENSG00000187626),14195,4.0
CDKN1A (ENSG00000124762),14196,4.0
TBC1D23 (ENSG00000036054),14197,4.0
CDO1 (ENSG00000129596),14198,4.0
ZMAT5 (ENSG00000100319),14199,4.0
CDON (ENSG00000064309),14200,4.0
TBC1D20 (ENSG00000125875),14201,4.0
TBC1D19 (ENSG00000109680),14202,4.0
ZMIZ1-AS1 (ENSG00000224596),14203,4.0
AGPAT3 (ENSG00000160216),14204,4.0
AGPAT2 (ENSG00000169692),14205,4.0
AGK (ENSG00000006530),14206,4.0
ZMYM2 (ENSG00000121741),14207,4.0
TBC1D12 (ENSG00000108239),14208,4.0
CDYL2 (ENSG00000166446),14209,4.0
ZMYND10 (ENSG00000004838),14210,4.0
TBC1D10A (ENSG00000099992),14211,4.0
CEACAM1 (ENSG00000079385),14212,4.0
ZMYND11 (ENSG00000015171),14213,4.0
CDNF (ENSG00000185267),14214,4.0
ZFYVE19 (ENSG00000166140),14215,4.0
AGPAT4 (ENSG00000026652),14216,4.0
TBC1D26 (ENSG00000255104),14217,4.0
TBCC (ENSG00000124659),14218,4.0
CDKN1B (ENSG00000111276),14219,4.0
CDKN1C (ENSG00000129757),14220,4.0
TBC1D9B (ENSG00000197226),14221,4.0
TBC1D9 (ENSG00000109436),14222,4.0
TBC1D8B (ENSG00000133138),14223,4.0
AGTR1 (ENSG00000144891),14224,4.0
CDKN2AIP (ENSG00000168564),14225,4.0
CDKN2B (ENSG00000147883),14226,4.0
ZKSCAN7 (ENSG00000196345),14227,4.0
CDKN2C (ENSG00000123080),14228,4.0
ZMAT1 (ENSG00000166432),14229,4.0
TBC1D32 (ENSG00000146350),14230,4.0
CDKN2D (ENSG00000129355),14231,4.0
TBC1D30 (ENSG00000111490),14232,4.0
TBC1D2B (ENSG00000167202),14233,4.0
ZMAT3 (ENSG00000172667),14234,4.0
TBC1D25 (ENSG00000068354),14235,4.0
ZBTB22 (ENSG00000236104),14236,4.0
AMN1 (ENSG00000151743),14237,4.0
CCND2-AS1 (ENSG00000256164),14238,4.0
TMEM156 (ENSG00000121895),14239,4.0
TMEM155 (ENSG00000164112),14240,4.0
WHSC1L1 (ENSG00000147548),14241,4.0
TMEM151A (ENSG00000179292),14242,4.0
WI2-85898F10.1 (ENSG00000235091),14243,4.0
WIF1 (ENSG00000156076),14244,4.0
WIPI1 (ENSG00000070540),14245,4.0
CBLN4 (ENSG00000054803),14246,4.0
AP1S1 (ENSG00000106367),14247,4.0
CBX6 (ENSG00000183741),14248,4.0
CBX7 (ENSG00000100307),14249,4.0
CBX8 (ENSG00000141570),14250,4.0
CC2D1A (ENSG00000132024),14251,4.0
AP1M1 (ENSG00000072958),14252,4.0
WLS (ENSG00000116729),14253,4.0
AP006621.5 (ENSG00000255284),14254,4.0
CBX4 (ENSG00000141582),14255,4.0
CBLN3 (ENSG00000139899),14256,4.0
WHAMM (ENSG00000156232),14257,4.0
CBLN2 (ENSG00000141668),14258,4.0
AP4B1 (ENSG00000134262),14259,4.0
AP3M1 (ENSG00000185009),14260,4.0
WEE2-AS1 (ENSG00000228775),14261,4.0
WFDC10B (ENSG00000182931),14262,4.0
TMEM17 (ENSG00000186889),14263,4.0
TMEM169 (ENSG00000163449),14264,4.0
TMEM168 (ENSG00000146802),14265,4.0
TMEM167B (ENSG00000215717),14266,4.0
AP3B2 (ENSG00000103723),14267,4.0
CAV2 (ENSG00000105971),14268,4.0
CBFA2T2 (ENSG00000078699),14269,4.0
CBFA2T3 (ENSG00000129993),14270,4.0
CBFB (ENSG00000067955),14271,4.0
WFIKKN2 (ENSG00000173714),14272,4.0
TMEM161B (ENSG00000164180),14273,4.0
TMEM161A (ENSG00000064545),14274,4.0
WFS1 (ENSG00000109501),14275,4.0
AP006222.2 (ENSG00000228463),14276,4.0
AP4M1 (ENSG00000221838),14277,4.0
WNT10B (ENSG00000169884),14278,4.0
WNT16 (ENSG00000002745),14279,4.0
WNT9A (ENSG00000143816),14280,4.0
CCDC120 (ENSG00000147144),14281,4.0
TMEM121 (ENSG00000184986),14282,4.0
CCDC121 (ENSG00000176714),14283,4.0
TMEM119 (ENSG00000183160),14284,4.0
WRAP73 (ENSG00000116213),14285,4.0
TMEM117 (ENSG00000139173),14286,4.0
AP001596.6 (ENSG00000232692),14287,4.0
TMEM115 (ENSG00000126062),14288,4.0
AP001469.9 (ENSG00000239415),14289,4.0
CCDC126 (ENSG00000169193),14290,4.0
WSB1 (ENSG00000109046),14291,4.0
WSB2 (ENSG00000176871),14292,4.0
WSCD2 (ENSG00000075035),14293,4.0
WT1 (ENSG00000184937),14294,4.0
WT1-AS (ENSG00000183242),14295,4.0
WRB (ENSG00000182093),14296,4.0
CCDC115 (ENSG00000136710),14297,4.0
CCDC114 (ENSG00000105479),14298,4.0
WNT7B (ENSG00000188064),14299,4.0
CC2D2A (ENSG00000048342),14300,4.0
WNT2 (ENSG00000105989),14301,4.0
WNT2B (ENSG00000134245),14302,4.0
CCDC102A (ENSG00000135736),14303,4.0
WNT3A (ENSG00000154342),14304,4.0
WNT4 (ENSG00000162552),14305,4.0
WNT5A (ENSG00000114251),14306,4.0
TMEM132E (ENSG00000181291),14307,4.0
TMEM132D (ENSG00000151952),14308,4.0
TMEM132C (ENSG00000181234),14309,4.0
CCDC106 (ENSG00000173581),14310,4.0
TMEM132A (ENSG00000006118),14311,4.0
CCDC107 (ENSG00000159884),14312,4.0
TMEM130 (ENSG00000166448),14313,4.0
WNT7A (ENSG00000154764),14314,4.0
TMEM129 (ENSG00000168936),14315,4.0
CCDC110 (ENSG00000168491),14316,4.0
WNT11 (ENSG00000085741),14317,4.0
WDSUB1 (ENSG00000196151),14318,4.0
TMEM173 (ENSG00000184584),14319,4.0
TMEM175 (ENSG00000127419),14320,4.0
WDR38 (ENSG00000136918),14321,4.0
WDR41 (ENSG00000164253),14322,4.0
WDR45 (ENSG00000196998),14323,4.0
TMEM232 (ENSG00000186952),14324,4.0
TMEM231 (ENSG00000205084),14325,4.0
CAPN6 (ENSG00000077274),14326,4.0
WDR47 (ENSG00000085433),14327,4.0
CAPN3 (ENSG00000092529),14328,4.0
CAPN7 (ENSG00000131375),14329,4.0
TMEM221 (ENSG00000188051),14330,4.0
APLP1 (ENSG00000105290),14331,4.0
WDR49 (ENSG00000174776),14332,4.0
CAPRIN1 (ENSG00000135387),14333,4.0
CAPS (ENSG00000105519),14334,4.0
WDR6 (ENSG00000178252),14335,4.0
APH1B (ENSG00000138613),14336,4.0
TMEM222 (ENSG00000186501),14337,4.0
CAPN2 (ENSG00000162909),14338,4.0
CAPN10-AS1 (ENSG00000260942),14339,4.0
WDR33 (ENSG00000136709),14340,4.0
CAMK2A (ENSG00000070808),14341,4.0
CAMK2B (ENSG00000058404),14342,4.0
CAMK2D (ENSG00000145349),14343,4.0
CAMK2G (ENSG00000148660),14344,4.0
TMEM255A (ENSG00000125355),14345,4.0
CAMK2N1 (ENSG00000162545),14346,4.0
CAMKK1 (ENSG00000004660),14347,4.0
CAMLG (ENSG00000164615),14348,4.0
CAMTA2 (ENSG00000108509),14349,4.0
TMEM25 (ENSG00000149582),14350,4.0
TMEM246 (ENSG00000165152),14351,4.0
WDR24 (ENSG00000127580),14352,4.0
WDR25 (ENSG00000176473),14353,4.0
CAND2 (ENSG00000144712),14354,4.0
APOD (ENSG00000189058),14355,4.0
CANT1 (ENSG00000171302),14356,4.0
WDR27 (ENSG00000184465),14357,4.0
CAPS2 (ENSG00000180881),14358,4.0
CAPSL (ENSG00000152611),14359,4.0
APH1A (ENSG00000117362),14360,4.0
WDR63 (ENSG00000162643),14361,4.0
WDR82 (ENSG00000164091),14362,4.0
AP5Z1 (ENSG00000242802),14363,4.0
TMEM185B (ENSG00000226479),14364,4.0
WDR86 (ENSG00000187260),14365,4.0
CASP7 (ENSG00000165806),14366,4.0
CASP8 (ENSG00000064012),14367,4.0
AP5S1 (ENSG00000125843),14368,4.0
CAST (ENSG00000153113),14369,4.0
TMEM182 (ENSG00000170417),14370,4.0
CASZ1 (ENSG00000130940),14371,4.0
CAT (ENSG00000121691),14372,4.0
TMEM179 (ENSG00000258986),14373,4.0
CATSPER2 (ENSG00000166762),14374,4.0
TMEM178A (ENSG00000152154),14375,4.0
TMEM176B (ENSG00000106565),14376,4.0
TMEM176A (ENSG00000002933),14377,4.0
WDR93 (ENSG00000140527),14378,4.0
WDR78 (ENSG00000152763),14379,4.0
CCDC13 (ENSG00000244607),14380,4.0
TMEM187 (ENSG00000177854),14381,4.0
TMEM190 (ENSG00000160472),14382,4.0
CARD16 (ENSG00000204397),14383,4.0
CARD19 (ENSG00000165233),14384,4.0
WDR66 (ENSG00000158023),14385,4.0
APCDD1 (ENSG00000154856),14386,4.0
TMEM206 (ENSG00000065600),14387,4.0
CARF (ENSG00000138380),14388,4.0
CARMN (ENSG00000249669),14389,4.0
CARTPT (ENSG00000164326),14390,4.0
CASC1 (ENSG00000118307),14391,4.0
TMEM198 (ENSG00000188760),14392,4.0
APC2 (ENSG00000115266),14393,4.0
APC (ENSG00000134982),14394,4.0
TMEM196 (ENSG00000173452),14395,4.0
APBB3 (ENSG00000113108),14396,4.0
CASC15 (ENSG00000272168),14397,4.0
APBB1 (ENSG00000166313),14398,4.0
APBA3 (ENSG00000011132),14399,4.0
APBA2 (ENSG00000034053),14400,4.0
TMEM106A (ENSG00000184988),14401,4.0
AP000866.1 (ENSG00000279342),14402,4.0
CCDC130 (ENSG00000104957),14403,4.0
CCDC61 (ENSG00000104983),14404,4.0
CCDC62 (ENSG00000130783),14405,4.0
ANKMY2 (ENSG00000106524),14406,4.0
YPEL4 (ENSG00000166793),14407,4.0
CCDC65 (ENSG00000139537),14408,4.0
TIMM23B (ENSG00000204152),14409,4.0
CCDC68 (ENSG00000166510),14410,4.0
CCDC60 (ENSG00000183273),14411,4.0
CCDC7 (ENSG00000150076),14412,4.0
CCDC7 (ENSG00000216937),14413,4.0
ANKH (ENSG00000154122),14414,4.0
CCDC74B (ENSG00000152076),14415,4.0
ANKFN1 (ENSG00000153930),14416,4.0
CCDC78 (ENSG00000162004),14417,4.0
CCDC8 (ENSG00000169515),14418,4.0
CCDC80 (ENSG00000091986),14419,4.0
YPEL5 (ENSG00000119801),14420,4.0
ANKRA2 (ENSG00000164331),14421,4.0
ANKRD12 (ENSG00000101745),14422,4.0
TIMP2 (ENSG00000035862),14423,4.0
ANKRD34A (ENSG00000272031),14424,4.0
ANKRD33 (ENSG00000167612),14425,4.0
CCDC28B (ENSG00000160050),14426,4.0
CCDC30 (ENSG00000186409),14427,4.0
CCDC33 (ENSG00000140481),14428,4.0
CCDC40 (ENSG00000141519),14429,4.0
YIPF2 (ENSG00000130733),14430,4.0
CCDC42 (ENSG00000161973),14431,4.0
YIPF3 (ENSG00000137207),14432,4.0
TIPARP (ENSG00000163659),14433,4.0
TINF2 (ENSG00000092330),14434,4.0
YIPF4 (ENSG00000119820),14435,4.0
YIPF5 (ENSG00000145817),14436,4.0
ANKRD13D (ENSG00000172932),14437,4.0
YIPF7 (ENSG00000177752),14438,4.0
ANKRD13B (ENSG00000198720),14439,4.0
TIMP3 (ENSG00000100234),14440,4.0
ANKDD1A (ENSG00000166839),14441,4.0
ANGPTL4 (ENSG00000167772),14442,4.0
ANGPTL2 (ENSG00000136859),14443,4.0
TIGD3 (ENSG00000173825),14444,4.0
AMZ2 (ENSG00000196704),14445,4.0
ZBED9 (ENSG00000232040),14446,4.0
ZBTB1 (ENSG00000126804),14447,4.0
THSD7A (ENSG00000005108),14448,4.0
AMPD2 (ENSG00000116337),14449,4.0
AMOTL2 (ENSG00000114019),14450,4.0
ZBTB17 (ENSG00000116809),14451,4.0
AMOT (ENSG00000126016),14452,4.0
ZBTB20 (ENSG00000181722),14453,4.0
CCL15 (ENSG00000275718),14454,4.0
THRA (ENSG00000126351),14455,4.0
CCL2 (ENSG00000108691),14456,4.0
CCL25 (ENSG00000131142),14457,4.0
CCL27 (ENSG00000213927),14458,4.0
CCL3L3 (ENSG00000276085),14459,4.0
CCL5 (ENSG00000271503),14460,4.0
CCNA1 (ENSG00000133101),14461,4.0
ZBED6 (ENSG00000257315),14462,4.0
CCDC22 (ENSG00000101997),14463,4.0
ZBED5-AS1 (ENSG00000247271),14464,4.0
CCER2 (ENSG00000262484),14465,4.0
TIGD2 (ENSG00000180346),14466,4.0
TIGD1 (ENSG00000221944),14467,4.0
CCDC82 (ENSG00000149231),14468,4.0
ANGPTL1 (ENSG00000116194),14469,4.0
ANGPT1 (ENSG00000154188),14470,4.0
CCDC85A (ENSG00000055813),14471,4.0
YY1AP1 (ENSG00000163374),14472,4.0
YY2 (ENSG00000230797),14473,4.0
CCDC88A (ENSG00000115355),14474,4.0
CCDC88B (ENSG00000168071),14475,4.0
ZBBX (ENSG00000169064),14476,4.0
CCDC93 (ENSG00000125633),14477,4.0
ANG (ENSG00000214274),14478,4.0
CCDC96 (ENSG00000173013),14479,4.0
CCDC97 (ENSG00000142039),14480,4.0
ZBED3 (ENSG00000132846),14481,4.0
ANAPC2 (ENSG00000176248),14482,4.0
ANAPC13 (ENSG00000129055),14483,4.0
SZT2 (ENSG00000198198),14484,4.0
ANKRD42 (ENSG00000137494),14485,4.0
CCDC184 (ENSG00000177875),14486,4.0
CCDC144NL-AS1 (ENSG00000233098),14487,4.0
AP000253.1 (ENSG00000234509),14488,4.0
XKR7 (ENSG00000260903),14489,4.0
AP000230.1 (ENSG00000273492),14490,4.0
CCDC146 (ENSG00000135205),14491,4.0
AP000223.42 (ENSG00000260583),14492,4.0
XPA (ENSG00000136936),14493,4.0
XK (ENSG00000047597),14494,4.0
XPC (ENSG00000154767),14495,4.0
CCDC151 (ENSG00000198003),14496,4.0
TM9SF4 (ENSG00000101337),14497,4.0
CCDC154 (ENSG00000197599),14498,4.0
TM9SF2 (ENSG00000125304),14499,4.0
CCDC159 (ENSG00000183401),14500,4.0
CCDC163P (ENSG00000280670),14501,4.0
ANXA6 (ENSG00000197043),14502,4.0
XPNPEP1 (ENSG00000108039),14503,4.0
AP000265.1 (ENSG00000261610),14504,4.0
TMCC3 (ENSG00000057704),14505,4.0
TMCO1 (ENSG00000143183),14506,4.0
TMEM101 (ENSG00000091947),14507,4.0
TMEFF2 (ENSG00000144339),14508,4.0
TMEFF1 (ENSG00000241697),14509,4.0
TMED9 (ENSG00000184840),14510,4.0
AP000769.1 (ENSG00000279576),14511,4.0
AP000708.1 (ENSG00000255537),14512,4.0
TMED7 (ENSG00000134970),14513,4.0
WWTR1 (ENSG00000018408),14514,4.0
TMED4 (ENSG00000158604),14515,4.0
TMED3 (ENSG00000166557),14516,4.0
TMED2 (ENSG00000086598),14517,4.0
AP000487.5 (ENSG00000246889),14518,4.0
CCDC144A (ENSG00000170160),14519,4.0
XAB2 (ENSG00000076924),14520,4.0
TMED1 (ENSG00000099203),14521,4.0
AP000350.5 (ENSG00000273295),14522,4.0
TMCO3 (ENSG00000150403),14523,4.0
ANXA2 (ENSG00000182718),14524,4.0
TM4SF19-AS1 (ENSG00000235897),14525,4.0
ANXA1 (ENSG00000135046),14526,4.0
XRCC1 (ENSG00000073050),14527,4.0
CCDC174 (ENSG00000154781),14528,4.0
XXbac-BPG252P9.10 (ENSG00000272273),14529,4.0
ANKRD54 (ENSG00000100124),14530,4.0
XXbac-BPG299F13.17 (ENSG00000272501),14531,4.0
TLE6 (ENSG00000104953),14532,4.0
XXbac-BPGBPG55C20.2 (ENSG00000272316),14533,4.0
CCDC180 (ENSG00000197816),14534,4.0
XXyac-YRM2039.3 (ENSG00000227518),14535,4.0
ANKRD53 (ENSG00000144031),14536,4.0
TLE2 (ENSG00000065717),14537,4.0
XYLT1 (ENSG00000103489),14538,4.0
TLE1 (ENSG00000196781),14539,4.0
ANKRD46 (ENSG00000186106),14540,4.0
CCDC183 (ENSG00000213213),14541,4.0
TLDC1 (ENSG00000140950),14542,4.0
YAF2 (ENSG00000015153),14543,4.0
TLCD2 (ENSG00000185561),14544,4.0
XXbac-BPG157A10.21 (ENSG00000272217),14545,4.0
ANKRD44 (ENSG00000065413),14546,4.0
XXbac-BPG154L12.4 (ENSG00000225914),14547,4.0
XXbac-B135H6.18 (ENSG00000272829),14548,4.0
ANTXR2 (ENSG00000163297),14549,4.0
ANO4 (ENSG00000151572),14550,4.0
TM4SF1 (ENSG00000169908),14551,4.0
XRN1 (ENSG00000114127),14552,4.0
CCDC170 (ENSG00000120262),14553,4.0
ANKZF1 (ENSG00000163516),14554,4.0
CCDC171 (ENSG00000164989),14555,4.0
TM2D1 (ENSG00000162604),14556,4.0
XRRA1 (ENSG00000166435),14557,4.0
TLX3 (ENSG00000164438),14558,4.0
TLX2 (ENSG00000115297),14559,4.0
TLX1 (ENSG00000107807),14560,4.0
TLR5 (ENSG00000187554),14561,4.0
XX-FW83563B9.5 (ENSG00000280195),14562,4.0
XXYLT1 (ENSG00000173950),14563,4.0
CCDC173 (ENSG00000154479),14564,4.0
ANKS3 (ENSG00000168096),14565,4.0
ANKS1B (ENSG00000185046),14566,4.0
SLIT3 (ENSG00000184347),14567,4.0
METTL12 (ENSG00000214756),14568,4.0
SLIT1 (ENSG00000187122),14569,4.0
PHLDB3 (ENSG00000176531),14570,4.0
PHLDA3 (ENSG00000174307),14571,4.0
PHLDA1 (ENSG00000139289),14572,4.0
PHKG2 (ENSG00000156873),14573,4.0
PHKG1 (ENSG00000164776),14574,4.0
IL17RC (ENSG00000163702),14575,4.0
IL17RE (ENSG00000163701),14576,4.0
IL18R1 (ENSG00000115604),14577,4.0
IL1RAPL1 (ENSG00000169306),14578,4.0
IL27RA (ENSG00000104998),14579,4.0
PHOX2A (ENSG00000165462),14580,4.0
PHF21A (ENSG00000135365),14581,4.0
PHF2 (ENSG00000197724),14582,4.0
IL3RA (ENSG00000185291),14583,4.0
IL4I1 (ENSG00000104951),14584,4.0
PHF1 (ENSG00000112511),14585,4.0
IL7 (ENSG00000104432),14586,4.0
ILK (ENSG00000166333),14587,4.0
ILVBL (ENSG00000105135),14588,4.0
PGRMC1 (ENSG00000101856),14589,4.0
INA (ENSG00000148798),14590,4.0
PGM5-AS1 (ENSG00000225655),14591,4.0
PHF20L1 (ENSG00000129292),14592,4.0
PHOX2B (ENSG00000109132),14593,4.0
IL13RA1 (ENSG00000131724),14594,4.0
IL11RA (ENSG00000137070),14595,4.0
PIGS (ENSG00000087111),14596,4.0
IGFBP7-AS1 (ENSG00000245067),14597,4.0
PIGM (ENSG00000143315),14598,4.0
IGLON5 (ENSG00000142549),14599,4.0
IGSF3 (ENSG00000143061),14600,4.0
PIGA (ENSG00000165195),14601,4.0
PIEZO2 (ENSG00000154864),14602,4.0
IK (ENSG00000113141),14603,4.0
PIDD1 (ENSG00000177595),14604,4.0
PID1 (ENSG00000153823),14605,4.0
PICK1 (ENSG00000100151),14606,4.0
PICALM (ENSG00000073921),14607,4.0
PIBF1 (ENSG00000083535),14608,4.0
PIAS2 (ENSG00000078043),14609,4.0
PIAS1 (ENSG00000033800),14610,4.0
PIANP (ENSG00000139200),14611,4.0
PI4KB (ENSG00000143393),14612,4.0
PHYKPL (ENSG00000175309),14613,4.0
PHYHIPL (ENSG00000165443),14614,4.0
PHYHIP (ENSG00000168490),14615,4.0
IL10RB (ENSG00000243646),14616,4.0
IL11 (ENSG00000095752),14617,4.0
PHTF2 (ENSG00000006576),14618,4.0
PGM5-AS1 (ENSG00000224958),14619,4.0
INAFM1 (ENSG00000257704),14620,4.0
INCA1 (ENSG00000196388),14621,4.0
PGM1 (ENSG00000079739),14622,4.0
PEX12 (ENSG00000108733),14623,4.0
PEX11B (ENSG00000131779),14624,4.0
PEX11A (ENSG00000166821),14625,4.0
IPO13 (ENSG00000117408),14626,4.0
IPP (ENSG00000197429),14627,4.0
PER1 (ENSG00000179094),14628,4.0
PENK (ENSG00000181195),14629,4.0
IQCE (ENSG00000106012),14630,4.0
PELI3 (ENSG00000174516),14631,4.0
IQCG (ENSG00000114473),14632,4.0
PEF1 (ENSG00000162517),14633,4.0
PEBP4 (ENSG00000134020),14634,4.0
PEAR1 (ENSG00000187800),14635,4.0
IQCK (ENSG00000174628),14636,4.0
PDZRN4 (ENSG00000165966),14637,4.0
PDZRN3 (ENSG00000121440),14638,4.0
PDZD7 (ENSG00000186862),14639,4.0
IQSEC3 (ENSG00000120645),14640,4.0
IQUB (ENSG00000164675),14641,4.0
IRAK2 (ENSG00000134070),14642,4.0
IRAK4 (ENSG00000198001),14643,4.0
IRF1 (ENSG00000125347),14644,4.0
IRF2 (ENSG00000168310),14645,4.0
PEX14 (ENSG00000142655),14646,4.0
IGFBP7 (ENSG00000163453),14647,4.0
IP6K2 (ENSG00000068745),14648,4.0
PEX5 (ENSG00000139197),14649,4.0
PGK1 (ENSG00000102144),14650,4.0
ING4 (ENSG00000111653),14651,4.0
INHA (ENSG00000123999),14652,4.0
PGBD4 (ENSG00000182405),14653,4.0
PGBD3 (ENSG00000243251),14654,4.0
INHBA (ENSG00000122641),14655,4.0
INHBB (ENSG00000163083),14656,4.0
INMT (ENSG00000241644),14657,4.0
INPP1 (ENSG00000151689),14658,4.0
INPP4B (ENSG00000109452),14659,4.0
INPP5D (ENSG00000168918),14660,4.0
PFKP (ENSG00000067057),14661,4.0
PFKM (ENSG00000152556),14662,4.0
PFKFB4 (ENSG00000114268),14663,4.0
PFKFB3 (ENSG00000170525),14664,4.0
PFKFB1 (ENSG00000158571),14665,4.0
INSIG1 (ENSG00000186480),14666,4.0
INSIG2 (ENSG00000125629),14667,4.0
INSM1 (ENSG00000173404),14668,4.0
PFDN1 (ENSG00000113068),14669,4.0
INTS12 (ENSG00000138785),14670,4.0
INTS3 (ENSG00000143624),14671,4.0
PEX6 (ENSG00000124587),14672,4.0
PEX2 (ENSG00000164751),14673,4.0
PIGU (ENSG00000101464),14674,4.0
IGFBP5 (ENSG00000115461),14675,4.0
PIH1D2 (ENSG00000150773),14676,4.0
HTRA3 (ENSG00000170801),14677,4.0
PLEKHA4 (ENSG00000105559),14678,4.0
PLEKHA2 (ENSG00000169499),14679,4.0
HUS1B (ENSG00000188996),14680,4.0
PLD5 (ENSG00000180287),14681,4.0
PLD4 (ENSG00000166428),14682,4.0
PLD3 (ENSG00000105223),14683,4.0
PLD1 (ENSG00000075651),14684,4.0
HYAL2 (ENSG00000068001),14685,4.0
HYAL3 (ENSG00000186792),14686,4.0
PLCL1 (ENSG00000115896),14687,4.0
HYDIN (ENSG00000157423),14688,4.0
PLCG1-AS1 (ENSG00000226648),14689,4.0
HYKK (ENSG00000188266),14690,4.0
PLCD1 (ENSG00000187091),14691,4.0
HYPK (ENSG00000242028),14692,4.0
IAH1 (ENSG00000134330),14693,4.0
IAPP (ENSG00000121351),14694,4.0
PLB1 (ENSG00000163803),14695,4.0
PLAUR (ENSG00000011422),14696,4.0
IBSP (ENSG00000029559),14697,4.0
IBTK (ENSG00000005700),14698,4.0
PLAGL1 (ENSG00000118495),14699,4.0
HTRA1 (ENSG00000166033),14700,4.0
PLAG1 (ENSG00000181690),14701,4.0
HTR2C (ENSG00000147246),14702,4.0
PLEKHG1 (ENSG00000120278),14703,4.0
PLPP3 (ENSG00000162407),14704,4.0
HSPA1B (ENSG00000204388),14705,4.0
HSPA1L (ENSG00000204390),14706,4.0
PLP2 (ENSG00000102007),14707,4.0
PLOD3 (ENSG00000106397),14708,4.0
PLOD2 (ENSG00000152952),14709,4.0
PLOD1 (ENSG00000083444),14710,4.0
PLN (ENSG00000198523),14711,4.0
HSPA4L (ENSG00000164070),14712,4.0
PLK3 (ENSG00000173846),14713,4.0
PLK2 (ENSG00000145632),14714,4.0
HSPA5 (ENSG00000044574),14715,4.0
HSPA6 (ENSG00000173110),14716,4.0
PLIN3 (ENSG00000105355),14717,4.0
HSPB1 (ENSG00000106211),14718,4.0
HSPB2 (ENSG00000170276),14719,4.0
HSPB7 (ENSG00000173641),14720,4.0
PLEKHM1 (ENSG00000225190),14721,4.0
HSPB8 (ENSG00000152137),14722,4.0
PLEKHH2 (ENSG00000152527),14723,4.0
HTR1E (ENSG00000168830),14724,4.0
PLEKHG5 (ENSG00000171680),14725,4.0
HTR2A (ENSG00000102468),14726,4.0
PLEKHF2 (ENSG00000175895),14727,4.0
IRF2BP2 (ENSG00000168264),14728,4.0
ICA1L (ENSG00000163596),14729,4.0
PLA2R1 (ENSG00000153246),14730,4.0
IFIT3 (ENSG00000119917),14731,4.0
IFIT5 (ENSG00000152778),14732,4.0
IFITM10 (ENSG00000244242),14733,4.0
IFNGR2 (ENSG00000159128),14734,4.0
IFRD1 (ENSG00000006652),14735,4.0
IFT140 (ENSG00000187535),14736,4.0
IFT172 (ENSG00000138002),14737,4.0
IFT20 (ENSG00000109083),14738,4.0
IFT43 (ENSG00000119650),14739,4.0
IFT52 (ENSG00000101052),14740,4.0
PIM3 (ENSG00000198355),14741,4.0
IFT80 (ENSG00000068885),14742,4.0
IFT81 (ENSG00000122970),14743,4.0
IFT88 (ENSG00000032742),14744,4.0
IGBP1 (ENSG00000089289),14745,4.0
IGDCC4 (ENSG00000103742),14746,4.0
PIK3R3 (ENSG00000117461),14747,4.0
IGF1 (ENSG00000017427),14748,4.0
PIK3R1 (ENSG00000145675),14749,4.0
PIK3IP1 (ENSG00000100100),14750,4.0
IGF2BP2 (ENSG00000073792),14751,4.0
IGFBP2 (ENSG00000115457),14752,4.0
IGFBP4 (ENSG00000141753),14753,4.0
IFIT2 (ENSG00000119922),14754,4.0
ICAM1 (ENSG00000090339),14755,4.0
IFIT1 (ENSG00000185745),14756,4.0
IFI6 (ENSG00000126709),14757,4.0
ICAM4 (ENSG00000105371),14758,4.0
PLA2G6 (ENSG00000184381),14759,4.0
ID1 (ENSG00000125968),14760,4.0
PLA2G4A (ENSG00000116711),14761,4.0
ID2 (ENSG00000115738),14762,4.0
ID3 (ENSG00000117318),14763,4.0
PLA2G15 (ENSG00000103066),14764,4.0
IDH3G (ENSG00000067829),14765,4.0
IDI1 (ENSG00000067064),14766,4.0
IDS (ENSG00000010404),14767,4.0
IDUA (ENSG00000127415),14768,4.0
IER2 (ENSG00000160888),14769,4.0
IER3 (ENSG00000137331),14770,4.0
IER5L (ENSG00000188483),14771,4.0
IFFO1 (ENSG00000010295),14772,4.0
PKD1 (ENSG00000008710),14773,4.0
PJA2 (ENSG00000198961),14774,4.0
PJA1 (ENSG00000181191),14775,4.0
IFI27 (ENSG00000165949),14776,4.0
PITRM1 (ENSG00000107959),14777,4.0
PITPNM2 (ENSG00000090975),14778,4.0
IFI44 (ENSG00000137965),14779,4.0
IFI44L (ENSG00000137959),14780,4.0
IFIH1 (ENSG00000115267),14781,4.0
IRF2BPL (ENSG00000119669),14782,4.0
IRF7 (ENSG00000185507),14783,4.0
IRF8 (ENSG00000140968),14784,4.0
KCNA5 (ENSG00000130037),14785,4.0
PARM1 (ENSG00000169116),14786,4.0
KCNAB3 (ENSG00000170049),14787,4.0
KCNB2 (ENSG00000182674),14788,4.0
PARD6G-AS1 (ENSG00000267270),14789,4.0
KCND3 (ENSG00000171385),14790,4.0
KCNE1 (ENSG00000180509),14791,4.0
PAQR7 (ENSG00000182749),14792,4.0
PAQR6 (ENSG00000160781),14793,4.0
KCNE4 (ENSG00000152049),14794,4.0
KCNF1 (ENSG00000162975),14795,4.0
PAPSS1 (ENSG00000138801),14796,4.0
PAPPA2 (ENSG00000116183),14797,4.0
KCNH1 (ENSG00000143473),14798,4.0
KCNH2 (ENSG00000055118),14799,4.0
KCNH3 (ENSG00000135519),14800,4.0
KCNH8 (ENSG00000183960),14801,4.0
KCNIP1 (ENSG00000182132),14802,4.0
PAOX (ENSG00000148832),14803,4.0
KCNIP2 (ENSG00000120049),14804,4.0
KCNIP2-AS1 (ENSG00000226009),14805,4.0
PANO1 (ENSG00000274897),14806,4.0
PANK4 (ENSG00000157881),14807,4.0
KCNA3 (ENSG00000177272),14808,4.0
KCNIP3 (ENSG00000115041),14809,4.0
KC6 (ENSG00000267313),14810,4.0
KBTBD6 (ENSG00000165572),14811,4.0
PCAT7 (ENSG00000231806),14812,4.0
PCAT6 (ENSG00000228288),14813,4.0
PCAT1 (ENSG00000253438),14814,4.0
PBXIP1 (ENSG00000163346),14815,4.0
PBX4 (ENSG00000105717),14816,4.0
PBX3 (ENSG00000167081),14817,4.0
KAT5 (ENSG00000172977),14818,4.0
PAXBP1-AS1 (ENSG00000238197),14819,4.0
KAT6A (ENSG00000083168),14820,4.0
KAT6B (ENSG00000156650),14821,4.0
PAX6 (ENSG00000007372),14822,4.0
KAT8 (ENSG00000103510),14823,4.0
KAZALD1 (ENSG00000107821),14824,4.0
PAX1 (ENSG00000125813),14825,4.0
KB-1125A3.11 (ENSG00000272973),14826,4.0
PARVA (ENSG00000197702),14827,4.0
KB-1732A1.1 (ENSG00000253669),14828,4.0
PARP9 (ENSG00000138496),14829,4.0
PARP8 (ENSG00000151883),14830,4.0
PARP6 (ENSG00000137817),14831,4.0
KB-68A7.1 (ENSG00000274225),14832,4.0
PARP3 (ENSG00000041880),14833,4.0
PARP16 (ENSG00000138617),14834,4.0
KBTBD7 (ENSG00000120696),14835,4.0
KANK4 (ENSG00000132854),14836,4.0
KCNIP4 (ENSG00000185774),14837,4.0
KCNJ2 (ENSG00000123700),14838,4.0
PABPC4L (ENSG00000254535),14839,4.0
KCTD11 (ENSG00000213859),14840,4.0
P4HTM (ENSG00000178467),14841,4.0
P4HB (ENSG00000185624),14842,4.0
P4HA3 (ENSG00000149380),14843,4.0
P4HA2 (ENSG00000072682),14844,4.0
P4HA1 (ENSG00000122884),14845,4.0
P3H4 (ENSG00000141696),14846,4.0
P3H3 (ENSG00000110811),14847,4.0
P3H1 (ENSG00000117385),14848,4.0
KCTD12 (ENSG00000178695),14849,4.0
KCTD13 (ENSG00000174943),14850,4.0
P2RX6 (ENSG00000099957),14851,4.0
KCTD16 (ENSG00000183775),14852,4.0
KCTD17 (ENSG00000100379),14853,4.0
P2RX4 (ENSG00000135124),14854,4.0
P2RX3 (ENSG00000109991),14855,4.0
P2RX2 (ENSG00000187848),14856,4.0
OXTR (ENSG00000180914),14857,4.0
KCTD18 (ENSG00000155729),14858,4.0
OXSM (ENSG00000151093),14859,4.0
OXR1 (ENSG00000164830),14860,4.0
KCTD21 (ENSG00000188997),14861,4.0
PABPC5 (ENSG00000174740),14862,4.0
PAN3-AS1 (ENSG00000261485),14863,4.0
PACRG (ENSG00000112530),14864,4.0
KCNQ1OT1 (ENSG00000269821),14865,4.0
KCNJ2-AS1 (ENSG00000267365),14866,4.0
KCNJ3 (ENSG00000162989),14867,4.0
PAM (ENSG00000145730),14868,4.0
PALMD (ENSG00000099260),14869,4.0
KCNJ4 (ENSG00000168135),14870,4.0
PALM2 (ENSG00000243444),14871,4.0
PALM (ENSG00000099864),14872,4.0
PALLD (ENSG00000129116),14873,4.0
PAK7 (ENSG00000101349),14874,4.0
KCNK1 (ENSG00000135750),14875,4.0
PAK3 (ENSG00000077264),14876,4.0
KCNK10 (ENSG00000100433),14877,4.0
KCNK15-AS1 (ENSG00000244558),14878,4.0
KCNK2 (ENSG00000082482),14879,4.0
KCNK3 (ENSG00000171303),14880,4.0
KCNMB1 (ENSG00000145936),14881,4.0
KCNMB2 (ENSG00000197584),14882,4.0
KCNMB3 (ENSG00000171121),14883,4.0
PAG1 (ENSG00000076641),14884,4.0
KCNN1 (ENSG00000105642),14885,4.0
KCNN3 (ENSG00000143603),14886,4.0
PAF1 (ENSG00000006712),14887,4.0
KCNQ1-AS1 (ENSG00000229414),14888,4.0
KCNQ3 (ENSG00000184156),14889,4.0
PLPP4 (ENSG00000203805),14890,4.0
PCBP1 (ENSG00000169564),14891,4.0
KALRN (ENSG00000160145),14892,4.0
ITFG1 (ENSG00000129636),14893,4.0
PDE6A (ENSG00000132915),14894,4.0
ITGA1 (ENSG00000213949),14895,4.0
PDE4DIP (ENSG00000178104),14896,4.0
PDE4D (ENSG00000113448),14897,4.0
ITGA10 (ENSG00000143127),14898,4.0
PDE4B (ENSG00000184588),14899,4.0
ITGA11 (ENSG00000137809),14900,4.0
PDE3A (ENSG00000172572),14901,4.0
PDE1C (ENSG00000154678),14902,4.0
PDE1A (ENSG00000115252),14903,4.0
PDE11A (ENSG00000128655),14904,4.0
ITGA5 (ENSG00000161638),14905,4.0
PDCL (ENSG00000136940),14906,4.0
PDCD4 (ENSG00000150593),14907,4.0
ITGB4 (ENSG00000132470),14908,4.0
ITGB7 (ENSG00000139626),14909,4.0
ITGB8 (ENSG00000105855),14910,4.0
ITIH3 (ENSG00000162267),14911,4.0
ITIH5 (ENSG00000123243),14912,4.0
PCYOX1 (ENSG00000116005),14913,4.0
PCSK9 (ENSG00000169174),14914,4.0
PCSK4 (ENSG00000115257),14915,4.0
PDE6H (ENSG00000139053),14916,4.0
ITM2A (ENSG00000078596),14917,4.0
ISY1 (ENSG00000240682),14918,4.0
PDE8A (ENSG00000073417),14919,4.0
IRF9 (ENSG00000213928),14920,4.0
PDP1 (ENSG00000164951),14921,4.0
PDLIM7 (ENSG00000196923),14922,4.0
PDLIM4 (ENSG00000131435),14923,4.0
PDLIM3 (ENSG00000154553),14924,4.0
PDLIM2 (ENSG00000120913),14925,4.0
PDK4 (ENSG00000004799),14926,4.0
IRX3 (ENSG00000177508),14927,4.0
PDK2 (ENSG00000005882),14928,4.0
PDK1 (ENSG00000152256),14929,4.0
PDIK1L (ENSG00000175087),14930,4.0
IRX5 (ENSG00000176842),14931,4.0
PDIA5 (ENSG00000065485),14932,4.0
IRX6 (ENSG00000159387),14933,4.0
ISL1 (ENSG00000016082),14934,4.0
ISL2 (ENSG00000159556),14935,4.0
ISLR (ENSG00000129009),14936,4.0
ISLR2 (ENSG00000167178),14937,4.0
PDGFRL (ENSG00000104213),14938,4.0
PDGFRB (ENSG00000113721),14939,4.0
PDGFRA (ENSG00000134853),14940,4.0
PDGFD (ENSG00000170962),14941,4.0
PDGFC (ENSG00000145431),14942,4.0
PDE7B (ENSG00000171408),14943,4.0
PCBP2 (ENSG00000197111),14944,4.0
PCSK1N (ENSG00000102109),14945,4.0
PCP4L1 (ENSG00000248485),14946,4.0
PCDHB16 (ENSG00000272674),14947,4.0
PCDHB15 (ENSG00000113248),14948,4.0
PCDHB14 (ENSG00000120327),14949,4.0
JAZF1 (ENSG00000153814),14950,4.0
JMJD1C-AS1 (ENSG00000272767),14951,4.0
PCDHB10 (ENSG00000120324),14952,4.0
PCDHA7 (ENSG00000204963),14953,4.0
JMJD6 (ENSG00000070495),14954,4.0
PCDHA4 (ENSG00000204967),14955,4.0
PCDHA3 (ENSG00000255408),14956,4.0
PCDHA2 (ENSG00000204969),14957,4.0
JOSD2 (ENSG00000161677),14958,4.0
PCDH9 (ENSG00000184226),14959,4.0
PCDH7 (ENSG00000169851),14960,4.0
JPH4 (ENSG00000092051),14961,4.0
PCDH18 (ENSG00000189184),14962,4.0
PCDH15 (ENSG00000150275),14963,4.0
JRKL (ENSG00000183340),14964,4.0
JUN (ENSG00000177606),14965,4.0
PCDH10 (ENSG00000138650),14966,4.0
JUNB (ENSG00000171223),14967,4.0
JUND (ENSG00000130522),14968,4.0
PCBP4 (ENSG00000090097),14969,4.0
PCDHB2 (ENSG00000112852),14970,4.0
ITM2B (ENSG00000136156),14971,4.0
JAM3 (ENSG00000166086),14972,4.0
PCDHB5 (ENSG00000113209),14973,4.0
PCP4 (ENSG00000183036),14974,4.0
PCOLCE-AS1 (ENSG00000224729),14975,4.0
PCNXL4 (ENSG00000126773),14976,4.0
ITM2C (ENSG00000135916),14977,4.0
ITPKB (ENSG00000143772),14978,4.0
ITPR1-AS1 (ENSG00000231249),14979,4.0
PCMTD2 (ENSG00000203880),14980,4.0
ITPRIP (ENSG00000148841),14981,4.0
JAGN1 (ENSG00000171135),14982,4.0
JAK1 (ENSG00000162434),14983,4.0
JAK2 (ENSG00000096968),14984,4.0
JAKMIP2 (ENSG00000176049),14985,4.0
PCGF2 (ENSG00000277258),14986,4.0
PCGF1 (ENSG00000115289),14987,4.0
PCF11-AS1 (ENSG00000269939),14988,4.0
PCF11 (ENSG00000165494),14989,4.0
PCED1A (ENSG00000132635),14990,4.0
PCDHGC3 (ENSG00000240184),14991,4.0
PCDHGB7 (ENSG00000254122),14992,4.0
PCDHGB6 (ENSG00000253305),14993,4.0
PCDHGA8 (ENSG00000253767),14994,4.0
PCDHGA10 (ENSG00000253846),14995,4.0
PCDHB9 (ENSG00000177839),14996,4.0
JAM2 (ENSG00000154721),14997,4.0
KCTD5 (ENSG00000167977),14998,4.0
HSPA1A (ENSG00000204389),14999,4.0
PLPPR2 (ENSG00000105520),15000,4.0
GSTA4 (ENSG00000170899),15001,4.0
GSTM2 (ENSG00000213366),15002,4.0
GSTM3 (ENSG00000134202),15003,4.0
GSTM4 (ENSG00000168765),15004,4.0
GSTM5 (ENSG00000134201),15005,4.0
GSX2 (ENSG00000180613),15006,4.0
GTDC1 (ENSG00000121964),15007,4.0
GTF2B (ENSG00000137947),15008,4.0
PSD3 (ENSG00000156011),15009,4.0
PSD (ENSG00000059915),15010,4.0
GSN (ENSG00000148180),15011,4.0
GTF2E2 (ENSG00000197265),15012,4.0
PRX (ENSG00000105227),15013,4.0
GTF2IRD1 (ENSG00000006704),15014,4.0
PRTN3 (ENSG00000196415),15015,4.0
GTF2IRD2 (ENSG00000196275),15016,4.0
GTF2IRD2B (ENSG00000174428),15017,4.0
PRSS50 (ENSG00000206549),15018,4.0
PRSS36 (ENSG00000178226),15019,4.0
PRSS35 (ENSG00000146250),15020,4.0
PRSS33 (ENSG00000103355),15021,4.0
PRSS27 (ENSG00000172382),15022,4.0
GTF2F1 (ENSG00000125651),15023,4.0
GSG1L (ENSG00000169181),15024,4.0
GSDMB (ENSG00000073605),15025,4.0
GSC (ENSG00000133937),15026,4.0
GRIA1 (ENSG00000155511),15027,4.0
GRIA2 (ENSG00000120251),15028,4.0
PSME1 (ENSG00000092010),15029,4.0
GRIA4 (ENSG00000152578),15030,4.0
PSMD8 (ENSG00000099341),15031,4.0
GRID1 (ENSG00000182771),15032,4.0
GRIK1 (ENSG00000171189),15033,4.0
GRIK2 (ENSG00000164418),15034,4.0
GRIK4 (ENSG00000149403),15035,4.0
GRIN1 (ENSG00000176884),15036,4.0
GRIN2A (ENSG00000183454),15037,4.0
GRIN2D (ENSG00000105464),15038,4.0
GRIN3A (ENSG00000198785),15039,4.0
GRIN3B (ENSG00000116032),15040,4.0
PSMD13 (ENSG00000185627),15041,4.0
GRINA (ENSG00000178719),15042,4.0
GRK5 (ENSG00000198873),15043,4.0
GRM7 (ENSG00000196277),15044,4.0
GRM8 (ENSG00000179603),15045,4.0
GS1-124K5.11 (ENSG00000229180),15046,4.0
GS1-124K5.3 (ENSG00000223473),15047,4.0
PSMC1 (ENSG00000100764),15048,4.0
GS1-259H13.2 (ENSG00000244219),15049,4.0
GUCY1B3 (ENSG00000061918),15050,4.0
GUCY2D (ENSG00000132518),15051,4.0
PRSS12 (ENSG00000164099),15052,4.0
PRRX2 (ENSG00000167157),15053,4.0
HACE1 (ENSG00000085382),15054,4.0
HADHA (ENSG00000084754),15055,4.0
PRPF18 (ENSG00000165630),15056,4.0
PROSER3 (ENSG00000167595),15057,4.0
HADHB (ENSG00000138029),15058,4.0
PROS1 (ENSG00000184500),15059,4.0
HAGLR (ENSG00000224189),15060,4.0
HARS (ENSG00000170445),15061,4.0
PRNP (ENSG00000171867),15062,4.0
PRND (ENSG00000171864),15063,4.0
HARS2 (ENSG00000112855),15064,4.0
PRMT9 (ENSG00000164169),15065,4.0
HAS1 (ENSG00000105509),15066,4.0
PRMT2 (ENSG00000160310),15067,4.0
PRL (ENSG00000172179),15068,4.0
HBD (ENSG00000223609),15069,4.0
PRKG2 (ENSG00000138669),15070,4.0
HBE1 (ENSG00000213931),15071,4.0
PRKG1 (ENSG00000185532),15072,4.0
HBG2 (ENSG00000196565),15073,4.0
HBP1 (ENSG00000105856),15074,4.0
PRKD2 (ENSG00000105287),15075,4.0
PRKCSH (ENSG00000130175),15076,4.0
HABP4 (ENSG00000130956),15077,4.0
PSMF1 (ENSG00000125818),15078,4.0
HAAO (ENSG00000162882),15079,4.0
PRPF40B (ENSG00000110844),15080,4.0
PRRX1 (ENSG00000116132),15081,4.0
GUK1 (ENSG00000143774),15082,4.0
PRRT2 (ENSG00000167371),15083,4.0
PRRT1 (ENSG00000204314),15084,4.0
GVQW1 (ENSG00000241043),15085,4.0
GXYLT2 (ENSG00000172986),15086,4.0
PRRG1 (ENSG00000130962),15087,4.0
GYS1 (ENSG00000104812),15088,4.0
GZF1 (ENSG00000125812),15089,4.0
PRR7 (ENSG00000131188),15090,4.0
PRR5 (ENSG00000186654),15091,4.0
GZMA (ENSG00000145649),15092,4.0
PRR3 (ENSG00000204576),15093,4.0
PRR29 (ENSG00000224383),15094,4.0
H1F0 (ENSG00000189060),15095,4.0
PRR16 (ENSG00000184838),15096,4.0
PRR14 (ENSG00000156858),15097,4.0
PRPSAP2 (ENSG00000141127),15098,4.0
PRPSAP1 (ENSG00000161542),15099,4.0
PRPH (ENSG00000135406),15100,4.0
H2BFS (ENSG00000234289),15101,4.0
PRPF6 (ENSG00000101161),15102,4.0
H3F3B (ENSG00000132475),15103,4.0
H3F3C (ENSG00000188375),15104,4.0
GREM2 (ENSG00000180875),15105,4.0
GRASP (ENSG00000161835),15106,4.0
GRAMD4 (ENSG00000075240),15107,4.0
GPC2 (ENSG00000213420),15108,4.0
GPC3 (ENSG00000147257),15109,4.0
PUS10 (ENSG00000162927),15110,4.0
PURG (ENSG00000172733),15111,4.0
GPER1 (ENSG00000164850),15112,4.0
PURA (ENSG00000185129),15113,4.0
GPI (ENSG00000105220),15114,4.0
PUF60 (ENSG00000179950),15115,4.0
PTX3 (ENSG00000163661),15116,4.0
PTTG1IP (ENSG00000183255),15117,4.0
GPM6A (ENSG00000150625),15118,4.0
GPNMB (ENSG00000136235),15119,4.0
GPR1 (ENSG00000183671),15120,4.0
GPR108 (ENSG00000125734),15121,4.0
GPR12 (ENSG00000132975),15122,4.0
GPR135 (ENSG00000181619),15123,4.0
GPR137 (ENSG00000173264),15124,4.0
PTPRU (ENSG00000060656),15125,4.0
PTPRT (ENSG00000196090),15126,4.0
GPR137B (ENSG00000077585),15127,4.0
PTPRR (ENSG00000153233),15128,4.0
PTPRO (ENSG00000151490),15129,4.0
PTPRN2 (ENSG00000155093),15130,4.0
PVR (ENSG00000073008),15131,4.0
GPR150 (ENSG00000178015),15132,4.0
GPBP1 (ENSG00000062194),15133,4.0
GPATCH8 (ENSG00000186566),15134,4.0
R3HCC1 (ENSG00000104679),15135,4.0
GNRH1 (ENSG00000147437),15136,4.0
GNS (ENSG00000135677),15137,4.0
GOLGA2 (ENSG00000167110),15138,4.0
GOLGA4 (ENSG00000144674),15139,4.0
GOLGA5 (ENSG00000066455),15140,4.0
GOLGA6L10 (ENSG00000278662),15141,4.0
GOLGA6L4 (ENSG00000184206),15142,4.0
GOLGA6L9 (ENSG00000197978),15143,4.0
QPCTL (ENSG00000011478),15144,4.0
GOLGA7 (ENSG00000147533),15145,4.0
GOLGA8A (ENSG00000175265),15146,4.0
PYROXD2 (ENSG00000119943),15147,4.0
PYROXD1 (ENSG00000121350),15148,4.0
GOLGA8B (ENSG00000215252),15149,4.0
PYGM (ENSG00000068976),15150,4.0
PYGB (ENSG00000100994),15151,4.0
GOLIM4 (ENSG00000173905),15152,4.0
GORASP1 (ENSG00000114745),15153,4.0
GORASP2 (ENSG00000115806),15154,4.0
PXT1 (ENSG00000179165),15155,4.0
GPA33 (ENSG00000143167),15156,4.0
GPATCH1 (ENSG00000076650),15157,4.0
PVRL3-AS1 (ENSG00000242242),15158,4.0
HCFC2 (ENSG00000111727),15159,4.0
PTPRH (ENSG00000080031),15160,4.0
PTPRE (ENSG00000132334),15161,4.0
PTGFRN (ENSG00000134247),15162,4.0
PTGFR (ENSG00000122420),15163,4.0
GPRASP2 (ENSG00000158301),15164,4.0
PTGES2-AS1 (ENSG00000232850),15165,4.0
GPRC5A (ENSG00000013588),15166,4.0
PTGES (ENSG00000148344),15167,4.0
PTGER4 (ENSG00000171522),15168,4.0
PTGER3 (ENSG00000050628),15169,4.0
PTGER2 (ENSG00000125384),15170,4.0
PTGDS (ENSG00000107317),15171,4.0
GPRC5C (ENSG00000170412),15172,4.0
PTENP1-AS (ENSG00000281128),15173,4.0
GPRIN1 (ENSG00000169258),15174,4.0
GPRIN3 (ENSG00000185477),15175,4.0
GPS2 (ENSG00000132522),15176,4.0
PTCHD2 (ENSG00000204624),15177,4.0
GPSM1 (ENSG00000160360),15178,4.0
GPSM2 (ENSG00000121957),15179,4.0
GPT (ENSG00000167701),15180,4.0
GPX7 (ENSG00000116157),15181,4.0
GRAMD1A (ENSG00000089351),15182,4.0
GRAMD1C (ENSG00000178075),15183,4.0
PSPN (ENSG00000125650),15184,4.0
PTGIR (ENSG00000160013),15185,4.0
GPR156 (ENSG00000175697),15186,4.0
GPR89B (ENSG00000188092),15187,4.0
PTGS2 (ENSG00000073756),15188,4.0
PTPRD-AS1 (ENSG00000225706),15189,4.0
GPR162 (ENSG00000250510),15190,4.0
PTPRB (ENSG00000127329),15191,4.0
PTPRA (ENSG00000132670),15192,4.0
GPR17 (ENSG00000144230),15193,4.0
PTPN7 (ENSG00000143851),15194,4.0
GPR20 (ENSG00000204882),15195,4.0
GPR22 (ENSG00000172209),15196,4.0
GPR3 (ENSG00000181773),15197,4.0
GPR39 (ENSG00000183840),15198,4.0
GPR62 (ENSG00000180929),15199,4.0
GPR68 (ENSG00000119714),15200,4.0
PTPDC1 (ENSG00000158079),15201,4.0
PTP4A3 (ENSG00000184489),15202,4.0
GPR82 (ENSG00000171657),15203,4.0
PTP4A1 (ENSG00000112245),15204,4.0
PTOV1 (ENSG00000104960),15205,4.0
PTMS (ENSG00000159335),15206,4.0
GPR85 (ENSG00000164604),15207,4.0
PTK2 (ENSG00000169398),15208,4.0
PTHLH (ENSG00000087494),15209,4.0
PTH2R (ENSG00000144407),15210,4.0
PTH1R (ENSG00000160801),15211,4.0
PTGS1 (ENSG00000095303),15212,4.0
HCG17 (ENSG00000270604),15213,4.0
PRKCE (ENSG00000171132),15214,4.0
HCG23 (ENSG00000228962),15215,4.0
HOXA10 (ENSG00000253293),15216,4.0
HOXA11 (ENSG00000005073),15217,4.0
POMZP3 (ENSG00000146707),15218,4.0
POMT1 (ENSG00000130714),15219,4.0
POMK (ENSG00000185900),15220,4.0
POMGNT1 (ENSG00000085998),15221,4.0
HOXA3 (ENSG00000105997),15222,4.0
HOXA4 (ENSG00000197576),15223,4.0
HOXA5 (ENSG00000106004),15224,4.0
HOXA9 (ENSG00000078399),15225,4.0
POLR3GL (ENSG00000121851),15226,4.0
HOXB13 (ENSG00000159184),15227,4.0
POLR2M (ENSG00000255529),15228,4.0
HOXC10 (ENSG00000180818),15229,4.0
HOXC11 (ENSG00000123388),15230,4.0
HOXC5 (ENSG00000172789),15231,4.0
HOXC6 (ENSG00000197757),15232,4.0
HOXC9 (ENSG00000180806),15233,4.0
HOXD-AS2 (ENSG00000237380),15234,4.0
POLM (ENSG00000122678),15235,4.0
POLL (ENSG00000166169),15236,4.0
POLK (ENSG00000122008),15237,4.0
HOXD10 (ENSG00000128710),15238,4.0
POPDC2 (ENSG00000121577),15239,4.0
HOXD11 (ENSG00000128713),15240,4.0
POR (ENSG00000127948),15241,4.0
POSTN (ENSG00000133110),15242,4.0
HNF1A (ENSG00000135100),15243,4.0
PPFIBP2 (ENSG00000166387),15244,4.0
PPFIBP1 (ENSG00000110841),15245,4.0
PPFIA4 (ENSG00000143847),15246,4.0
PPFIA3 (ENSG00000177380),15247,4.0
HNRNPA0 (ENSG00000177733),15248,4.0
PPDPF (ENSG00000125534),15249,4.0
HNRNPA1L2 (ENSG00000139675),15250,4.0
HNRNPDL (ENSG00000152795),15251,4.0
HNRNPH2 (ENSG00000126945),15252,4.0
HNRNPK (ENSG00000165119),15253,4.0
PPARD (ENSG00000112033),15254,4.0
HOMER2 (ENSG00000103942),15255,4.0
PP7080 (ENSG00000188242),15256,4.0
HOOK3 (ENSG00000168172),15257,4.0
POU6F1 (ENSG00000184271),15258,4.0
POU5F2 (ENSG00000248483),15259,4.0
HOTAIR (ENSG00000228630),15260,4.0
POU4F1 (ENSG00000152192),15261,4.0
POU3F4 (ENSG00000196767),15262,4.0
POU3F3 (ENSG00000198914),15263,4.0
HOTTIP (ENSG00000243766),15264,4.0
POU2F2 (ENSG00000028277),15265,4.0
PORCN (ENSG00000102312),15266,4.0
PPIB (ENSG00000166794),15267,4.0
HOXD13 (ENSG00000128714),15268,4.0
POLDIP3 (ENSG00000100227),15269,4.0
HSD17B11 (ENSG00000198189),15270,4.0
HSD17B13 (ENSG00000170509),15271,4.0
HSD17B14 (ENSG00000087076),15272,4.0
HSD17B2 (ENSG00000086696),15273,4.0
PMP22 (ENSG00000109099),15274,4.0
HSD17B8 (ENSG00000204228),15275,4.0
PMM1 (ENSG00000100417),15276,4.0
HSDL1 (ENSG00000103160),15277,4.0
HSDL2 (ENSG00000119471),15278,4.0
PMEPA1 (ENSG00000124225),15279,4.0
HSF2 (ENSG00000025156),15280,4.0
PLXNC1 (ENSG00000136040),15281,4.0
PLXNA4 (ENSG00000221866),15282,4.0
HSF2BP (ENSG00000160207),15283,4.0
PLXDC1 (ENSG00000161381),15284,4.0
PLTP (ENSG00000100979),15285,4.0
PLSCR4 (ENSG00000114698),15286,4.0
HSF4 (ENSG00000102878),15287,4.0
PLS3-AS1 (ENSG00000271826),15288,4.0
HSPA12A (ENSG00000165868),15289,4.0
HSPA12B (ENSG00000132622),15290,4.0
HSPA13 (ENSG00000155304),15291,4.0
PLPPR3 (ENSG00000129951),15292,4.0
HSD11B1L (ENSG00000167733),15293,4.0
HOXD4 (ENSG00000170166),15294,4.0
PNCK (ENSG00000130822),15295,4.0
HS3ST6 (ENSG00000162040),15296,4.0
HP1BP3 (ENSG00000127483),15297,4.0
POLB (ENSG00000070501),15298,4.0
HPCA (ENSG00000121905),15299,4.0
HPCAL1 (ENSG00000115756),15300,4.0
HPCAL4 (ENSG00000116983),15301,4.0
POFUT2 (ENSG00000186866),15302,4.0
PODXL2 (ENSG00000114631),15303,4.0
PODNL1 (ENSG00000132000),15304,4.0
PODN (ENSG00000174348),15305,4.0
HPS4 (ENSG00000100099),15306,4.0
PNRC1 (ENSG00000146278),15307,4.0
PNPLA8 (ENSG00000135241),15308,4.0
HRC (ENSG00000130528),15309,4.0
HS1BP3 (ENSG00000118960),15310,4.0
HS3ST1 (ENSG00000002587),15311,4.0
HS3ST2 (ENSG00000122254),15312,4.0
HS3ST3B1 (ENSG00000125430),15313,4.0
PNMAL2 (ENSG00000204851),15314,4.0
PNMAL1 (ENSG00000182013),15315,4.0
PNMA6A (ENSG00000235961),15316,4.0
PNMA3 (ENSG00000183837),15317,4.0
PNMA2 (ENSG00000240694),15318,4.0
PNMA1 (ENSG00000176903),15319,4.0
PNISR (ENSG00000132424),15320,4.0
PLPP6 (ENSG00000205808),15321,4.0
PPIC (ENSG00000168938),15322,4.0
PPIE (ENSG00000084072),15323,4.0
PRDM4 (ENSG00000110851),15324,4.0
PRDM2 (ENSG00000116731),15325,4.0
PRDM16 (ENSG00000142611),15326,4.0
HERPUD2 (ENSG00000122557),15327,4.0
HES1 (ENSG00000114315),15328,4.0
PRDM11 (ENSG00000019485),15329,4.0
PRCP (ENSG00000137509),15330,4.0
PRCC (ENSG00000143294),15331,4.0
PRAP1 (ENSG00000165828),15332,4.0
PRAME (ENSG00000185686),15333,4.0
PRAM1 (ENSG00000133246),15334,4.0
PRAF2 (ENSG00000243279),15335,4.0
PRAC2 (ENSG00000229637),15336,4.0
PRAC1 (ENSG00000159182),15337,4.0
HES6 (ENSG00000144485),15338,4.0
PQLC2 (ENSG00000040487),15339,4.0
HEXA (ENSG00000213614),15340,4.0
PPY (ENSG00000108849),15341,4.0
HEXDC (ENSG00000169660),15342,4.0
HFE (ENSG00000010704),15343,4.0
HGS (ENSG00000185359),15344,4.0
HGSNAT (ENSG00000165102),15345,4.0
PPP5D1 (ENSG00000230510),15346,4.0
HERPUD1 (ENSG00000051108),15347,4.0
HHAT (ENSG00000054392),15348,4.0
PRDM6 (ENSG00000061455),15349,4.0
HERC6 (ENSG00000138642),15350,4.0
HCG9 (ENSG00000204625),15351,4.0
HCN3 (ENSG00000143630),15352,4.0
PRKAR1A (ENSG00000108946),15353,4.0
PRKAG2-AS1 (ENSG00000239911),15354,4.0
PRKAG1 (ENSG00000181929),15355,4.0
HDAC10 (ENSG00000100429),15356,4.0
HDAC11 (ENSG00000163517),15357,4.0
PRKAB1 (ENSG00000111725),15358,4.0
HDAC2 (ENSG00000196591),15359,4.0
HDAC4 (ENSG00000068024),15360,4.0
PRIMPOL (ENSG00000164306),15361,4.0
HDAC6 (ENSG00000094631),15362,4.0
HDAC9 (ENSG00000048052),15363,4.0
HDC (ENSG00000140287),15364,4.0
PRH1 (ENSG00000231887),15365,4.0
HECTD1 (ENSG00000092148),15366,4.0
PREPL (ENSG00000138078),15367,4.0
PREP (ENSG00000085377),15368,4.0
HECTD4 (ENSG00000173064),15369,4.0
HELZ2 (ENSG00000130589),15370,4.0
HEPH (ENSG00000089472),15371,4.0
HERC1 (ENSG00000103657),15372,4.0
HERC3 (ENSG00000138641),15373,4.0
PRDM8 (ENSG00000152784),15374,4.0
HMX1 (ENSG00000215612),15375,4.0
PPP4R3B (ENSG00000275052),15376,4.0
HIC1 (ENSG00000177374),15377,4.0
HIVEP3 (ENSG00000127124),15378,4.0
HKR1 (ENSG00000181666),15379,4.0
PPP1R12B (ENSG00000077157),15380,4.0
PPP1R11 (ENSG00000204619),15381,4.0
HLA-DMB (ENSG00000242574),15382,4.0
HLA-E (ENSG00000204592),15383,4.0
HLF (ENSG00000108924),15384,4.0
HM13 (ENSG00000101294),15385,4.0
HMBOX1 (ENSG00000147421),15386,4.0
PPM1M (ENSG00000164088),15387,4.0
PPM1K (ENSG00000163644),15388,4.0
HMCN1 (ENSG00000143341),15389,4.0
HMG20A (ENSG00000140382),15390,4.0
HMG20B (ENSG00000064961),15391,4.0
HMGA2 (ENSG00000149948),15392,4.0
PPM1D (ENSG00000170836),15393,4.0
HMGCL (ENSG00000117305),15394,4.0
HMGCLL1 (ENSG00000146151),15395,4.0
HMGCS1 (ENSG00000112972),15396,4.0
PPIL6 (ENSG00000185250),15397,4.0
PPIL4 (ENSG00000131013),15398,4.0
PPIL2 (ENSG00000100023),15399,4.0
HMP19 (ENSG00000170091),15400,4.0
PPP1R14C (ENSG00000198729),15401,4.0
PPP3CC (ENSG00000120910),15402,4.0
PPP1R15A (ENSG00000087074),15403,4.0
HIST2H2BF (ENSG00000203814),15404,4.0
HID1 (ENSG00000167861),15405,4.0
HIF3A (ENSG00000124440),15406,4.0
PPP2R5B (ENSG00000068971),15407,4.0
HINT3 (ENSG00000111911),15408,4.0
HIP1R (ENSG00000130787),15409,4.0
HIPK1-AS1 (ENSG00000235527),15410,4.0
PPP2R2D (ENSG00000175470),15411,4.0
HIPK4 (ENSG00000160396),15412,4.0
PPP2R1A (ENSG00000105568),15413,4.0
HIST1H1C (ENSG00000187837),15414,4.0
HIST1H2AC (ENSG00000180573),15415,4.0
PPP1R8 (ENSG00000117751),15416,4.0
HIST1H2BD (ENSG00000158373),15417,4.0
PPP1R42 (ENSG00000178125),15418,4.0
PPP1R3G (ENSG00000219607),15419,4.0
PPP1R3E (ENSG00000235194),15420,4.0
PPP1R3D (ENSG00000132825),15421,4.0
PPP1R37 (ENSG00000104866),15422,4.0
PPP1R32 (ENSG00000162148),15423,4.0
PPP1R26-AS1 (ENSG00000225361),15424,4.0
PPP1R2 (ENSG00000184203),15425,4.0
HIST2H2BE (ENSG00000184678),15426,4.0
PPP1R18 (ENSG00000146112),15427,4.0
HIST3H2A (ENSG00000181218),15428,4.0
OXA1L (ENSG00000155463),15429,4.0
KCTD7 (ENSG00000243335),15430,4.0
OVOL1-AS1 (ENSG00000255120),15431,4.0
LRP12 (ENSG00000147650),15432,4.0
MUC20 (ENSG00000176945),15433,4.0
MUC1 (ENSG00000185499),15434,4.0
LRP2BP (ENSG00000109771),15435,4.0
MTUS2 (ENSG00000132938),15436,4.0
MTUS1 (ENSG00000129422),15437,4.0
LRP5L (ENSG00000100068),15438,4.0
LRRC1 (ENSG00000137269),15439,4.0
LRRC10B (ENSG00000204950),15440,4.0
LRRC16B (ENSG00000186648),15441,4.0
MUL1 (ENSG00000090432),15442,4.0
LRRC17 (ENSG00000128606),15443,4.0
LRRC24 (ENSG00000254402),15444,4.0
MTMR6 (ENSG00000139505),15445,4.0
LRRC27 (ENSG00000148814),15446,4.0
LRRC28 (ENSG00000168904),15447,4.0
LRRC29 (ENSG00000125122),15448,4.0
MTMR11 (ENSG00000014914),15449,4.0
LRRC3 (ENSG00000160233),15450,4.0
LRRC3-AS1 (ENSG00000229356),15451,4.0
LRRC37A2 (ENSG00000238083),15452,4.0
LRRC37A3 (ENSG00000176809),15453,4.0
LRRC23 (ENSG00000010626),15454,4.0
LRP11 (ENSG00000120256),15455,4.0
MUM1L1 (ENSG00000157502),15456,4.0
MUS81 (ENSG00000172732),15457,4.0
LPIN1 (ENSG00000134324),15458,4.0
LPL (ENSG00000175445),15459,4.0
LPXN (ENSG00000110031),15460,4.0
MYCBPAP (ENSG00000136449),15461,4.0
LRCH1 (ENSG00000136141),15462,4.0
LRCH2 (ENSG00000130224),15463,4.0
LRCH4 (ENSG00000077454),15464,4.0
LRFN2 (ENSG00000156564),15465,4.0
LRFN5 (ENSG00000165379),15466,4.0
MYADM (ENSG00000179820),15467,4.0
MXRA8 (ENSG00000162576),15468,4.0
MXRA7 (ENSG00000182534),15469,4.0
MXRA5 (ENSG00000101825),15470,4.0
MXI1 (ENSG00000119950),15471,4.0
MXD1 (ENSG00000059728),15472,4.0
LRIG3 (ENSG00000139263),15473,4.0
LRP1 (ENSG00000123384),15474,4.0
MVP (ENSG00000013364),15475,4.0
MVK (ENSG00000110921),15476,4.0
MVD (ENSG00000167508),15477,4.0
MVB12B (ENSG00000196814),15478,4.0
LRP10 (ENSG00000197324),15479,4.0
MUT (ENSG00000146085),15480,4.0
MTHFSD (ENSG00000103248),15481,4.0
LRRC37B (ENSG00000185158),15482,4.0
LRRC3B (ENSG00000179796),15483,4.0
LRRC41 (ENSG00000132128),15484,4.0
LTBP3 (ENSG00000168056),15485,4.0
MSX2 (ENSG00000120149),15486,4.0
LTBP4 (ENSG00000090006),15487,4.0
MST1 (ENSG00000173531),15488,4.0
MSS51 (ENSG00000166343),15489,4.0
MSRB3 (ENSG00000174099),15490,4.0
MSRA (ENSG00000175806),15491,4.0
LUC7L2 (ENSG00000146963),15492,4.0
MSMO1 (ENSG00000052802),15493,4.0
MSLN (ENSG00000102854),15494,4.0
LUM (ENSG00000139329),15495,4.0
LURAP1L (ENSG00000153714),15496,4.0
LUZP2 (ENSG00000187398),15497,4.0
MSC-AS1 (ENSG00000235531),15498,4.0
MSC (ENSG00000178860),15499,4.0
MSANTD4 (ENSG00000170903),15500,4.0
LY6G6C (ENSG00000204421),15501,4.0
MSANTD1 (ENSG00000188981),15502,4.0
MS4A8 (ENSG00000166959),15503,4.0
MS4A6A (ENSG00000110077),15504,4.0
MS4A15 (ENSG00000166961),15505,4.0
MRVI1-AS1 (ENSG00000177112),15506,4.0
MRVI1 (ENSG00000072952),15507,4.0
LTBP1 (ENSG00000049323),15508,4.0
LPGAT1 (ENSG00000123684),15509,4.0
LST1 (ENSG00000204482),15510,4.0
LSMEM1 (ENSG00000181016),15511,4.0
LRRC43 (ENSG00000158113),15512,4.0
LRRC46 (ENSG00000141294),15513,4.0
LRRC4B (ENSG00000131409),15514,4.0
MTG2 (ENSG00000101181),15515,4.0
LRRC4C (ENSG00000148948),15516,4.0
MTFR1L (ENSG00000117640),15517,4.0
LRRC56 (ENSG00000161328),15518,4.0
LRRC57 (ENSG00000180979),15519,4.0
MTERF4 (ENSG00000122085),15520,4.0
LRRC71 (ENSG00000160838),15521,4.0
LRRC73 (ENSG00000204052),15522,4.0
LRRC9 (ENSG00000131951),15523,4.0
LRRIQ1 (ENSG00000133640),15524,4.0
LRRK2 (ENSG00000188906),15525,4.0
LRRN2 (ENSG00000170382),15526,4.0
MT3 (ENSG00000087250),15527,4.0
LRRN3 (ENSG00000173114),15528,4.0
LRRN4CL (ENSG00000177363),15529,4.0
LRRTM3 (ENSG00000198739),15530,4.0
LRSAM1 (ENSG00000148356),15531,4.0
LSAMP (ENSG00000185565),15532,4.0
MT-ND4L (ENSG00000212907),15533,4.0
LSINCT5 (ENSG00000281560),15534,4.0
LSP1 (ENSG00000130592),15535,4.0
MYH15 (ENSG00000144821),15536,4.0
MYH3 (ENSG00000109063),15537,4.0
MYH6 (ENSG00000197616),15538,4.0
NAT6 (ENSG00000243477),15539,4.0
LINC01508 (ENSG00000231107),15540,4.0
NAT16 (ENSG00000167011),15541,4.0
LINC01513 (ENSG00000246016),15542,4.0
LINC01535 (ENSG00000226686),15543,4.0
LINC01560 (ENSG00000196741),15544,4.0
NARFL (ENSG00000103245),15545,4.0
NARF (ENSG00000141562),15546,4.0
LINC01562 (ENSG00000203356),15547,4.0
LINC01569 (ENSG00000262468),15548,4.0
NAPB (ENSG00000125814),15549,4.0
NAP1L5 (ENSG00000177432),15550,4.0
LINC01588 (ENSG00000214900),15551,4.0
NAP1L3 (ENSG00000186310),15552,4.0
NANOS3 (ENSG00000187556),15553,4.0
LINGO2 (ENSG00000174482),15554,4.0
LINGO3 (ENSG00000220008),15555,4.0
LINS1 (ENSG00000140471),15556,4.0
NALT1 (ENSG00000237886),15557,4.0
LIPA (ENSG00000107798),15558,4.0
LIPE (ENSG00000079435),15559,4.0
LIPE-AS1 (ENSG00000213904),15560,4.0
NAGA (ENSG00000198951),15561,4.0
LINC01504 (ENSG00000225434),15562,4.0
LIX1L (ENSG00000271601),15563,4.0
NAT9 (ENSG00000109065),15564,4.0
LINC01481 (ENSG00000257613),15565,4.0
LINC01305 (ENSG00000231453),15566,4.0
LINC01330 (ENSG00000244227),15567,4.0
LINC01376 (ENSG00000236204),15568,4.0
LINC01410 (ENSG00000238113),15569,4.0
NCAM2 (ENSG00000154654),15570,4.0
NCAM1 (ENSG00000149294),15571,4.0
NCALD (ENSG00000104490),15572,4.0
NBR1 (ENSG00000188554),15573,4.0
NBPF9 (ENSG00000269713),15574,4.0
NBPF3 (ENSG00000142794),15575,4.0
NBPF26 (ENSG00000273136),15576,4.0
NBPF20 (ENSG00000162825),15577,4.0
NBPF19 (ENSG00000271383),15578,4.0
NBPF15 (ENSG00000266338),15579,4.0
NBPF14 (ENSG00000270629),15580,4.0
NBPF12 (ENSG00000268043),15581,4.0
NBPF10 (ENSG00000271425),15582,4.0
NBPF1 (ENSG00000219481),15583,4.0
NBL1 (ENSG00000158747),15584,4.0
LINC01473 (ENSG00000237877),15585,4.0
NBEA (ENSG00000172915),15586,4.0
NBAS (ENSG00000151779),15587,4.0
NAV3 (ENSG00000067798),15588,4.0
LINC01503 (ENSG00000233901),15589,4.0
LY6H (ENSG00000176956),15590,4.0
NADK2 (ENSG00000152620),15591,4.0
NACA2 (ENSG00000253506),15592,4.0
MYOM1 (ENSG00000101605),15593,4.0
LNP1 (ENSG00000206535),15594,4.0
LNPEP (ENSG00000113441),15595,4.0
LOH12CR2 (ENSG00000205791),15596,4.0
LONP2 (ENSG00000102910),15597,4.0
MYO1F (ENSG00000142347),15598,4.0
LONRF2 (ENSG00000170500),15599,4.0
LONRF3 (ENSG00000175556),15600,4.0
LOX (ENSG00000113083),15601,4.0
LOXL1 (ENSG00000129038),15602,4.0
LOXL1-AS1 (ENSG00000261801),15603,4.0
MYO15A (ENSG00000091536),15604,4.0
LOXL2 (ENSG00000134013),15605,4.0
LOXL4 (ENSG00000138131),15606,4.0
LPAR1 (ENSG00000198121),15607,4.0
MYLIP (ENSG00000007944),15608,4.0
MYL6B (ENSG00000196465),15609,4.0
MYL5 (ENSG00000215375),15610,4.0
MYL3 (ENSG00000160808),15611,4.0
MYL12B (ENSG00000118680),15612,4.0
LPCAT2 (ENSG00000087253),15613,4.0
LPCAT4 (ENSG00000176454),15614,4.0
MYH7B (ENSG00000078814),15615,4.0
MYOM2 (ENSG00000036448),15616,4.0
NACAD (ENSG00000136274),15617,4.0
LMX1B (ENSG00000136944),15618,4.0
LMOD3 (ENSG00000163380),15619,4.0
LL22NC03-2H8.5 (ENSG00000274422),15620,4.0
NAB2 (ENSG00000166886),15621,4.0
LL22NC03-86G7.1 (ENSG00000224086),15622,4.0
LLGL1 (ENSG00000131899),15623,4.0
NAALAD2 (ENSG00000077616),15624,4.0
LLNLF-187D8.1 (ENSG00000277531),15625,4.0
LMAN2L (ENSG00000114988),15626,4.0
LMBR1L (ENSG00000139636),15627,4.0
LMBRD1 (ENSG00000168216),15628,4.0
LMCD1 (ENSG00000071282),15629,4.0
LMCD1-AS1 (ENSG00000227110),15630,4.0
LMF1 (ENSG00000103227),15631,4.0
LMF1-AS1 (ENSG00000260439),15632,4.0
LMF2 (ENSG00000100258),15633,4.0
LMNA (ENSG00000160789),15634,4.0
LMNTD2 (ENSG00000185522),15635,4.0
LMO3 (ENSG00000048540),15636,4.0
N4BP2L2 (ENSG00000244754),15637,4.0
N4BP2L1 (ENSG00000139597),15638,4.0
MZF1-AS1 (ENSG00000267858),15639,4.0
MZF1 (ENSG00000099326),15640,4.0
LMOD1 (ENSG00000163431),15641,4.0
MYT1 (ENSG00000196132),15642,4.0
LMX1A (ENSG00000162761),15643,4.0
LYG1 (ENSG00000144214),15644,4.0
LYNX1 (ENSG00000180155),15645,4.0
LYPD1 (ENSG00000150551),15646,4.0
MKS1 (ENSG00000011143),15647,4.0
MKRN2 (ENSG00000075975),15648,4.0
MKRN1 (ENSG00000133606),15649,4.0
MBTPS2 (ENSG00000012174),15650,4.0
MC1R (ENSG00000258839),15651,4.0
MCEE (ENSG00000124370),15652,4.0
MITF (ENSG00000187098),15653,4.0
MCF2L-AS1 (ENSG00000235280),15654,4.0
MCHR1 (ENSG00000128285),15655,4.0
MCL1 (ENSG00000143384),15656,4.0
MIRLET7BHG (ENSG00000197182),15657,4.0
MIR99AHG (ENSG00000215386),15658,4.0
MCM3AP-AS1 (ENSG00000215424),15659,4.0
MIR762HG (ENSG00000260083),15660,4.0
MIR7-3HG (ENSG00000176840),15661,4.0
MIR34AHG (ENSG00000228526),15662,4.0
MIR325HG (ENSG00000280870),15663,4.0
MIR22HG (ENSG00000186594),15664,4.0
MIR210HG (ENSG00000247095),15665,4.0
MIR181A2HG (ENSG00000224020),15666,4.0
MIR181A1HG (ENSG00000229989),15667,4.0
MIR124-2HG (ENSG00000254377),15668,4.0
MCPH1 (ENSG00000147316),15669,4.0
MKX (ENSG00000150051),15670,4.0
MCPH1-AS1 (ENSG00000249898),15671,4.0
MLANA (ENSG00000120215),15672,4.0
MLF1 (ENSG00000178053),15673,4.0
MMP23B (ENSG00000189409),15674,4.0
MMP2 (ENSG00000087245),15675,4.0
MATN3 (ENSG00000132031),15676,4.0
MMP16 (ENSG00000156103),15677,4.0
MMP14 (ENSG00000157227),15678,4.0
MMP11 (ENSG00000099953),15679,4.0
MMP10 (ENSG00000166670),15680,4.0
MATN4 (ENSG00000124159),15681,4.0
MMEL1 (ENSG00000142606),15682,4.0
MME (ENSG00000196549),15683,4.0
MAU2 (ENSG00000129933),15684,4.0
MMAA (ENSG00000151611),15685,4.0
MBD5 (ENSG00000204406),15686,4.0
MBD6 (ENSG00000166987),15687,4.0
MBLAC1 (ENSG00000214309),15688,4.0
MLN (ENSG00000096395),15689,4.0
MLLT6 (ENSG00000275023),15690,4.0
MBNL1 (ENSG00000152601),15691,4.0
MBNL1-AS1 (ENSG00000229619),15692,4.0
MLLT11 (ENSG00000213190),15693,4.0
MBNL2 (ENSG00000139793),15694,4.0
MLLT1 (ENSG00000130382),15695,4.0
MLF2 (ENSG00000089693),15696,4.0
MBTPS1 (ENSG00000140943),15697,4.0
MATN1-AS1 (ENSG00000186056),15698,4.0
MINPP1 (ENSG00000107789),15699,4.0
MIMT1 (ENSG00000268654),15700,4.0
MEGF10 (ENSG00000145794),15701,4.0
MEGF11 (ENSG00000157890),15702,4.0
MFSD2A (ENSG00000168389),15703,4.0
MEGF6 (ENSG00000162591),15704,4.0
MEGF9 (ENSG00000106780),15705,4.0
MFSD14A (ENSG00000156875),15706,4.0
MEI1 (ENSG00000167077),15707,4.0
MEIG1 (ENSG00000197889),15708,4.0
MFSD11 (ENSG00000092931),15709,4.0
MEIOB (ENSG00000162039),15710,4.0
MFN1 (ENSG00000171109),15711,4.0
MFI2-AS1 (ENSG00000228109),15712,4.0
MEIS2 (ENSG00000134138),15713,4.0
MEIS3 (ENSG00000105419),15714,4.0
MFAP4 (ENSG00000166482),15715,4.0
MFAP3 (ENSG00000037749),15716,4.0
MFAP2 (ENSG00000117122),15717,4.0
MEOX2 (ENSG00000106511),15718,4.0
MERTK (ENSG00000153208),15719,4.0
MEX3B (ENSG00000183496),15720,4.0
MEST (ENSG00000106484),15721,4.0
MESTIT1 (ENSG00000272701),15722,4.0
METRNL (ENSG00000176845),15723,4.0
MFSD4 (ENSG00000174514),15724,4.0
MDFI (ENSG00000112559),15725,4.0
MFSD8 (ENSG00000164073),15726,4.0
MED9 (ENSG00000141026),15727,4.0
MDGA2 (ENSG00000139915),15728,4.0
MDM1 (ENSG00000111554),15729,4.0
MIEF2 (ENSG00000177427),15730,4.0
MEAF6 (ENSG00000163875),15731,4.0
MECOM (ENSG00000085276),15732,4.0
MECP2 (ENSG00000169057),15733,4.0
MID1 (ENSG00000101871),15734,4.0
MED10 (ENSG00000133398),15735,4.0
MICU1 (ENSG00000107745),15736,4.0
MICALL2 (ENSG00000164877),15737,4.0
MICAL1 (ENSG00000135596),15738,4.0
MICA (ENSG00000204520),15739,4.0
MED15 (ENSG00000099917),15740,4.0
MIAT (ENSG00000225783),15741,4.0
MIA3 (ENSG00000154305),15742,4.0
MED17 (ENSG00000042429),15743,4.0
MGRN1 (ENSG00000102858),15744,4.0
MGLL (ENSG00000074416),15745,4.0
MED25 (ENSG00000104973),15746,4.0
MED27 (ENSG00000160563),15747,4.0
MED29 (ENSG00000063322),15748,4.0
MGAT2 (ENSG00000168282),15749,4.0
MED8 (ENSG00000159479),15750,4.0
MEF2A (ENSG00000068305),15751,4.0
NCBP3 (ENSG00000074356),15752,4.0
MATN1 (ENSG00000162510),15753,4.0
MAST4 (ENSG00000069020),15754,4.0
MAGIX (ENSG00000269313),15755,4.0
MAK (ENSG00000111837),15756,4.0
MAL (ENSG00000172005),15757,4.0
MALAT1 (ENSG00000251562),15758,4.0
MAMDC2-AS1 (ENSG00000204706),15759,4.0
MRPL38 (ENSG00000204316),15760,4.0
MAML2 (ENSG00000184384),15761,4.0
MAMLD1 (ENSG00000013619),15762,4.0
MAMSTR (ENSG00000176909),15763,4.0
MAN1B1 (ENSG00000177239),15764,4.0
MAN1B1-AS1 (ENSG00000268996),15765,4.0
MAN1C1 (ENSG00000117643),15766,4.0
MAN2A2 (ENSG00000196547),15767,4.0
MAN2B1 (ENSG00000104774),15768,4.0
MAN2B2 (ENSG00000013288),15769,4.0
MAN2C1 (ENSG00000140400),15770,4.0
MANEA (ENSG00000172469),15771,4.0
MAP10 (ENSG00000212916),15772,4.0
MAP1A (ENSG00000166963),15773,4.0
MAP1B (ENSG00000131711),15774,4.0
MAP1LC3A (ENSG00000101460),15775,4.0
MAP1LC3B2 (ENSG00000258102),15776,4.0
MROH6 (ENSG00000204839),15777,4.0
MAGI2 (ENSG00000187391),15778,4.0
MAP1LC3C (ENSG00000197769),15779,4.0
MAGEL2 (ENSG00000254585),15780,4.0
MAGEF1 (ENSG00000177383),15781,4.0
LYPD3 (ENSG00000124466),15782,4.0
LYRM2 (ENSG00000083099),15783,4.0
LYRM5 (ENSG00000205707),15784,4.0
LYRM9 (ENSG00000232859),15785,4.0
LYSMD1 (ENSG00000163155),15786,4.0
LYSMD3 (ENSG00000176018),15787,4.0
LYST (ENSG00000143669),15788,4.0
LZTFL1 (ENSG00000163818),15789,4.0
LZTR1 (ENSG00000099949),15790,4.0
LZTS1 (ENSG00000061337),15791,4.0
MAB21L1 (ENSG00000180660),15792,4.0
MAB21L2 (ENSG00000181541),15793,4.0
MACROD2 (ENSG00000172264),15794,4.0
MAD1L1 (ENSG00000002822),15795,4.0
MADCAM1 (ENSG00000099866),15796,4.0
MADD (ENSG00000110514),15797,4.0
MAFA-AS1 (ENSG00000254338),15798,4.0
MAFB (ENSG00000204103),15799,4.0
MAFF (ENSG00000185022),15800,4.0
MAFG-AS1 (ENSG00000265688),15801,4.0
MAGED1 (ENSG00000179222),15802,4.0
MAGED2 (ENSG00000102316),15803,4.0
MAGEE1 (ENSG00000198934),15804,4.0
MAGEH1 (ENSG00000187601),15805,4.0
MMRN1 (ENSG00000138722),15806,4.0
MAP2K5 (ENSG00000137764),15807,4.0
MRGBP (ENSG00000101189),15808,4.0
MAPK8IP3 (ENSG00000138834),15809,4.0
MORN5 (ENSG00000185681),15810,4.0
MAPKBP1 (ENSG00000137802),15811,4.0
MAPRE3 (ENSG00000084764),15812,4.0
MORN1 (ENSG00000116151),15813,4.0
MAPT (ENSG00000186868),15814,4.0
MORF4L2 (ENSG00000123562),15815,4.0
MARC2 (ENSG00000117791),15816,4.0
MARCH1 (ENSG00000145416),15817,4.0
MARCH10 (ENSG00000173838),15818,4.0
MON2 (ENSG00000061987),15819,4.0
MOK (ENSG00000080823),15820,4.0
MARCH5 (ENSG00000198060),15821,4.0
MOCS3 (ENSG00000124217),15822,4.0
MARCH6 (ENSG00000145495),15823,4.0
MARCH7 (ENSG00000136536),15824,4.0
MARCKS (ENSG00000277443),15825,4.0
MOB3A (ENSG00000172081),15826,4.0
MOB2 (ENSG00000182208),15827,4.0
MARK3 (ENSG00000075413),15828,4.0
MOAP1 (ENSG00000165943),15829,4.0
MNT (ENSG00000070444),15830,4.0
MASP1 (ENSG00000127241),15831,4.0
MOSPD3 (ENSG00000106330),15832,4.0
MRI1 (ENSG00000037757),15833,4.0
MAPK8IP2 (ENSG00000008735),15834,4.0
MOXD1 (ENSG00000079931),15835,4.0
MAP3K10 (ENSG00000130758),15836,4.0
MRFAP1 (ENSG00000179010),15837,4.0
MAP3K12 (ENSG00000139625),15838,4.0
MAP3K14 (ENSG00000006062),15839,4.0
MRC2 (ENSG00000011028),15840,4.0
MRAS (ENSG00000158186),15841,4.0
MR1 (ENSG00000153029),15842,4.0
MAP3K15 (ENSG00000180815),15843,4.0
MPZL2 (ENSG00000149573),15844,4.0
MAP3K2 (ENSG00000169967),15845,4.0
MAP3K8 (ENSG00000107968),15846,4.0
MPPED2 (ENSG00000066382),15847,4.0
MPPE1 (ENSG00000154889),15848,4.0
MAP4K2 (ENSG00000168067),15849,4.0
MAP6 (ENSG00000171533),15850,4.0
MPP4 (ENSG00000082126),15851,4.0
MPP3 (ENSG00000161647),15852,4.0
MAP7D1 (ENSG00000116871),15853,4.0
MAP9 (ENSG00000164114),15854,4.0
MAPK11 (ENSG00000185386),15855,4.0
MAPK15 (ENSG00000181085),15856,4.0
MAPK3 (ENSG00000102882),15857,4.0
MPC1 (ENSG00000060762),15858,4.0
MOV10L1 (ENSG00000073146),15859,4.0
LINC01290 (ENSG00000260468),15860,4.0
LINC01273 (ENSG00000231742),15861,4.0
NCK1 (ENSG00000158092),15862,4.0
KNDC1 (ENSG00000171798),15863,4.0
NTRK2 (ENSG00000148053),15864,4.0
NTRK1 (ENSG00000198400),15865,4.0
NTNG2 (ENSG00000196358),15866,4.0
NTNG1 (ENSG00000162631),15867,4.0
NTN5 (ENSG00000142233),15868,4.0
KPNA3 (ENSG00000102753),15869,4.0
NTM (ENSG00000182667),15870,4.0
KPNA5 (ENSG00000196911),15871,4.0
NTF4 (ENSG00000225950),15872,4.0
NTF3 (ENSG00000185652),15873,4.0
KRBA1 (ENSG00000133619),15874,4.0
KRBA2 (ENSG00000184619),15875,4.0
NT5E (ENSG00000135318),15876,4.0
KRBOX1 (ENSG00000240747),15877,4.0
KRBOX4 (ENSG00000147121),15878,4.0
KREMEN1 (ENSG00000183762),15879,4.0
KRT10 (ENSG00000186395),15880,4.0
NSUN3 (ENSG00000178694),15881,4.0
KRT17 (ENSG00000128422),15882,4.0
NSMCE3 (ENSG00000185115),15883,4.0
NSMCE2 (ENSG00000156831),15884,4.0
KRT222 (ENSG00000213424),15885,4.0
KMT2E-AS1 (ENSG00000239569),15886,4.0
NSG1 (ENSG00000168824),15887,4.0
NUCB1 (ENSG00000104805),15888,4.0
NUDCD3 (ENSG00000015676),15889,4.0
KLF7 (ENSG00000118263),15890,4.0
KLF9 (ENSG00000119138),15891,4.0
KLHDC1 (ENSG00000197776),15892,4.0
KLHDC2 (ENSG00000165516),15893,4.0
NUMB (ENSG00000133961),15894,4.0
KLHDC8A (ENSG00000162873),15895,4.0
KLHDC8B (ENSG00000185909),15896,4.0
KLHL11 (ENSG00000178502),15897,4.0
KLHL13 (ENSG00000003096),15898,4.0
KLHL14 (ENSG00000197705),15899,4.0
KLHL20 (ENSG00000076321),15900,4.0
KLHL22 (ENSG00000099910),15901,4.0
KLHL24 (ENSG00000114796),15902,4.0
KLHL26 (ENSG00000167487),15903,4.0
KLHL28 (ENSG00000179454),15904,4.0
KLHL29 (ENSG00000119771),15905,4.0
NUDT17 (ENSG00000186364),15906,4.0
KLHL32 (ENSG00000186231),15907,4.0
KLHL35 (ENSG00000149243),15908,4.0
KLHL36 (ENSG00000135686),15909,4.0
KLHL8 (ENSG00000145332),15910,4.0
KLHL9 (ENSG00000198642),15911,4.0
KLK4 (ENSG00000167749),15912,4.0
KMT2E (ENSG00000005483),15913,4.0
KLF6 (ENSG00000067082),15914,4.0
KRT81 (ENSG00000205426),15915,4.0
KSR1 (ENSG00000141068),15916,4.0
NR2F2 (ENSG00000185551),15917,4.0
NR2F1-AS1 (ENSG00000237187),15918,4.0
NR2F1 (ENSG00000175745),15919,4.0
LAMA4 (ENSG00000112769),15920,4.0
NR2E1 (ENSG00000112333),15921,4.0
LAMB2 (ENSG00000172037),15922,4.0
NR1D1 (ENSG00000126368),15923,4.0
LAMC3 (ENSG00000050555),15924,4.0
LAMP2 (ENSG00000005893),15925,4.0
NPW (ENSG00000183971),15926,4.0
LANCL3 (ENSG00000147036),15927,4.0
LASP1 (ENSG00000002834),15928,4.0
NPRL3 (ENSG00000103148),15929,4.0
NPRL2 (ENSG00000114388),15930,4.0
NPR3 (ENSG00000113389),15931,4.0
NPR2 (ENSG00000159899),15932,4.0
LATS2-AS1 (ENSG00000233851),15933,4.0
NPPC (ENSG00000163273),15934,4.0
NPPA (ENSG00000175206),15935,4.0
LAYN (ENSG00000204381),15936,4.0
LBX1 (ENSG00000138136),15937,4.0
LBX2 (ENSG00000179528),15938,4.0
LBX2-AS1 (ENSG00000257702),15939,4.0
NR2F2-AS1 (ENSG00000247809),15940,4.0
KRT86 (ENSG00000170442),15941,4.0
LAMA2 (ENSG00000196569),15942,4.0
NR4A1 (ENSG00000123358),15943,4.0
NRXN2 (ENSG00000110076),15944,4.0
NRSN2 (ENSG00000125841),15945,4.0
NRSN1 (ENSG00000152954),15946,4.0
L1CAM (ENSG00000198910),15947,4.0
NRP2 (ENSG00000118257),15948,4.0
NRN1 (ENSG00000124785),15949,4.0
NRM (ENSG00000137404),15950,4.0
L3MBTL3 (ENSG00000198945),15951,4.0
L3MBTL4 (ENSG00000154655),15952,4.0
NRIP2 (ENSG00000053702),15953,4.0
NRG4 (ENSG00000169752),15954,4.0
LA16c-312E8.2 (ENSG00000260132),15955,4.0
LA16c-313D11.9 (ENSG00000260394),15956,4.0
LA16c-325D7.2 (ENSG00000263280),15957,4.0
NREP (ENSG00000134986),15958,4.0
LA16c-358B7.3 (ENSG00000261505),15959,4.0
LA16c-358B7.4 (ENSG00000274751),15960,4.0
NRBP2 (ENSG00000185189),15961,4.0
LA16c-380H5.3 (ENSG00000270168),15962,4.0
NRAV (ENSG00000248008),15963,4.0
NRAP (ENSG00000197893),15964,4.0
NR4A3 (ENSG00000119508),15965,4.0
NR4A2 (ENSG00000153234),15966,4.0
NR3C1 (ENSG00000113580),15967,4.0
LCA5 (ENSG00000135338),15968,4.0
KLF4 (ENSG00000136826),15969,4.0
KLF2 (ENSG00000127528),15970,4.0
KHNYN (ENSG00000100441),15971,4.0
OSBPL5 (ENSG00000021762),15972,4.0
OSBPL2 (ENSG00000130703),15973,4.0
KIAA0430 (ENSG00000166783),15974,4.0
OSBP2 (ENSG00000184792),15975,4.0
OS9 (ENSG00000135506),15976,4.0
KIAA0825 (ENSG00000185261),15977,4.0
KIAA0895 (ENSG00000164542),15978,4.0
KIAA0895L (ENSG00000196123),15979,4.0
KIAA1107 (ENSG00000069712),15980,4.0
KIAA1324 (ENSG00000116299),15981,4.0
KIAA1328 (ENSG00000150477),15982,4.0
ORAI3 (ENSG00000175938),15983,4.0
ORAI2 (ENSG00000160991),15984,4.0
OR8S1 (ENSG00000197376),15985,4.0
OPTN (ENSG00000123240),15986,4.0
KIAA1549L (ENSG00000110427),15987,4.0
OPRL1 (ENSG00000125510),15988,4.0
KIAA1614 (ENSG00000135835),15989,4.0
KIAA1614-AS1 (ENSG00000232586),15990,4.0
KIAA1683 (ENSG00000130518),15991,4.0
OPHN1 (ENSG00000079482),15992,4.0
OPCML (ENSG00000183715),15993,4.0
OSBPL7 (ENSG00000006025),15994,4.0
KIAA1715 (ENSG00000144320),15995,4.0
KHDRBS2 (ENSG00000112232),15996,4.0
KHDRBS1 (ENSG00000121774),15997,4.0
OTX2-AS1 (ENSG00000248550),15998,4.0
KCTD8 (ENSG00000183783),15999,4.0
KDELC1 (ENSG00000134901),16000,4.0
KDELC2 (ENSG00000178202),16001,4.0
OTUD7B (ENSG00000264522),16002,4.0
OTUD7A (ENSG00000169918),16003,4.0
KDELR1 (ENSG00000105438),16004,4.0
KDELR3 (ENSG00000100196),16005,4.0
KDM3A (ENSG00000115548),16006,4.0
OTUD1 (ENSG00000165312),16007,4.0
OTUB2 (ENSG00000089723),16008,4.0
KDM4B (ENSG00000127663),16009,4.0
KDM4D (ENSG00000186280),16010,4.0
KDM5D (ENSG00000012817),16011,4.0
KDM6B (ENSG00000132510),16012,4.0
OSR2 (ENSG00000164920),16013,4.0
OSR1 (ENSG00000143867),16014,4.0
OSMR (ENSG00000145623),16015,4.0
KERA (ENSG00000139330),16016,4.0
KHDC1 (ENSG00000135314),16017,4.0
OSER1-AS1 (ENSG00000223891),16018,4.0
KHDC1L (ENSG00000256980),16019,4.0
OSCP1 (ENSG00000116885),16020,4.0
OSBPL9 (ENSG00000117859),16021,4.0
KLF3 (ENSG00000109787),16022,4.0
ONECUT2 (ENSG00000119547),16023,4.0
KIAA1919 (ENSG00000173214),16024,4.0
KIF5B (ENSG00000170759),16025,4.0
OAS3 (ENSG00000111331),16026,4.0
KIF9-AS1 (ENSG00000227398),16027,4.0
OAF (ENSG00000184232),16028,4.0
NYNRIN (ENSG00000205978),16029,4.0
NYAP1 (ENSG00000166924),16030,4.0
KIFAP3 (ENSG00000075945),16031,4.0
NXPH4 (ENSG00000182379),16032,4.0
NXPH1 (ENSG00000122584),16033,4.0
KIFC3 (ENSG00000140859),16034,4.0
NXNL2 (ENSG00000130045),16035,4.0
KIRREL (ENSG00000183853),16036,4.0
NXF1 (ENSG00000162231),16037,4.0
NUTM2B-AS1 (ENSG00000225484),16038,4.0
KIRREL3 (ENSG00000149571),16039,4.0
KISS1R (ENSG00000116014),16040,4.0
NUPR1 (ENSG00000176046),16041,4.0
KLC1 (ENSG00000126214),16042,4.0
KLC2 (ENSG00000174996),16043,4.0
KLC4 (ENSG00000137171),16044,4.0
KLF10 (ENSG00000155090),16045,4.0
KLF11 (ENSG00000172059),16046,4.0
KLF12 (ENSG00000118922),16047,4.0
KIF27 (ENSG00000165115),16048,4.0
ONECUT1 (ENSG00000169856),16049,4.0
OBFC1 (ENSG00000107960),16050,4.0
KIF26B (ENSG00000162849),16051,4.0
OLIG2 (ENSG00000205927),16052,4.0
OLIG1 (ENSG00000184221),16053,4.0
OLFML3 (ENSG00000116774),16054,4.0
OLFML2B (ENSG00000162745),16055,4.0
OLFML1 (ENSG00000183801),16056,4.0
KIAA2022 (ENSG00000050030),16057,4.0
OLFM2 (ENSG00000105088),16058,4.0
KIAA2026 (ENSG00000183354),16059,4.0
KIDINS220 (ENSG00000134313),16060,4.0
OGN (ENSG00000106809),16061,4.0
KIF16B (ENSG00000089177),16062,4.0
OGFR (ENSG00000060491),16063,4.0
KIF17 (ENSG00000117245),16064,4.0
OGDHL (ENSG00000197444),16065,4.0
KIF19 (ENSG00000196169),16066,4.0
KIF1BP (ENSG00000198954),16067,4.0
ODF3L1 (ENSG00000182950),16068,4.0
ODF3B (ENSG00000177989),16069,4.0
ODF2L (ENSG00000122417),16070,4.0
ODF2 (ENSG00000136811),16071,4.0
OCSTAMP (ENSG00000149635),16072,4.0
OCEL1 (ENSG00000099330),16073,4.0
OCA2 (ENSG00000104044),16074,4.0
OBSCN (ENSG00000154358),16075,4.0
GNPDA2 (ENSG00000163281),16076,4.0
LCAT (ENSG00000213398),16077,4.0
LCOR (ENSG00000196233),16078,4.0
NEK7 (ENSG00000151414),16079,4.0
NEK6 (ENSG00000119408),16080,4.0
NEK5 (ENSG00000197168),16081,4.0
NEK11 (ENSG00000114670),16082,4.0
NEK10 (ENSG00000163491),16083,4.0
LINC00869 (ENSG00000277147),16084,4.0
LINC00877 (ENSG00000241163),16085,4.0
LINC00881 (ENSG00000241135),16086,4.0
NEIL1 (ENSG00000140398),16087,4.0
NEGR1 (ENSG00000172260),16088,4.0
NEFM (ENSG00000104722),16089,4.0
NEFL (ENSG00000277586),16090,4.0
NEFH (ENSG00000100285),16091,4.0
NEDD9 (ENSG00000111859),16092,4.0
LINC00882 (ENSG00000242759),16093,4.0
NEDD1 (ENSG00000139350),16094,4.0
NECAP2 (ENSG00000157191),16095,4.0
NECAP1 (ENSG00000089818),16096,4.0
NECAB3 (ENSG00000125967),16097,4.0
NECAB2 (ENSG00000103154),16098,4.0
NEBL-AS1 (ENSG00000231920),16099,4.0
LINC00893 (ENSG00000241769),16100,4.0
LINC00894 (ENSG00000235703),16101,4.0
LINC00864 (ENSG00000264404),16102,4.0
NEAT1 (ENSG00000245532),16103,4.0
LINC00856 (ENSG00000230417),16104,4.0
NELFCD (ENSG00000101158),16105,4.0
NFATC4 (ENSG00000100968),16106,4.0
LINC00643 (ENSG00000186369),16107,4.0
NFATC2 (ENSG00000101096),16108,4.0
NFATC1 (ENSG00000131196),16109,4.0
NFASC (ENSG00000163531),16110,4.0
NF1 (ENSG00000196712),16111,4.0
NEXN-AS1 (ENSG00000235927),16112,4.0
LINC00662 (ENSG00000261824),16113,4.0
NEUROG1 (ENSG00000181965),16114,4.0
NEUROD4 (ENSG00000123307),16115,4.0
NEUROD2 (ENSG00000171532),16116,4.0
NEUROD1 (ENSG00000162992),16117,4.0
LINC00667 (ENSG00000263753),16118,4.0
NEURL2 (ENSG00000124257),16119,4.0
LINC00682 (ENSG00000245870),16120,4.0
NEU1 (ENSG00000204386),16121,4.0
NETO1 (ENSG00000166342),16122,4.0
NET1 (ENSG00000173848),16123,4.0
LINC00683 (ENSG00000266256),16124,4.0
LINC00685 (ENSG00000226179),16125,4.0
LINC00693 (ENSG00000228214),16126,4.0
NELL2 (ENSG00000184613),16127,4.0
NELL1 (ENSG00000165973),16128,4.0
LINC00853 (ENSG00000224805),16129,4.0
LINC00632 (ENSG00000203930),16130,4.0
LINC00907 (ENSG00000267586),16131,4.0
LINC00921 (ENSG00000281005),16132,4.0
NDUFA10 (ENSG00000130414),16133,4.0
LINC01138 (ENSG00000274020),16134,4.0
NDST4 (ENSG00000138653),16135,4.0
NDST3 (ENSG00000164100),16136,4.0
LINC01139 (ENSG00000215808),16137,4.0
NDRG4 (ENSG00000103034),16138,4.0
NDRG3 (ENSG00000101079),16139,4.0
NDRG2 (ENSG00000165795),16140,4.0
NDRG1 (ENSG00000104419),16141,4.0
LINC01144 (ENSG00000281912),16142,4.0
NDN (ENSG00000182636),16143,4.0
NDFIP1 (ENSG00000131507),16144,4.0
NDE1 (ENSG00000072864),16145,4.0
NCSTN (ENSG00000162736),16146,4.0
NCR3LG1 (ENSG00000188211),16147,4.0
NCOR1 (ENSG00000141027),16148,4.0
NCOA4 (ENSG00000266412),16149,4.0
LINC01229 (ENSG00000260876),16150,4.0
LINC01252 (ENSG00000247157),16151,4.0
NCKAP5L (ENSG00000167566),16152,4.0
NCKAP5 (ENSG00000176771),16153,4.0
LINC01260 (ENSG00000132832),16154,4.0
NCK2 (ENSG00000071051),16155,4.0
LINC01137 (ENSG00000233621),16156,4.0
LINC00908 (ENSG00000263812),16157,4.0
LINC01126 (ENSG00000279873),16158,4.0
LINC01117 (ENSG00000224577),16159,4.0
NDUFS2 (ENSG00000158864),16160,4.0
LINC00936 (ENSG00000271614),16161,4.0
LINC00943 (ENSG00000189238),16162,4.0
LINC00950 (ENSG00000281205),16163,4.0
LINC00954 (ENSG00000228784),16164,4.0
LINC00957 (ENSG00000235314),16165,4.0
LINC00958 (ENSG00000251381),16166,4.0
LINC00960 (ENSG00000242516),16167,4.0
LINC00961 (ENSG00000235387),16168,4.0
LINC00969 (ENSG00000242086),16169,4.0
LINC00982 (ENSG00000177133),16170,4.0
LINC00987 (ENSG00000237248),16171,4.0
LINC01001 (ENSG00000230724),16172,4.0
LINC01003 (ENSG00000261455),16173,4.0
LINC01011 (ENSG00000244041),16174,4.0
LINC01012 (ENSG00000281706),16175,4.0
LINC01018 (ENSG00000250056),16176,4.0
LINC01021 (ENSG00000250337),16177,4.0
LINC01024 (ENSG00000245146),16178,4.0
NDUFA9 (ENSG00000139180),16179,4.0
LINC01089 (ENSG00000212694),16180,4.0
LINC01091 (ENSG00000249464),16181,4.0
LINC01102 (ENSG00000235597),16182,4.0
LINC01119 (ENSG00000239332),16183,4.0
NPDC1 (ENSG00000107281),16184,4.0
NFE2L2 (ENSG00000116044),16185,4.0
NFIA-AS2 (ENSG00000237928),16186,4.0
LGMN (ENSG00000100600),16187,4.0
LGSN (ENSG00000146166),16188,4.0
NOG (ENSG00000183691),16189,4.0
LHFP (ENSG00000183722),16190,4.0
LHX8 (ENSG00000162624),16191,4.0
LHX9 (ENSG00000143355),16192,4.0
LIF (ENSG00000128342),16193,4.0
NNMT (ENSG00000166741),16194,4.0
NNAT (ENSG00000053438),16195,4.0
LIFR (ENSG00000113594),16196,4.0
LIFR-AS1 (ENSG00000244968),16197,4.0
LIG4 (ENSG00000174405),16198,4.0
NMNAT3 (ENSG00000163864),16199,4.0
LIM2 (ENSG00000105370),16200,4.0
NMNAT1 (ENSG00000173614),16201,4.0
LIMA1 (ENSG00000050405),16202,4.0
NME9 (ENSG00000181322),16203,4.0
NME8 (ENSG00000086288),16204,4.0
LIMCH1 (ENSG00000064042),16205,4.0
LIMD2 (ENSG00000136490),16206,4.0
LIMS2 (ENSG00000072163),16207,4.0
LIN37 (ENSG00000267796),16208,4.0
NMD3 (ENSG00000169251),16209,4.0
NOL3 (ENSG00000140939),16210,4.0
NLRP1 (ENSG00000091592),16211,4.0
NOL4 (ENSG00000101746),16212,4.0
LGALS3BP (ENSG00000108679),16213,4.0
NPAS3 (ENSG00000151322),16214,4.0
LDB2 (ENSG00000169744),16215,4.0
LDB3 (ENSG00000122367),16216,4.0
LDLR (ENSG00000130164),16217,4.0
LDLRAD2 (ENSG00000187942),16218,4.0
NOVA2 (ENSG00000104967),16219,4.0
NOVA1 (ENSG00000139910),16220,4.0
NOV (ENSG00000136999),16221,4.0
LDLRAD3 (ENSG00000179241),16222,4.0
LDLRAD4 (ENSG00000168675),16223,4.0
NOTCH2NL (ENSG00000264343),16224,4.0
NOTCH2 (ENSG00000134250),16225,4.0
LDOC1 (ENSG00000182195),16226,4.0
LEMD1 (ENSG00000186007),16227,4.0
LEMD2 (ENSG00000161904),16228,4.0
LENG1 (ENSG00000105617),16229,4.0
LENG8 (ENSG00000167615),16230,4.0
LENG9 (ENSG00000275183),16231,4.0
LEPROT (ENSG00000213625),16232,4.0
LETM2 (ENSG00000165046),16233,4.0
LETMD1 (ENSG00000050426),16234,4.0
NOMO3 (ENSG00000103226),16235,4.0
LGALS1 (ENSG00000100097),16236,4.0
LGALS8-AS1 (ENSG00000223776),16237,4.0
NFIA (ENSG00000162599),16238,4.0
LIN7B (ENSG00000104863),16239,4.0
LINC00092 (ENSG00000225194),16240,4.0
LINC00472 (ENSG00000233237),16241,4.0
NHLRC4 (ENSG00000257108),16242,4.0
NHLRC3 (ENSG00000188811),16243,4.0
LINC00475 (ENSG00000225511),16244,4.0
NHLH2 (ENSG00000177551),16245,4.0
NHLH1 (ENSG00000171786),16246,4.0
LINC00518 (ENSG00000183674),16247,4.0
NGFR (ENSG00000064300),16248,4.0
NGF (ENSG00000134259),16249,4.0
LINC00526 (ENSG00000264575),16250,4.0
NFYC (ENSG00000066136),16251,4.0
LINC00562 (ENSG00000260388),16252,4.0
LINC00575 (ENSG00000231782),16253,4.0
LINC00605 (ENSG00000251533),16254,4.0
LINC00621 (ENSG00000262619),16255,4.0
NFKBIZ (ENSG00000144802),16256,4.0
NFKBIL1 (ENSG00000204498),16257,4.0
NFKBIE (ENSG00000146232),16258,4.0
NFKBIA (ENSG00000100906),16259,4.0
NFKB2 (ENSG00000077150),16260,4.0
NFIX (ENSG00000008441),16261,4.0
NFIC (ENSG00000141905),16262,4.0
NFIB (ENSG00000147862),16263,4.0
NHSL1 (ENSG00000135540),16264,4.0
LINC-PINT (ENSG00000231721),16265,4.0
NHSL2 (ENSG00000204131),16266,4.0
NIM1K (ENSG00000177453),16267,4.0
LINC00115 (ENSG00000225880),16268,4.0
NLGN1 (ENSG00000169760),16269,4.0
NKX6-1 (ENSG00000163623),16270,4.0
NKX2-8 (ENSG00000136327),16271,4.0
NKX2-2 (ENSG00000125820),16272,4.0
NKX2-1 (ENSG00000136352),16273,4.0
NKTR (ENSG00000114857),16274,4.0
NKIRAS2 (ENSG00000168256),16275,4.0
NKIRAS1 (ENSG00000197885),16276,4.0
NKILA (ENSG00000278709),16277,4.0
NKD2 (ENSG00000145506),16278,4.0
NKD1 (ENSG00000140807),16279,4.0
NKAIN4 (ENSG00000101198),16280,4.0
NKAIN3 (ENSG00000185942),16281,4.0
NIPSNAP3B (ENSG00000165028),16282,4.0
LINC00310 (ENSG00000227456),16283,4.0
LINC00311 (ENSG00000179219),16284,4.0
NIPAL4 (ENSG00000172548),16285,4.0
LINC00323 (ENSG00000226496),16286,4.0
LINC00324 (ENSG00000178977),16287,4.0
LINC00327 (ENSG00000232977),16288,4.0
NINJ1 (ENSG00000131669),16289,4.0
LINC00441 (ENSG00000231473),16290,4.0
LINC00461 (ENSG00000245526),16291,4.0
R3HDM2 (ENSG00000179912),16292,4.0
GNGT1 (ENSG00000127928),16293,4.0
GNG8 (ENSG00000167414),16294,4.0
RPS6KA2 (ENSG00000071242),16295,4.0
RPS4Y1 (ENSG00000129824),16296,4.0
DPF2 (ENSG00000133884),16297,4.0
DPF3 (ENSG00000205683),16298,4.0
DPH6-AS1 (ENSG00000248079),16299,4.0
DPP6 (ENSG00000130226),16300,4.0
DPP7 (ENSG00000176978),16301,4.0
DPT (ENSG00000143196),16302,4.0
DPY19L2 (ENSG00000177990),16303,4.0
DPY19L4 (ENSG00000156162),16304,4.0
RPS6KA4 (ENSG00000162302),16305,4.0
DPYD (ENSG00000188641),16306,4.0
DRAIC (ENSG00000245750),16307,4.0
DRC1 (ENSG00000157856),16308,4.0
DRC3 (ENSG00000171962),16309,4.0
DRD2 (ENSG00000149295),16310,4.0
DRG2 (ENSG00000108591),16311,4.0
DRP2 (ENSG00000102385),16312,4.0
DSCAML1 (ENSG00000177103),16313,4.0
DSE (ENSG00000111817),16314,4.0
DSG3 (ENSG00000134757),16315,4.0
DSTYK (ENSG00000133059),16316,4.0
DPYSL4 (ENSG00000151640),16317,4.0
DPCD (ENSG00000166171),16318,4.0
RPS6KB1 (ENSG00000108443),16319,4.0
RPS6KB2 (ENSG00000175634),16320,4.0
RSBN1 (ENSG00000081019),16321,4.0
RSAD2 (ENSG00000134321),16322,4.0
RSAD1 (ENSG00000136444),16323,4.0
DND1 (ENSG00000256453),16324,4.0
DNER (ENSG00000187957),16325,4.0
DNM1 (ENSG00000106976),16326,4.0
DNM3 (ENSG00000197959),16327,4.0
DNM3OS (ENSG00000230630),16328,4.0
DNTTIP1 (ENSG00000101457),16329,4.0
DOC2A (ENSG00000149927),16330,4.0
DOC2B (ENSG00000272636),16331,4.0
RRNAD1 (ENSG00000143303),16332,4.0
DOCK10 (ENSG00000135905),16333,4.0
DOCK7 (ENSG00000116641),16334,4.0
RRAS (ENSG00000126458),16335,4.0
RRAGB (ENSG00000083750),16336,4.0
RRAGA (ENSG00000155876),16337,4.0
RRAD (ENSG00000166592),16338,4.0
DOK5 (ENSG00000101134),16339,4.0
DOK6 (ENSG00000206052),16340,4.0
DOK7 (ENSG00000175920),16341,4.0
DOLK (ENSG00000175283),16342,4.0
RPS6KL1 (ENSG00000198208),16343,4.0
DTD2 (ENSG00000129480),16344,4.0
DTNA (ENSG00000134769),16345,4.0
DTNB (ENSG00000138101),16346,4.0
DTX3 (ENSG00000178498),16347,4.0
RP5-991G20.6 (ENSG00000279206),16348,4.0
ECI2 (ENSG00000198721),16349,4.0
ECM1 (ENSG00000143369),16350,4.0
ECM2 (ENSG00000106823),16351,4.0
RP5-906C1.1 (ENSG00000278231),16352,4.0
ECSIT (ENSG00000130159),16353,4.0
EDA2R (ENSG00000131080),16354,4.0
RP5-864K19.4 (ENSG00000228436),16355,4.0
RP5-832C2.5 (ENSG00000215014),16356,4.0
RP5-827C21.4 (ENSG00000231663),16357,4.0
RP5-821D11.7 (ENSG00000184068),16358,4.0
RP5-1198O20.4 (ENSG00000230615),16359,4.0
EDN2 (ENSG00000127129),16360,4.0
RP5-1186N24.3 (ENSG00000246350),16361,4.0
RP5-1159O4.2 (ENSG00000272732),16362,4.0
RP5-1157M23.2 (ENSG00000243224),16363,4.0
EDNRA (ENSG00000151617),16364,4.0
RP5-1120P11.1 (ENSG00000237686),16365,4.0
RP5-1119A7.10 (ENSG00000229971),16366,4.0
EDRF1 (ENSG00000107938),16367,4.0
RP5-1102E8.3 (ENSG00000272855),16368,4.0
RP5-1098D14.1 (ENSG00000273384),16369,4.0
EEF1A1 (ENSG00000156508),16370,4.0
ECH1 (ENSG00000104823),16371,4.0
DNASE2 (ENSG00000105612),16372,4.0
ECEL1 (ENSG00000171551),16373,4.0
EBF2 (ENSG00000221818),16374,4.0
DUOX1 (ENSG00000137857),16375,4.0
DUOXA1 (ENSG00000140254),16376,4.0
DUS2 (ENSG00000167264),16377,4.0
DUSP1 (ENSG00000120129),16378,4.0
DUSP10 (ENSG00000143507),16379,4.0
DUSP11 (ENSG00000144048),16380,4.0
DUSP15 (ENSG00000149599),16381,4.0
DUSP18 (ENSG00000167065),16382,4.0
DUSP26 (ENSG00000133878),16383,4.0
DUSP8 (ENSG00000184545),16384,4.0
DVL2 (ENSG00000004975),16385,4.0
DVL3 (ENSG00000161202),16386,4.0
DXO (ENSG00000204348),16387,4.0
DYM (ENSG00000141627),16388,4.0
DYNC1I2 (ENSG00000077380),16389,4.0
DYNC2LI1 (ENSG00000138036),16390,4.0
DYNLRB2 (ENSG00000168589),16391,4.0
DYRK1B (ENSG00000105204),16392,4.0
DYRK4 (ENSG00000010219),16393,4.0
DZIP1 (ENSG00000134874),16394,4.0
E2F6 (ENSG00000169016),16395,4.0
EAF1-AS1 (ENSG00000249786),16396,4.0
EBF1 (ENSG00000164330),16397,4.0
EBF3 (ENSG00000108001),16398,4.0
DNASE1L1 (ENSG00000013563),16399,4.0
RSG1 (ENSG00000132881),16400,4.0
DNASE1 (ENSG00000213918),16401,4.0
SART1 (ENSG00000175467),16402,4.0
DKK2 (ENSG00000155011),16403,4.0
SARS (ENSG00000031698),16404,4.0
SARNP (ENSG00000205323),16405,4.0
DKK3 (ENSG00000050165),16406,4.0
SARAF (ENSG00000133872),16407,4.0
DKKL1 (ENSG00000104901),16408,4.0
SAPCD1-AS1 (ENSG00000235663),16409,4.0
DLG4 (ENSG00000132535),16410,4.0
DLGAP4 (ENSG00000080845),16411,4.0
DLGAP4-AS1 (ENSG00000232907),16412,4.0
SAMD5 (ENSG00000203727),16413,4.0
SAMD4A (ENSG00000020577),16414,4.0
SAMD14 (ENSG00000167100),16415,4.0
SAMD13 (ENSG00000203943),16416,4.0
DLL3 (ENSG00000090932),16417,4.0
SAMD11 (ENSG00000187634),16418,4.0
SAMD10 (ENSG00000130590),16419,4.0
DLX1 (ENSG00000144355),16420,4.0
DLX2 (ENSG00000115844),16421,4.0
DMAP1 (ENSG00000178028),16422,4.0
DMGDH (ENSG00000132837),16423,4.0
SAFB (ENSG00000160633),16424,4.0
DKFZP434L187 (ENSG00000225930),16425,4.0
DMRT2 (ENSG00000173253),16426,4.0
DKFZP434I0714 (ENSG00000268471),16427,4.0
DIXDC1 (ENSG00000150764),16428,4.0
DICER1-AS1 (ENSG00000235706),16429,4.0
SCCPDH (ENSG00000143653),16430,4.0
SCARF2 (ENSG00000244486),16431,4.0
SCARF1 (ENSG00000074660),16432,4.0
SCARB2 (ENSG00000138760),16433,4.0
SCARA5 (ENSG00000168079),16434,4.0
SCAPER (ENSG00000140386),16435,4.0
DIO3OS (ENSG00000258498),16436,4.0
DIP2A (ENSG00000160305),16437,4.0
SCAMP4 (ENSG00000227500),16438,4.0
SCAMP2 (ENSG00000140497),16439,4.0
SCAMP1-AS1 (ENSG00000245556),16440,4.0
SCAMP1 (ENSG00000085365),16441,4.0
DIRAS1 (ENSG00000176490),16442,4.0
DIRAS2 (ENSG00000165023),16443,4.0
DIRAS3 (ENSG00000162595),16444,4.0
SCAF1 (ENSG00000126461),16445,4.0
DIRC3 (ENSG00000231672),16446,4.0
DISP1 (ENSG00000154309),16447,4.0
SBF2 (ENSG00000133812),16448,4.0
SBF1 (ENSG00000100241),16449,4.0
SBDS (ENSG00000126524),16450,4.0
DISP2 (ENSG00000140323),16451,4.0
SAT2 (ENSG00000141504),16452,4.0
EEF1A2 (ENSG00000101210),16453,4.0
DMRT3 (ENSG00000064218),16454,4.0
S1PR3 (ENSG00000213694),16455,4.0
DNAJC1 (ENSG00000136770),16456,4.0
DNAJC12 (ENSG00000108176),16457,4.0
DNAJC27 (ENSG00000115137),16458,4.0
DNAJC27-AS1 (ENSG00000224165),16459,4.0
RTN2 (ENSG00000125744),16460,4.0
RTN1 (ENSG00000139970),16461,4.0
DNAJC3-AS1 (ENSG00000247400),16462,4.0
RTFDC1 (ENSG00000022277),16463,4.0
DNAJC4 (ENSG00000110011),16464,4.0
RTCA-AS1 (ENSG00000224616),16465,4.0
DNAJC6 (ENSG00000116675),16466,4.0
RSRP1 (ENSG00000117616),16467,4.0
RSRC2 (ENSG00000111011),16468,4.0
DNAL4 (ENSG00000100246),16469,4.0
RSPRY1 (ENSG00000159579),16470,4.0
RSPO3 (ENSG00000146374),16471,4.0
RSPO2 (ENSG00000147655),16472,4.0
RSPO1 (ENSG00000169218),16473,4.0
RSPH9 (ENSG00000172426),16474,4.0
RSPH4A (ENSG00000111834),16475,4.0
RSPH3 (ENSG00000130363),16476,4.0
RSPH14 (ENSG00000100218),16477,4.0
RSPH1 (ENSG00000160188),16478,4.0
DNAJB9 (ENSG00000128590),16479,4.0
DMRTA2 (ENSG00000142700),16480,4.0
DNAJB2 (ENSG00000135924),16481,4.0
RUFY2 (ENSG00000204130),16482,4.0
S1PR1 (ENSG00000170989),16483,4.0
DMTN (ENSG00000158856),16484,4.0
S100A8 (ENSG00000143546),16485,4.0
S100A6 (ENSG00000197956),16486,4.0
DMWD (ENSG00000185800),16487,4.0
DNAAF1 (ENSG00000154099),16488,4.0
DNAAF3 (ENSG00000167646),16489,4.0
DNAH10OS (ENSG00000250091),16490,4.0
RXRG (ENSG00000143171),16491,4.0
RXRB (ENSG00000204231),16492,4.0
DNAH7 (ENSG00000118997),16493,4.0
DNAH9 (ENSG00000007174),16494,4.0
DNAI1 (ENSG00000122735),16495,4.0
DNAI2 (ENSG00000171595),16496,4.0
RUSC2 (ENSG00000198853),16497,4.0
RUSC1-AS1 (ENSG00000225855),16498,4.0
RUNX2 (ENSG00000124813),16499,4.0
RUNX1T1 (ENSG00000079102),16500,4.0
RUNX1 (ENSG00000159216),16501,4.0
RUNDC3B (ENSG00000105784),16502,4.0
RUNDC3A (ENSG00000108309),16503,4.0
DNAJB13 (ENSG00000187726),16504,4.0
RUFY3 (ENSG00000018189),16505,4.0
RUFY1 (ENSG00000176783),16506,4.0
RP5-1074L1.1 (ENSG00000227963),16507,4.0
RP5-1068E13.7 (ENSG00000273148),16508,4.0
RP5-1065J22.8 (ENSG00000273382),16509,4.0
RP11-802E16.3 (ENSG00000255031),16510,4.0
ELOVL3 (ENSG00000119915),16511,4.0
RP11-79P5.9 (ENSG00000272525),16512,4.0
RP11-799D4.4 (ENSG00000266947),16513,4.0
RP11-798M19.6 (ENSG00000272870),16514,4.0
RP11-798L4.1 (ENSG00000205682),16515,4.0
ELOVL5 (ENSG00000012660),16516,4.0
RP11-798G7.6 (ENSG00000267198),16517,4.0
RP11-796E2.4 (ENSG00000245904),16518,4.0
ELP3 (ENSG00000134014),16519,4.0
RP11-793H13.3 (ENSG00000257550),16520,4.0
RP11-793H13.10 (ENSG00000267281),16521,4.0
EMCN (ENSG00000164035),16522,4.0
EMILIN1 (ENSG00000138080),16523,4.0
RP11-783K16.14 (ENSG00000256116),16524,4.0
EMILIN3 (ENSG00000183798),16525,4.0
EML6 (ENSG00000214595),16526,4.0
RP11-774O3.3 (ENSG00000251615),16527,4.0
EMP1 (ENSG00000134531),16528,4.0
RP11-770J1.4 (ENSG00000255384),16529,4.0
RP11-770J1.3 (ENSG00000255435),16530,4.0
RP11-764E7.1 (ENSG00000260142),16531,4.0
RP11-763B22.4 (ENSG00000237343),16532,4.0
RP11-804H8.6 (ENSG00000273356),16533,4.0
RP11-758N13.1 (ENSG00000259721),16534,4.0
ELN (ENSG00000049540),16535,4.0
ELMOD3 (ENSG00000115459),16536,4.0
RP11-88I18.2 (ENSG00000233178),16537,4.0
EIF4G2 (ENSG00000110321),16538,4.0
EIF4H (ENSG00000106682),16539,4.0
ELAVL2 (ENSG00000107105),16540,4.0
RP11-879F14.1 (ENSG00000267175),16541,4.0
ELAVL3 (ENSG00000196361),16542,4.0
ELAVL4 (ENSG00000162374),16543,4.0
RP11-861E21.2 (ENSG00000267199),16544,4.0
RP11-85A1.3 (ENSG00000260475),16545,4.0
RP11-850A17.1 (ENSG00000277324),16546,4.0
ELF4 (ENSG00000102034),16547,4.0
ELFN1 (ENSG00000225968),16548,4.0
ELK3 (ENSG00000111145),16549,4.0
ELL (ENSG00000105656),16550,4.0
RP11-83A24.2 (ENSG00000273247),16551,4.0
RP11-839D17.3 (ENSG00000255129),16552,4.0
RP11-834C11.15 (ENSG00000283073),16553,4.0
ELMO2 (ENSG00000062598),16554,4.0
RP11-81H14.2 (ENSG00000251301),16555,4.0
RP11-819C21.1 (ENSG00000261098),16556,4.0
RP11-817O13.9 (ENSG00000275645),16557,4.0
ELMOD1 (ENSG00000110675),16558,4.0
RP11-817G13.3 (ENSG00000276063),16559,4.0
ELMSAN1 (ENSG00000156030),16560,4.0
RP11-890B15.3 (ENSG00000255455),16561,4.0
EMP3 (ENSG00000142227),16562,4.0
RP11-756H6.1 (ENSG00000258001),16563,4.0
RP11-680F8.3 (ENSG00000259523),16564,4.0
ENPP2 (ENSG00000136960),16565,4.0
RP11-67L2.2 (ENSG00000273033),16566,4.0
RP11-679B19.1 (ENSG00000277954),16567,4.0
RP11-677M14.7 (ENSG00000245498),16568,4.0
ENPP6 (ENSG00000164303),16569,4.0
RP11-670E13.6 (ENSG00000274213),16570,4.0
RP11-66N24.3 (ENSG00000258727),16571,4.0
RP11-66N11.8 (ENSG00000260081),16572,4.0
RP11-666A20.4 (ENSG00000248787),16573,4.0
RP11-658F2.8 (ENSG00000258297),16574,4.0
RP11-656D10.3 (ENSG00000238287),16575,4.0
RP11-655M14.13 (ENSG00000255318),16576,4.0
RP11-649A18.12 (ENSG00000263843),16577,4.0
ENTPD7 (ENSG00000198018),16578,4.0
RP11-635N19.1 (ENSG00000267390),16579,4.0
EPB41L4A (ENSG00000129595),16580,4.0
EPB41L4A-AS2 (ENSG00000278921),16581,4.0
EPHA2 (ENSG00000142627),16582,4.0
RP11-629B11.5 (ENSG00000269559),16583,4.0
EPHA3 (ENSG00000044524),16584,4.0
RP11-621L6.2 (ENSG00000264365),16585,4.0
RP11-620J15.4 (ENSG00000273805),16586,4.0
ENPEP (ENSG00000138792),16587,4.0
RP11-758H9.2 (ENSG00000273702),16588,4.0
ENOX1 (ENSG00000120658),16589,4.0
RP11-692D12.1 (ENSG00000250220),16590,4.0
EN1 (ENSG00000163064),16591,4.0
RP11-73K9.3 (ENSG00000272567),16592,4.0
RP11-73E17.2 (ENSG00000258738),16593,4.0
RP11-736N17.10 (ENSG00000278071),16594,4.0
ENDOV (ENSG00000173818),16595,4.0
RP11-727F15.9 (ENSG00000256690),16596,4.0
RP11-727F15.12 (ENSG00000269176),16597,4.0
RP11-727F15.11 (ENSG00000267811),16598,4.0
RP11-725P16.2 (ENSG00000272769),16599,4.0
ENG (ENSG00000106991),16600,4.0
RP11-71N10.1 (ENSG00000239922),16601,4.0
RP11-713P17.3 (ENSG00000204241),16602,4.0
RP11-712B9.2 (ENSG00000245552),16603,4.0
RP11-710C12.1 (ENSG00000271474),16604,4.0
RP11-70D24.2 (ENSG00000278058),16605,4.0
RP11-708J19.1 (ENSG00000260236),16606,4.0
RP11-706O15.3 (ENSG00000234449),16607,4.0
RP11-705O1.8 (ENSG00000263884),16608,4.0
ENKUR (ENSG00000151023),16609,4.0
ENO1 (ENSG00000074800),16610,4.0
ENO1-AS1 (ENSG00000230679),16611,4.0
RP11-69E11.4 (ENSG00000182109),16612,4.0
ENO2 (ENSG00000111674),16613,4.0
RP11-686O6.2 (ENSG00000273456),16614,4.0
SCD5 (ENSG00000145284),16615,4.0
EIF4A2 (ENSG00000156976),16616,4.0
RP11-89K11.1 (ENSG00000259658),16617,4.0
RP4-591C20.9 (ENSG00000268858),16618,4.0
RP4-583P15.10 (ENSG00000229299),16619,4.0
RP4-575N6.4 (ENSG00000225938),16620,4.0
EFHC2 (ENSG00000183690),16621,4.0
EFHD1 (ENSG00000115468),16622,4.0
EFNA3 (ENSG00000143590),16623,4.0
EFNA4 (ENSG00000243364),16624,4.0
EFNB1 (ENSG00000090776),16625,4.0
RP3-525N10.2 (ENSG00000230910),16626,4.0
EFNB2 (ENSG00000125266),16627,4.0
RP3-510D11.2 (ENSG00000234546),16628,4.0
RP3-508I15.9 (ENSG00000228274),16629,4.0
EGFL6 (ENSG00000198759),16630,4.0
RP3-486I3.7 (ENSG00000237021),16631,4.0
RP3-473L9.4 (ENSG00000257595),16632,4.0
RP3-466P17.1 (ENSG00000270638),16633,4.0
EGFR (ENSG00000146648),16634,4.0
RP3-402G11.26 (ENSG00000273253),16635,4.0
EGLN1 (ENSG00000135766),16636,4.0
RP3-395M20.12 (ENSG00000272449),16637,4.0
RP3-394A18.1 (ENSG00000279159),16638,4.0
EGR1 (ENSG00000120738),16639,4.0
RP3-337H4.10 (ENSG00000271970),16640,4.0
RP4-601P9.2 (ENSG00000257817),16641,4.0
RP3-329A5.8 (ENSG00000272374),16642,4.0
RP4-605O3.4 (ENSG00000272368),16643,4.0
RP4-621F18.2 (ENSG00000282057),16644,4.0
EEF2 (ENSG00000167658),16645,4.0
RP5-1024G6.7 (ENSG00000259818),16646,4.0
EEFSEC (ENSG00000132394),16647,4.0
RP5-1024C24.1 (ENSG00000254489),16648,4.0
RP5-1021I20.1 (ENSG00000259065),16649,4.0
EEPD1 (ENSG00000122547),16650,4.0
RP4-813D12.3 (ENSG00000226308),16651,4.0
EFCAB1 (ENSG00000034239),16652,4.0
RP4-800J21.3 (ENSG00000218018),16653,4.0
RP4-798A10.7 (ENSG00000261135),16654,4.0
EFCAB12 (ENSG00000172771),16655,4.0
RP4-798A10.2 (ENSG00000226029),16656,4.0
RP4-794H19.1 (ENSG00000232453),16657,4.0
RP4-758J18.13 (ENSG00000272455),16658,4.0
RP4-756G23.5 (ENSG00000235513),16659,4.0
RP4-728D4.2 (ENSG00000239636),16660,4.0
RP4-673M15.1 (ENSG00000272768),16661,4.0
RP4-669P10.20 (ENSG00000281538),16662,4.0
RP4-665J23.1 (ENSG00000233593),16663,4.0
EFCAB7 (ENSG00000203965),16664,4.0
RP4-635E18.8 (ENSG00000271895),16665,4.0
EFEMP1 (ENSG00000115380),16666,4.0
EFHB (ENSG00000163576),16667,4.0
RP4-613B23.1 (ENSG00000230084),16668,4.0
RP11-89F3.2 (ENSG00000236140),16669,4.0
EGR2 (ENSG00000122877),16670,4.0
RP13-977J11.2 (ENSG00000256576),16671,4.0
RP11-96O20.5 (ENSG00000275709),16672,4.0
RP11-96L14.8 (ENSG00000282872),16673,4.0
RP11-96H19.1 (ENSG00000257261),16674,4.0
EIF2B2 (ENSG00000119718),16675,4.0
RP11-967K21.1 (ENSG00000247934),16676,4.0
RP11-963H4.3 (ENSG00000263508),16677,4.0
RP11-95O2.5 (ENSG00000267707),16678,4.0
RP11-950C14.3 (ENSG00000258646),16679,4.0
EIF3D (ENSG00000100353),16680,4.0
RP11-93G5.1 (ENSG00000274317),16681,4.0
RP11-936I5.1 (ENSG00000266998),16682,4.0
RP11-932O9.8 (ENSG00000270016),16683,4.0
RP11-932O9.7 (ENSG00000247728),16684,4.0
EIF3F (ENSG00000175390),16685,4.0
RP11-930P14.2 (ENSG00000260588),16686,4.0
RP11-92G12.3 (ENSG00000260088),16687,4.0
RP11-923I11.3 (ENSG00000260122),16688,4.0
EIF3H (ENSG00000147677),16689,4.0
EIF3J-AS1 (ENSG00000179523),16690,4.0
RP11-90L1.8 (ENSG00000275880),16691,4.0
EIF3L (ENSG00000100129),16692,4.0
RP11-90D4.3 (ENSG00000256101),16693,4.0
EIF4A1 (ENSG00000161960),16694,4.0
RP11-976B16.1 (ENSG00000274492),16695,4.0
RP2 (ENSG00000102218),16696,4.0
RP11-977G19.11 (ENSG00000257303),16697,4.0
EIF2AK1 (ENSG00000086232),16698,4.0
RP13-942N8.1 (ENSG00000256092),16699,4.0
EGR3 (ENSG00000179388),16700,4.0
EHBP1 (ENSG00000115504),16701,4.0
RP13-766D20.4 (ENSG00000278200),16702,4.0
METTL21B (ENSG00000123427),16703,4.0
RP13-753N3.1 (ENSG00000263531),16704,4.0
EHD1 (ENSG00000110047),16705,4.0
EHD2 (ENSG00000024422),16706,4.0
RP13-539J13.1 (ENSG00000272342),16707,4.0
RP13-516M14.4 (ENSG00000265692),16708,4.0
RP13-516M14.2 (ENSG00000264548),16709,4.0
RP13-436F16.1 (ENSG00000237058),16710,4.0
EHMT2 (ENSG00000204371),16711,4.0
EID1 (ENSG00000255302),16712,4.0
EID2B (ENSG00000176401),16713,4.0
RP13-131K19.6 (ENSG00000272434),16714,4.0
EID3 (ENSG00000255150),16715,4.0
RP13-1032I1.7 (ENSG00000262049),16716,4.0
RP11-9G1.3 (ENSG00000250241),16717,4.0
RP11-98I9.4 (ENSG00000228506),16718,4.0
EIF1 (ENSG00000173812),16719,4.0
EIF2A (ENSG00000144895),16720,4.0
RP11-983P16.4 (ENSG00000257337),16721,4.0
RP11-977G19.12 (ENSG00000257740),16722,4.0
DIABLO (ENSG00000184047),16723,4.0
SCG2 (ENSG00000171951),16724,4.0
DHX40 (ENSG00000108406),16725,4.0
SLC24A5 (ENSG00000188467),16726,4.0
CTD-3193K9.4 (ENSG00000267042),16727,4.0
SLC22A5 (ENSG00000197375),16728,4.0
SLC22A4 (ENSG00000197208),16729,4.0
CTD-3193O13.12 (ENSG00000214248),16730,4.0
CTD-3214H19.4 (ENSG00000268400),16731,4.0
CTD-3220F14.3 (ENSG00000276846),16732,4.0
CTD-3222D19.8 (ENSG00000279529),16733,4.0
CTD-3252C9.4 (ENSG00000267519),16734,4.0
SLC22A18 (ENSG00000110628),16735,4.0
SLC22A17 (ENSG00000092096),16736,4.0
SLC22A15 (ENSG00000163393),16737,4.0
CTDSP2 (ENSG00000175215),16738,4.0
CTF1 (ENSG00000150281),16739,4.0
SLC1A4 (ENSG00000115902),16740,4.0
SLC1A3 (ENSG00000079215),16741,4.0
CTGF (ENSG00000118523),16742,4.0
CTHRC1 (ENSG00000164932),16743,4.0
CTIF (ENSG00000134030),16744,4.0
CTNNA2 (ENSG00000066032),16745,4.0
SLC18B1 (ENSG00000146409),16746,4.0
SLC18A1 (ENSG00000036565),16747,4.0
CTNNB1 (ENSG00000168036),16748,4.0
CTD-3131K8.2 (ENSG00000269439),16749,4.0
SLC17A7 (ENSG00000104888),16750,4.0
SLC25A11 (ENSG00000108528),16751,4.0
SLC25A14 (ENSG00000102078),16752,4.0
CTD-2515A14.1 (ENSG00000261669),16753,4.0
CTD-2515O10.5 (ENSG00000274904),16754,4.0
CTD-2517O10.6 (ENSG00000272323),16755,4.0
CTD-2521M24.8 (ENSG00000269053),16756,4.0
SLC25A42 (ENSG00000181035),16757,4.0
SLC25A41 (ENSG00000181240),16758,4.0
CTD-2541M15.3 (ENSG00000271743),16759,4.0
CTD-2545M3.8 (ENSG00000268518),16760,4.0
CTD-2547G23.4 (ENSG00000274925),16761,4.0
CTD-2561B21.11 (ENSG00000262873),16762,4.0
CTD-2568A17.1 (ENSG00000261341),16763,4.0
CTD-2574D22.2 (ENSG00000247735),16764,4.0
SLC25A27 (ENSG00000153291),16765,4.0
SLC25A25-AS1 (ENSG00000234771),16766,4.0
SLC25A25 (ENSG00000148339),16767,4.0
SLC25A24 (ENSG00000085491),16768,4.0
CTD-2651B20.3 (ENSG00000259520),16769,4.0
CTD-3032H12.2 (ENSG00000259711),16770,4.0
SLC25A21-AS1 (ENSG00000258708),16771,4.0
CTD-3035K23.7 (ENSG00000274565),16772,4.0
SLC25A20 (ENSG00000178537),16773,4.0
CTD-3065B20.3 (ENSG00000259314),16774,4.0
CTD-3065J16.9 (ENSG00000255224),16775,4.0
SLC25A12 (ENSG00000115840),16776,4.0
SLC26A10 (ENSG00000135502),16777,4.0
SLC17A6 (ENSG00000091664),16778,4.0
CTNS (ENSG00000040531),16779,4.0
SIX5 (ENSG00000177045),16780,4.0
CXCL2 (ENSG00000081041),16781,4.0
SIX3-AS1 (ENSG00000236502),16782,4.0
CXCR4 (ENSG00000121966),16783,4.0
SIX2 (ENSG00000170577),16784,4.0
SIX1 (ENSG00000126778),16785,4.0
CXXC4 (ENSG00000168772),16786,4.0
CXorf40A (ENSG00000197620),16787,4.0
SIRT6 (ENSG00000077463),16788,4.0
CXorf40B (ENSG00000197021),16789,4.0
SIRT4 (ENSG00000089163),16790,4.0
SIRT3 (ENSG00000142082),16791,4.0
SIRT2 (ENSG00000068903),16792,4.0
CXorf57 (ENSG00000147231),16793,4.0
CYB561D1 (ENSG00000174151),16794,4.0
CYB561D2 (ENSG00000271858),16795,4.0
SIL1 (ENSG00000120725),16796,4.0
CYB5R1 (ENSG00000159348),16797,4.0
CYBRD1 (ENSG00000071967),16798,4.0
SIGIRR (ENSG00000185187),16799,4.0
SIAH3 (ENSG00000215475),16800,4.0
SIAH1 (ENSG00000196470),16801,4.0
SIAE (ENSG00000110013),16802,4.0
CXCL14 (ENSG00000145824),16803,4.0
CTNNBL1 (ENSG00000132792),16804,4.0
CXCL12 (ENSG00000107562),16805,4.0
CXCL1 (ENSG00000163739),16806,4.0
SLC16A3 (ENSG00000141526),16807,4.0
SLC16A2 (ENSG00000147100),16808,4.0
SLC16A14 (ENSG00000163053),16809,4.0
SLC16A13 (ENSG00000174327),16810,4.0
CTSB (ENSG00000164733),16811,4.0
CTSK (ENSG00000143387),16812,4.0
CTSL (ENSG00000135047),16813,4.0
CTSO (ENSG00000256043),16814,4.0
CTSS (ENSG00000163131),16815,4.0
SLC13A5 (ENSG00000141485),16816,4.0
SLC13A4 (ENSG00000164707),16817,4.0
CTXN3 (ENSG00000205279),16818,4.0
CUBN (ENSG00000107611),16819,4.0
SLC12A7 (ENSG00000113504),16820,4.0
CUL2 (ENSG00000108094),16821,4.0
SLC12A4 (ENSG00000124067),16822,4.0
CUL7 (ENSG00000044090),16823,4.0
SLC10A7 (ENSG00000120519),16824,4.0
SLC10A4 (ENSG00000145248),16825,4.0
SLC10A3 (ENSG00000126903),16826,4.0
CUX2 (ENSG00000111249),16827,4.0
CX3CL1 (ENSG00000006210),16828,4.0
SKIV2L (ENSG00000204351),16829,4.0
CXCL11 (ENSG00000169248),16830,4.0
SHROOM4 (ENSG00000158352),16831,4.0
SLC26A11 (ENSG00000181045),16832,4.0
SLC27A1 (ENSG00000130304),16833,4.0
SLC6A20 (ENSG00000163817),16834,4.0
SLC6A2 (ENSG00000103546),16835,4.0
SLC6A16 (ENSG00000063127),16836,4.0
SLC6A15 (ENSG00000072041),16837,4.0
SLC6A13 (ENSG00000010379),16838,4.0
SLC6A12 (ENSG00000111181),16839,4.0
CTBS (ENSG00000117151),16840,4.0
SLC5A7 (ENSG00000115665),16841,4.0
CTC-241N9.1 (ENSG00000245317),16842,4.0
CTC-250I14.6 (ENSG00000267598),16843,4.0
SLC5A12 (ENSG00000148942),16844,4.0
SLC51B (ENSG00000186198),16845,4.0
CTC-308K20.1 (ENSG00000204758),16846,4.0
CTC-338M12.5 (ENSG00000250222),16847,4.0
CTC-340A15.2 (ENSG00000241956),16848,4.0
SLC4A5 (ENSG00000188687),16849,4.0
SLC4A4 (ENSG00000080493),16850,4.0
SLC4A3 (ENSG00000114923),16851,4.0
SLC4A2 (ENSG00000164889),16852,4.0
SLC4A1AP (ENSG00000163798),16853,4.0
SLC46A3 (ENSG00000139508),16854,4.0
SLC46A1 (ENSG00000076351),16855,4.0
SLC45A2 (ENSG00000164175),16856,4.0
CTBP1-AS2 (ENSG00000196810),16857,4.0
SLC45A1 (ENSG00000162426),16858,4.0
CTB-58E17.9 (ENSG00000275665),16859,4.0
CTB-58E17.1 (ENSG00000277969),16860,4.0
SLFNL1-AS1 (ENSG00000281207),16861,4.0
SLFN5 (ENSG00000166750),16862,4.0
CTAGE5 (ENSG00000150527),16863,4.0
CTB-113D17.1 (ENSG00000272568),16864,4.0
CTB-113I20.2 (ENSG00000271737),16865,4.0
CTB-1144G6.6 (ENSG00000275024),16866,4.0
CTB-129O4.1 (ENSG00000248367),16867,4.0
CTB-12O2.1 (ENSG00000254226),16868,4.0
SLC9A9 (ENSG00000181804),16869,4.0
CTB-179K24.3 (ENSG00000267348),16870,4.0
SLC9A5 (ENSG00000135740),16871,4.0
SLC9A3R2 (ENSG00000065054),16872,4.0
SLC8A3 (ENSG00000100678),16873,4.0
SLC8A2 (ENSG00000118160),16874,4.0
SLC8A1-AS1 (ENSG00000227028),16875,4.0
SLC8A1 (ENSG00000183023),16876,4.0
CTB-31O20.2 (ENSG00000261526),16877,4.0
CTB-32O4.2 (ENSG00000267498),16878,4.0
CTB-47B11.3 (ENSG00000248544),16879,4.0
CTB-50L17.16 (ENSG00000267011),16880,4.0
CTB-55O6.12 (ENSG00000267169),16881,4.0
CTB-55O6.13 (ENSG00000275091),16882,4.0
CTB-55O6.8 (ENSG00000141854),16883,4.0
SLC6A9 (ENSG00000196517),16884,4.0
CTD-2383M3.1 (ENSG00000248027),16885,4.0
SLC43A2 (ENSG00000167703),16886,4.0
CTC-441N14.2 (ENSG00000247311),16887,4.0
CTD-2192J16.26 (ENSG00000268945),16888,4.0
CTD-2201E18.5 (ENSG00000271788),16889,4.0
SLC35A2 (ENSG00000102100),16890,4.0
SLC35A1 (ENSG00000164414),16891,4.0
CTD-2213F21.2 (ENSG00000250365),16892,4.0
SLC33A1 (ENSG00000169359),16893,4.0
SLC32A1 (ENSG00000101438),16894,4.0
CTD-2240J17.1 (ENSG00000259372),16895,4.0
SLC30A8 (ENSG00000164756),16896,4.0
CTD-2260A17.2 (ENSG00000247121),16897,4.0
CTD-2270P14.5 (ENSG00000276791),16898,4.0
CTD-2287O16.5 (ENSG00000271918),16899,4.0
SLC30A4 (ENSG00000104154),16900,4.0
CTD-2298J14.2 (ENSG00000258636),16901,4.0
CTD-2314G24.2 (ENSG00000259663),16902,4.0
SLC2A13 (ENSG00000151229),16903,4.0
SLC2A10 (ENSG00000197496),16904,4.0
CTD-2325M2.1 (ENSG00000267939),16905,4.0
SLC29A4 (ENSG00000164638),16906,4.0
CTD-2342J14.6 (ENSG00000267277),16907,4.0
CTD-2349P21.12 (ENSG00000276250),16908,4.0
CTD-2369P2.10 (ENSG00000167807),16909,4.0
CTD-2371O3.2 (ENSG00000254397),16910,4.0
CTD-2189E23.1 (ENSG00000267723),16911,4.0
SLC41A3 (ENSG00000114544),16912,4.0
CTD-2089N3.2 (ENSG00000251573),16913,4.0
SLC35E2 (ENSG00000215790),16914,4.0
SLC40A1 (ENSG00000138449),16915,4.0
SLC3A2 (ENSG00000168003),16916,4.0
CTC-444N24.6 (ENSG00000267871),16917,4.0
SLC39A7 (ENSG00000112473),16918,4.0
SLC39A6 (ENSG00000141424),16919,4.0
CTC-457L16.2 (ENSG00000262319),16920,4.0
CTC-459F4.1 (ENSG00000261770),16921,4.0
SLC39A13 (ENSG00000165915),16922,4.0
CTC-543D15.8 (ENSG00000278611),16923,4.0
CTC-559E9.1 (ENSG00000266904),16924,4.0
CTCFL (ENSG00000124092),16925,4.0
SLC38A3 (ENSG00000188338),16926,4.0
CTD-2006H14.2 (ENSG00000271971),16927,4.0
CTD-2007H13.3 (ENSG00000248489),16928,4.0
CTD-2012K14.6 (ENSG00000261386),16929,4.0
CTD-2012K14.8 (ENSG00000276075),16930,4.0
SLC35G2 (ENSG00000168917),16931,4.0
CTD-2013N17.7 (ENSG00000277825),16932,4.0
SLC35F5 (ENSG00000115084),16933,4.0
SLC35F4 (ENSG00000151812),16934,4.0
CTD-2033C11.1 (ENSG00000269961),16935,4.0
CTD-2047H16.4 (ENSG00000263069),16936,4.0
SLC35E2B (ENSG00000189339),16937,4.0
SLC35D3 (ENSG00000182747),16938,4.0
RP11-620J15.3 (ENSG00000257698),16939,4.0
CYFIP2 (ENSG00000055163),16940,4.0
CYHR1 (ENSG00000187954),16941,4.0
DDX5 (ENSG00000108654),16942,4.0
SEMA4B (ENSG00000185033),16943,4.0
DDX50 (ENSG00000107625),16944,4.0
SEMA3F (ENSG00000001617),16945,4.0
SEMA3B (ENSG00000012171),16946,4.0
SEMA3A (ENSG00000075213),16947,4.0
DDX60 (ENSG00000137628),16948,4.0
SELO (ENSG00000073169),16949,4.0
SELM (ENSG00000198832),16950,4.0
SELL (ENSG00000188404),16951,4.0
DDX60L (ENSG00000181381),16952,4.0
SELENBP1 (ENSG00000143416),16953,4.0
DECR1 (ENSG00000104325),16954,4.0
SECTM1 (ENSG00000141574),16955,4.0
DEF6 (ENSG00000023892),16956,4.0
SEC63 (ENSG00000025796),16957,4.0
DEGS1 (ENSG00000143753),16958,4.0
DENND1B (ENSG00000213047),16959,4.0
DENND3 (ENSG00000105339),16960,4.0
SEC61A1 (ENSG00000058262),16961,4.0
SEC31A (ENSG00000138674),16962,4.0
SEC24D (ENSG00000150961),16963,4.0
DENND4A (ENSG00000174485),16964,4.0
DDX49 (ENSG00000105671),16965,4.0
SEC24B (ENSG00000138802),16966,4.0
SEMA4F (ENSG00000135622),16967,4.0
SEMA5A (ENSG00000112902),16968,4.0
DCTN4 (ENSG00000132912),16969,4.0
DCX (ENSG00000077279),16970,4.0
DDAH1 (ENSG00000153904),16971,4.0
DDAH2 (ENSG00000213722),16972,4.0
SEPT7 (ENSG00000122545),16973,4.0
SEPT6 (ENSG00000125354),16974,4.0
SEPT5 (ENSG00000184702),16975,4.0
DDC (ENSG00000132437),16976,4.0
DDHD2 (ENSG00000085788),16977,4.0
DDIT3 (ENSG00000175197),16978,4.0
SEPP1 (ENSG00000250722),16979,4.0
DDIT4 (ENSG00000168209),16980,4.0
SEPHS2 (ENSG00000179918),16981,4.0
DDN (ENSG00000181418),16982,4.0
SENP7 (ENSG00000138468),16983,4.0
DDRGK1 (ENSG00000198171),16984,4.0
SENP5 (ENSG00000119231),16985,4.0
DDX19B (ENSG00000157349),16986,4.0
DDX24 (ENSG00000089737),16987,4.0
SEMA6D (ENSG00000137872),16988,4.0
SEMA6C (ENSG00000143434),16989,4.0
DDX26B (ENSG00000165359),16990,4.0
SEMA6A-AS1 (ENSG00000248445),16991,4.0
SEMA4G (ENSG00000095539),16992,4.0
DCTN2 (ENSG00000175203),16993,4.0
SEC24A (ENSG00000113615),16994,4.0
SEC23A (ENSG00000100934),16995,4.0
SCUBE3 (ENSG00000146197),16996,4.0
SCUBE1 (ENSG00000159307),16997,4.0
SCTR (ENSG00000080293),16998,4.0
SCRT2 (ENSG00000215397),16999,4.0
SCRN1 (ENSG00000136193),17000,4.0
SCPEP1 (ENSG00000121064),17001,4.0
SCOC-AS1 (ENSG00000196951),17002,4.0
DHCR7 (ENSG00000172893),17003,4.0
DHDH (ENSG00000104808),17004,4.0
DHFRL1 (ENSG00000178700),17005,4.0
DHPS (ENSG00000095059),17006,4.0
SCNM1 (ENSG00000163156),17007,4.0
DHRS1 (ENSG00000157379),17008,4.0
DHRS2 (ENSG00000100867),17009,4.0
DHRS4-AS1 (ENSG00000215256),17010,4.0
SCN3B (ENSG00000166257),17011,4.0
SCN2B (ENSG00000149575),17012,4.0
SCN2A (ENSG00000136531),17013,4.0
DHRS7 (ENSG00000100612),17014,4.0
SCN11A (ENSG00000168356),17015,4.0
SCML4 (ENSG00000146285),17016,4.0
DHRSX (ENSG00000169084),17017,4.0
DHX16 (ENSG00000204560),17018,4.0
SCX (ENSG00000260428),17019,4.0
SEC23IP (ENSG00000107651),17020,4.0
SCYL1 (ENSG00000142186),17021,4.0
SDC2 (ENSG00000169439),17022,4.0
DENND6A-AS1 (ENSG00000239801),17023,4.0
DENND6B (ENSG00000205593),17024,4.0
SEC14L2 (ENSG00000100003),17025,4.0
DEPDC7 (ENSG00000121690),17026,4.0
SEC13 (ENSG00000157020),17027,4.0
DEPTOR (ENSG00000155792),17028,4.0
DES (ENSG00000175084),17029,4.0
DEXI (ENSG00000182108),17030,4.0
DFFB (ENSG00000169598),17031,4.0
SDPR (ENSG00000168497),17032,4.0
SDK1 (ENSG00000146555),17033,4.0
DFNB31 (ENSG00000095397),17034,4.0
DGCR5 (ENSG00000237517),17035,4.0
DGCR6 (ENSG00000183628),17036,4.0
SDHAF1 (ENSG00000205138),17037,4.0
SDHA (ENSG00000073578),17038,4.0
SDF4 (ENSG00000078808),17039,4.0
DGKA (ENSG00000065357),17040,4.0
SDE2 (ENSG00000143751),17041,4.0
DGKB (ENSG00000136267),17042,4.0
SDCBP2-AS1 (ENSG00000234684),17043,4.0
SDCBP2 (ENSG00000125775),17044,4.0
SDCBP (ENSG00000137575),17045,4.0
SDC1 (ENSG00000115884),17046,4.0
CYGB (ENSG00000161544),17047,4.0
SERHL2 (ENSG00000183569),17048,4.0
SERINC2 (ENSG00000168528),17049,4.0
CYP4V2 (ENSG00000145476),17050,4.0
SH3BGRL (ENSG00000131171),17051,4.0
CYP7B1 (ENSG00000172817),17052,4.0
SH2D3C (ENSG00000095370),17053,4.0
CYR61 (ENSG00000142871),17054,4.0
CYS1 (ENSG00000205795),17055,4.0
CYSLTR2 (ENSG00000152207),17056,4.0
SH2B2 (ENSG00000160999),17057,4.0
SH2B1 (ENSG00000178188),17058,4.0
CYTH1 (ENSG00000108669),17059,4.0
SGTA (ENSG00000104969),17060,4.0
SGSM3 (ENSG00000100359),17061,4.0
CYTH2 (ENSG00000105443),17062,4.0
SGSH (ENSG00000181523),17063,4.0
CYTH3 (ENSG00000008256),17064,4.0
CYTL1 (ENSG00000170891),17065,4.0
DAAM1 (ENSG00000100592),17066,4.0
SGMS1 (ENSG00000198964),17067,4.0
DAAM2 (ENSG00000146122),17068,4.0
DAB2 (ENSG00000153071),17069,4.0
SGK1 (ENSG00000118515),17070,4.0
SGIP1 (ENSG00000118473),17071,4.0
SGF29 (ENSG00000176476),17072,4.0
CYP46A1 (ENSG00000036530),17073,4.0
SGCG (ENSG00000102683),17074,4.0
SH3BP1 (ENSG00000100092),17075,4.0
CYP2W1 (ENSG00000073067),17076,4.0
CYLD (ENSG00000083799),17077,4.0
SHOX2 (ENSG00000168779),17078,4.0
SHOX (ENSG00000185960),17079,4.0
SHOC2 (ENSG00000108061),17080,4.0
CYP17A1-AS1 (ENSG00000203886),17081,4.0
SHISA4 (ENSG00000198892),17082,4.0
CYP1B1 (ENSG00000138061),17083,4.0
SHD (ENSG00000105251),17084,4.0
CYP24A1 (ENSG00000019186),17085,4.0
SHC4 (ENSG00000185634),17086,4.0
SHC3 (ENSG00000148082),17087,4.0
SHC2 (ENSG00000129946),17088,4.0
CYP26B1 (ENSG00000003137),17089,4.0
SHB (ENSG00000107338),17090,4.0
SHARPIN (ENSG00000179526),17091,4.0
SH3TC1 (ENSG00000125089),17092,4.0
SH3RF3-AS1 (ENSG00000259863),17093,4.0
SH3RF3 (ENSG00000172985),17094,4.0
SH3GL3 (ENSG00000140600),17095,4.0
SH3GL1 (ENSG00000141985),17096,4.0
SH3D21 (ENSG00000214193),17097,4.0
CYP2J2 (ENSG00000134716),17098,4.0
SH3BP5 (ENSG00000131370),17099,4.0
CYP39A1 (ENSG00000146233),17100,4.0
SERINC1 (ENSG00000111897),17101,4.0
SGCE (ENSG00000127990),17102,4.0
SGCB (ENSG00000163069),17103,4.0
SETBP1 (ENSG00000152217),17104,4.0
SESTD1 (ENSG00000187231),17105,4.0
SESN2 (ENSG00000130766),17106,4.0
DCHS1 (ENSG00000166341),17107,4.0
SERTM1 (ENSG00000180440),17108,4.0
SERTAD4-AS1 (ENSG00000203706),17109,4.0
SERTAD4 (ENSG00000082497),17110,4.0
SERTAD3 (ENSG00000167565),17111,4.0
SERTAD2 (ENSG00000179833),17112,4.0
SERTAD1 (ENSG00000197019),17113,4.0
SERPINH1 (ENSG00000149257),17114,4.0
SERPING1 (ENSG00000149131),17115,4.0
SERPINF1 (ENSG00000132386),17116,4.0
SERPINE2 (ENSG00000135919),17117,4.0
SERPINE1 (ENSG00000106366),17118,4.0
SERPIND1 (ENSG00000099937),17119,4.0
DCK (ENSG00000156136),17120,4.0
DCLK2 (ENSG00000170390),17121,4.0
SERPINB6 (ENSG00000124570),17122,4.0
DCN (ENSG00000011465),17123,4.0
DCP1A (ENSG00000272886),17124,4.0
DCP1B (ENSG00000151065),17125,4.0
DCT (ENSG00000080166),17126,4.0
DCDC1 (ENSG00000170959),17127,4.0
SGCD (ENSG00000170624),17128,4.0
DCC (ENSG00000187323),17129,4.0
DCAF7 (ENSG00000136485),17130,4.0
DACH2 (ENSG00000126733),17131,4.0
DACT2 (ENSG00000164488),17132,4.0
SFXN3 (ENSG00000107819),17133,4.0
DACT3 (ENSG00000197380),17134,4.0
DAGLA (ENSG00000134780),17135,4.0
DALRD3 (ENSG00000178149),17136,4.0
SFSWAP (ENSG00000061936),17137,4.0
DAP (ENSG00000112977),17138,4.0
DAPK3 (ENSG00000167657),17139,4.0
DAW1 (ENSG00000123977),17140,4.0
DAZAP2 (ENSG00000183283),17141,4.0
DBH (ENSG00000123454),17142,4.0
SF3B2 (ENSG00000087365),17143,4.0
SF3B1 (ENSG00000115524),17144,4.0
DBN1 (ENSG00000113758),17145,4.0
SF3A2 (ENSG00000104897),17146,4.0
DBNL (ENSG00000136279),17147,4.0
DBP (ENSG00000105516),17148,4.0
DCAF10 (ENSG00000122741),17149,4.0
DCAF15 (ENSG00000132017),17150,4.0
SETDB2 (ENSG00000136169),17151,4.0
SETDB1 (ENSG00000143379),17152,4.0
DCAF5 (ENSG00000139990),17153,4.0
DCAF8 (ENSG00000132716),17154,4.0
SLIT2 (ENSG00000145147),17155,4.0
RP11-620J15.2 (ENSG00000245651),17156,4.0
RP11-61E11.2 (ENSG00000257999),17157,4.0
FOXC2 (ENSG00000176692),17158,4.0
RIT2 (ENSG00000152214),17159,4.0
FOXD1 (ENSG00000251493),17160,4.0
FOXD2-AS1 (ENSG00000237424),17161,4.0
FOXJ1 (ENSG00000129654),17162,4.0
RING1 (ENSG00000204227),17163,4.0
RIN2 (ENSG00000132669),17164,4.0
RIMS1 (ENSG00000079841),17165,4.0
FOXN4 (ENSG00000139445),17166,4.0
FOXO3 (ENSG00000118689),17167,4.0
FOXC1 (ENSG00000054598),17168,4.0
RIMBP2 (ENSG00000060709),17169,4.0
FOXO6 (ENSG00000204060),17170,4.0
RIIAD1 (ENSG00000178796),17171,4.0
FOXP1 (ENSG00000114861),17172,4.0
RICTOR (ENSG00000164327),17173,4.0
FOXP2 (ENSG00000128573),17174,4.0
FOXP4 (ENSG00000137166),17175,4.0
RIBC1 (ENSG00000158423),17176,4.0
RHPN1 (ENSG00000158106),17177,4.0
RHOXF1 (ENSG00000101883),17178,4.0
FPGT-TNNI3K (ENSG00000259030),17179,4.0
RILPL2 (ENSG00000150977),17180,4.0
FOSL2 (ENSG00000075426),17181,4.0
FOSB (ENSG00000125740),17182,4.0
FOS (ENSG00000170345),17183,4.0
RNF13 (ENSG00000082996),17184,4.0
FLYWCH1 (ENSG00000059122),17185,4.0
FLYWCH2 (ENSG00000162076),17186,4.0
RNF123 (ENSG00000164068),17187,4.0
FMN2 (ENSG00000155816),17188,4.0
FMNL3 (ENSG00000161791),17189,4.0
RNF113A (ENSG00000125352),17190,4.0
FMO1 (ENSG00000010932),17191,4.0
RNF11 (ENSG00000123091),17192,4.0
RND3 (ENSG00000115963),17193,4.0
RNASET2 (ENSG00000026297),17194,4.0
RNASEL (ENSG00000135828),17195,4.0
FN3K (ENSG00000167363),17196,4.0
FNBP1 (ENSG00000187239),17197,4.0
FNDC3A (ENSG00000102531),17198,4.0
FNDC4 (ENSG00000115226),17199,4.0
FNDC5 (ENSG00000160097),17200,4.0
RNASE4 (ENSG00000258818),17201,4.0
FNIP1 (ENSG00000217128),17202,4.0
FNTB (ENSG00000257365),17203,4.0
FO538757.2 (ENSG00000279457),17204,4.0
RMDN3 (ENSG00000137824),17205,4.0
RMDN2 (ENSG00000115841),17206,4.0
RHOQ (ENSG00000119729),17207,4.0
RHOJ (ENSG00000126785),17208,4.0
RHOG (ENSG00000177105),17209,4.0
RHOF (ENSG00000139725),17210,4.0
RGS12 (ENSG00000159788),17211,4.0
RGS11 (ENSG00000076344),17212,4.0
FSCN3 (ENSG00000106328),17213,4.0
FSD1L (ENSG00000106701),17214,4.0
FSIP1 (ENSG00000150667),17215,4.0
RGL2 (ENSG00000237441),17216,4.0
RGL1 (ENSG00000143344),17217,4.0
RGCC (ENSG00000102760),17218,4.0
RGAG4 (ENSG00000242732),17219,4.0
FSIP2 (ENSG00000188738),17220,4.0
FSTL1 (ENSG00000163430),17221,4.0
RFX4 (ENSG00000111783),17222,4.0
RFX3 (ENSG00000080298),17223,4.0
RFX2 (ENSG00000087903),17224,4.0
FSTL3 (ENSG00000070404),17225,4.0
FSTL5 (ENSG00000168843),17226,4.0
RFTN2 (ENSG00000162944),17227,4.0
RFTN1 (ENSG00000131378),17228,4.0
RFNG (ENSG00000169733),17229,4.0
RFK (ENSG00000135002),17230,4.0
FTO (ENSG00000140718),17231,4.0
FTX (ENSG00000230590),17232,4.0
FUK (ENSG00000157353),17233,4.0
RGS14 (ENSG00000169220),17234,4.0
FLT3LG (ENSG00000090554),17235,4.0
RGS16 (ENSG00000143333),17236,4.0
RGS2 (ENSG00000116741),17237,4.0
RHOD (ENSG00000173156),17238,4.0
RHOC (ENSG00000155366),17239,4.0
RHOBTB3 (ENSG00000164292),17240,4.0
RHOBTB2 (ENSG00000008853),17241,4.0
RHOBTB1 (ENSG00000072422),17242,4.0
FRMD3 (ENSG00000172159),17243,4.0
FRMD4A (ENSG00000151474),17244,4.0
RHCE (ENSG00000188672),17245,4.0
RHBG (ENSG00000132677),17246,4.0
FRMD6 (ENSG00000139926),17247,4.0
FRMD6-AS1 (ENSG00000273888),17248,4.0
FRMD8 (ENSG00000126391),17249,4.0
FRRS1L (ENSG00000260230),17250,4.0
RHBDF1 (ENSG00000007384),17251,4.0
FRS3 (ENSG00000137218),17252,4.0
RHBDD2 (ENSG00000005486),17253,4.0
RGS9BP (ENSG00000186326),17254,4.0
RGS9 (ENSG00000108370),17255,4.0
FRY (ENSG00000073910),17256,4.0
RGS7 (ENSG00000182901),17257,4.0
FRY-AS1 (ENSG00000237637),17258,4.0
RGS3 (ENSG00000138835),17259,4.0
RGS22 (ENSG00000132554),17260,4.0
FRZB (ENSG00000162998),17261,4.0
FLRT3 (ENSG00000125848),17262,4.0
RNF139 (ENSG00000170881),17263,4.0
RNF139-AS1 (ENSG00000245149),17264,4.0
RP1-40E16.9 (ENSG00000230269),17265,4.0
RP1-40E16.12 (ENSG00000272277),17266,4.0
RP1-39G22.7 (ENSG00000259943),17267,4.0
FGF14 (ENSG00000102466),17268,4.0
RP1-317E23.3 (ENSG00000228172),17269,4.0
FGF18 (ENSG00000156427),17270,4.0
RP1-313I6.12 (ENSG00000272009),17271,4.0
RP1-309F20.3 (ENSG00000225806),17272,4.0
FGF19 (ENSG00000162344),17273,4.0
RP1-28H20.3 (ENSG00000271784),17274,4.0
RP1-278C19.8 (ENSG00000275936),17275,4.0
RP1-269M15.3 (ENSG00000233508),17276,4.0
RP1-267D11.6 (ENSG00000277283),17277,4.0
FGF7 (ENSG00000140285),17278,4.0
RP1-244F24.1 (ENSG00000271857),17279,4.0
RP1-239B22.5 (ENSG00000260196),17280,4.0
RP1-234P15.4 (ENSG00000225793),17281,4.0
RP1-202O8.3 (ENSG00000271746),17282,4.0
FGFBP2 (ENSG00000137441),17283,4.0
FGFR1OP2 (ENSG00000111790),17284,4.0
RP1-191J18.66 (ENSG00000272476),17285,4.0
RP1-178F15.4 (ENSG00000272030),17286,4.0
RP1-159A19.4 (ENSG00000237429),17287,4.0
RP1-43E13.2 (ENSG00000230424),17288,4.0
RP1-153G14.4 (ENSG00000271755),17289,4.0
RP1-78B3.1 (ENSG00000279652),17290,4.0
FGF11 (ENSG00000161958),17291,4.0
RP11-110I1.13 (ENSG00000272186),17292,4.0
FCHO2 (ENSG00000157107),17293,4.0
RP11-1109F11.5 (ENSG00000271259),17294,4.0
RP11-1102P16.1 (ENSG00000253379),17295,4.0
FCHSD1 (ENSG00000197948),17296,4.0
FCHSD2 (ENSG00000137478),17297,4.0
FCRLB (ENSG00000162746),17298,4.0
FDFT1 (ENSG00000079459),17299,4.0
RP11-109N23.4 (ENSG00000258813),17300,4.0
RP11-109D9.4 (ENSG00000261447),17301,4.0
RP11-108M9.6 (ENSG00000272426),17302,4.0
FER1L5 (ENSG00000249715),17303,4.0
FERMT3 (ENSG00000149781),17304,4.0
RP11-1085N6.5 (ENSG00000258776),17305,4.0
FES (ENSG00000182511),17306,4.0
FEZ1 (ENSG00000149557),17307,4.0
RP11-105C19.1 (ENSG00000260905),17308,4.0
RP11-1038A11.3 (ENSG00000256417),17309,4.0
RP11-102N12.3 (ENSG00000273472),17310,4.0
RP11-102M11.2 (ENSG00000261758),17311,4.0
RP11-1007O24.3 (ENSG00000261423),17312,4.0
RP11-1000B6.8 (ENSG00000262728),17313,4.0
RP11-1000B6.3 (ENSG00000261064),17314,4.0
RP1-79C4.4 (ENSG00000271811),17315,4.0
FUT11 (ENSG00000196968),17316,4.0
RP1-140A9.1 (ENSG00000231050),17317,4.0
RP1-137H15.2 (ENSG00000224765),17318,4.0
FKBP7 (ENSG00000079150),17319,4.0
RNF216 (ENSG00000011275),17320,4.0
RNF215 (ENSG00000099999),17321,4.0
FKBP8 (ENSG00000105701),17322,4.0
FKBP9 (ENSG00000122642),17323,4.0
FLCN (ENSG00000154803),17324,4.0
RNF212 (ENSG00000178222),17325,4.0
RNF208 (ENSG00000212864),17326,4.0
RNF207 (ENSG00000158286),17327,4.0
FLI1 (ENSG00000151702),17328,4.0
RNF19A (ENSG00000034677),17329,4.0
RNF187 (ENSG00000168159),17330,4.0
RNF185 (ENSG00000138942),17331,4.0
RNF182 (ENSG00000180537),17332,4.0
FLJ31104 (ENSG00000227908),17333,4.0
RNF180 (ENSG00000164197),17334,4.0
RNF175 (ENSG00000145428),17335,4.0
FLJ35934 (ENSG00000220161),17336,4.0
RNF165 (ENSG00000141622),17337,4.0
RNF152 (ENSG00000176641),17338,4.0
FLOT1 (ENSG00000137312),17339,4.0
FLRT1 (ENSG00000126500),17340,4.0
RNF144A (ENSG00000151692),17341,4.0
RNF25 (ENSG00000163481),17342,4.0
RP1-138B7.7 (ENSG00000282876),17343,4.0
FKBP15 (ENSG00000119321),17344,4.0
FKBP10 (ENSG00000141756),17345,4.0
RP1-122P22.4 (ENSG00000268628),17346,4.0
RP1-111C20.4 (ENSG00000271913),17347,4.0
RORA (ENSG00000069667),17348,4.0
ROR2 (ENSG00000169071),17349,4.0
ROPN1L (ENSG00000145491),17350,4.0
FGL2 (ENSG00000127951),17351,4.0
ROM1 (ENSG00000149489),17352,4.0
ROGDI (ENSG00000067836),17353,4.0
ROBO3 (ENSG00000154134),17354,4.0
ROBO2 (ENSG00000185008),17355,4.0
ROBO1 (ENSG00000169855),17356,4.0
RNU12 (ENSG00000270022),17357,4.0
FHL1 (ENSG00000022267),17358,4.0
FHL2 (ENSG00000115641),17359,4.0
RNH1 (ENSG00000023191),17360,4.0
FHL3 (ENSG00000183386),17361,4.0
FHOD1 (ENSG00000135723),17362,4.0
RNFT1 (ENSG00000189050),17363,4.0
FIBIN (ENSG00000176971),17364,4.0
FIG4 (ENSG00000112367),17365,4.0
RNF6 (ENSG00000127870),17366,4.0
FILIP1L (ENSG00000168386),17367,4.0
FIP1L1 (ENSG00000145216),17368,4.0
FKBP14 (ENSG00000106080),17369,4.0
FUT6 (ENSG00000156413),17370,4.0
FXR2 (ENSG00000129245),17371,4.0
REV3L (ENSG00000009413),17372,4.0
GGT7 (ENSG00000131067),17373,4.0
RALGAPA1 (ENSG00000174373),17374,4.0
GHDC (ENSG00000167925),17375,4.0
RALB (ENSG00000144118),17376,4.0
GHET1 (ENSG00000281189),17377,4.0
GHITM (ENSG00000165678),17378,4.0
RAI14 (ENSG00000039560),17379,4.0
GHR (ENSG00000112964),17380,4.0
RAET1G (ENSG00000203722),17381,4.0
GINM1 (ENSG00000055211),17382,4.0
GIPR (ENSG00000010310),17383,4.0
RAD51AP2 (ENSG00000214842),17384,4.0
GIT2 (ENSG00000139436),17385,4.0
RAD21-AS1 (ENSG00000253327),17386,4.0
GLB1 (ENSG00000170266),17387,4.0
GLB1L (ENSG00000163521),17388,4.0
RABL2B (ENSG00000079974),17389,4.0
RABL2A (ENSG00000144134),17390,4.0
GLI1 (ENSG00000111087),17391,4.0
GLI4 (ENSG00000250571),17392,4.0
RABGGTA (ENSG00000100949),17393,4.0
RABGEF1 (ENSG00000154710),17394,4.0
GLIDR (ENSG00000278175),17395,4.0
GGT5 (ENSG00000099998),17396,4.0
RABGAP1 (ENSG00000011454),17397,4.0
GGNBP2 (ENSG00000278311),17398,4.0
RALYL (ENSG00000184672),17399,4.0
RARRES1 (ENSG00000118849),17400,4.0
RARG (ENSG00000172819),17401,4.0
RARB (ENSG00000077092),17402,4.0
RARA-AS1 (ENSG00000265666),17403,4.0
RARA (ENSG00000131759),17404,4.0
GDI1 (ENSG00000203879),17405,4.0
GDI2 (ENSG00000057608),17406,4.0
RAPGEF4 (ENSG00000091428),17407,4.0
RAPGEF3 (ENSG00000079337),17408,4.0
GDPD1 (ENSG00000153982),17409,4.0
GDPD5 (ENSG00000158555),17410,4.0
GEM (ENSG00000164949),17411,4.0
GFM1 (ENSG00000168827),17412,4.0
GFM2 (ENSG00000164347),17413,4.0
GFRA1 (ENSG00000151892),17414,4.0
GFRA2 (ENSG00000168546),17415,4.0
RANBP9 (ENSG00000010017),17416,4.0
RANBP6 (ENSG00000137040),17417,4.0
RANBP3 (ENSG00000031823),17418,4.0
GGA1 (ENSG00000100083),17419,4.0
RAMP3 (ENSG00000122679),17420,4.0
RAMP2-AS1 (ENSG00000197291),17421,4.0
RAMP1 (ENSG00000132329),17422,4.0
GGN (ENSG00000179168),17423,4.0
RARS2 (ENSG00000146282),17424,4.0
GLIPR1 (ENSG00000139278),17425,4.0
GLIPR1L2 (ENSG00000180481),17426,4.0
GMNC (ENSG00000205835),17427,4.0
GMPPA (ENSG00000144591),17428,4.0
GMPR (ENSG00000137198),17429,4.0
RAB2B (ENSG00000129472),17430,4.0
RAB2A (ENSG00000104388),17431,4.0
GNAI1 (ENSG00000127955),17432,4.0
RAB27B (ENSG00000041353),17433,4.0
RAB27A (ENSG00000069974),17434,4.0
GNAI3 (ENSG00000065135),17435,4.0
RAB24 (ENSG00000169228),17436,4.0
GNB2 (ENSG00000172354),17437,4.0
RAB1A (ENSG00000138069),17438,4.0
RAB18 (ENSG00000099246),17439,4.0
GNB3 (ENSG00000111664),17440,4.0
GNE (ENSG00000159921),17441,4.0
RAB14 (ENSG00000119396),17442,4.0
GNG12 (ENSG00000172380),17443,4.0
RAB11FIP5 (ENSG00000135631),17444,4.0
GNG12-AS1 (ENSG00000232284),17445,4.0
GNG13 (ENSG00000127588),17446,4.0
GNG2 (ENSG00000186469),17447,4.0
GNG3 (ENSG00000162188),17448,4.0
RAB11B (ENSG00000185236),17449,4.0
RAB32 (ENSG00000118508),17450,4.0
RABEP2 (ENSG00000177548),17451,4.0
RAB33A (ENSG00000134594),17452,4.0
GMDS-AS1 (ENSG00000250903),17453,4.0
GLIS1 (ENSG00000174332),17454,4.0
RAB9B (ENSG00000123570),17455,4.0
GLIS2 (ENSG00000126603),17456,4.0
GLIS2-AS1 (ENSG00000262686),17457,4.0
GLIS3 (ENSG00000107249),17458,4.0
RAB7A (ENSG00000075785),17459,4.0
RAB6A (ENSG00000175582),17460,4.0
RAB5C (ENSG00000108774),17461,4.0
RAB5B (ENSG00000111540),17462,4.0
GLRB (ENSG00000109738),17463,4.0
GLT8D1 (ENSG00000016864),17464,4.0
GLT8D2 (ENSG00000120820),17465,4.0
RAB40C (ENSG00000197562),17466,4.0
RAB40B (ENSG00000141542),17467,4.0
RAB40AL (ENSG00000102128),17468,4.0
GLTP (ENSG00000139433),17469,4.0
RAB3IL1 (ENSG00000167994),17470,4.0
RAB3GAP1 (ENSG00000115839),17471,4.0
RAB3D (ENSG00000105514),17472,4.0
RAB3A (ENSG00000105649),17473,4.0
GLYAT (ENSG00000149124),17474,4.0
RAB38 (ENSG00000123892),17475,4.0
RAB36 (ENSG00000100228),17476,4.0
GMEB2 (ENSG00000101216),17477,4.0
RP11-110I1.14 (ENSG00000271751),17478,4.0
GDF5 (ENSG00000125965),17479,4.0
RASA3 (ENSG00000185989),17480,4.0
RCN3 (ENSG00000142552),17481,4.0
RCN1 (ENSG00000049449),17482,4.0
GABRB1 (ENSG00000163288),17483,4.0
GABRD (ENSG00000187730),17484,4.0
GABRG2 (ENSG00000113327),17485,4.0
GABRG3 (ENSG00000182256),17486,4.0
RCBTB2 (ENSG00000136161),17487,4.0
GAD2 (ENSG00000136750),17488,4.0
RCAN1 (ENSG00000159200),17489,4.0
GADD45B (ENSG00000099860),17490,4.0
GADD45G (ENSG00000130222),17491,4.0
GAK (ENSG00000178950),17492,4.0
GAL3ST4 (ENSG00000197093),17493,4.0
GALC (ENSG00000054983),17494,4.0
GALK1 (ENSG00000108479),17495,4.0
GALK2 (ENSG00000156958),17496,4.0
RBP1 (ENSG00000114115),17497,4.0
GALNT11 (ENSG00000178234),17498,4.0
RBMX (ENSG00000147274),17499,4.0
RBMS3-AS3 (ENSG00000235904),17500,4.0
RBMS3 (ENSG00000144642),17501,4.0
RBMS2 (ENSG00000076067),17502,4.0
GALNT16 (ENSG00000100626),17503,4.0
RCOR1 (ENSG00000089902),17504,4.0
GALNT18 (ENSG00000110328),17505,4.0
RCOR3 (ENSG00000117625),17506,4.0
RDH10 (ENSG00000121039),17507,4.0
FXYD1 (ENSG00000266964),17508,4.0
FXYD2 (ENSG00000137731),17509,4.0
RERG (ENSG00000134533),17510,4.0
FXYD6 (ENSG00000137726),17511,4.0
FYTTD1 (ENSG00000122068),17512,4.0
REPIN1 (ENSG00000214022),17513,4.0
RENBP (ENSG00000102032),17514,4.0
REM2 (ENSG00000139890),17515,4.0
FZD1 (ENSG00000157240),17516,4.0
FZD2 (ENSG00000180340),17517,4.0
RELA (ENSG00000173039),17518,4.0
REL (ENSG00000162924),17519,4.0
FZD9 (ENSG00000188763),17520,4.0
FZR1 (ENSG00000105325),17521,4.0
G0S2 (ENSG00000123689),17522,4.0
REEP1 (ENSG00000068615),17523,4.0
RECQL5 (ENSG00000108469),17524,4.0
GABARAP (ENSG00000170296),17525,4.0
RDH16 (ENSG00000139547),17526,4.0
GABARAPL1 (ENSG00000139112),17527,4.0
GABARAPL2 (ENSG00000034713),17528,4.0
GABPB1 (ENSG00000104064),17529,4.0
GABPB1-AS1 (ENSG00000244879),17530,4.0
RD3 (ENSG00000198570),17531,4.0
GDF15 (ENSG00000130513),17532,4.0
RBM6 (ENSG00000004534),17533,4.0
RBM4B (ENSG00000173914),17534,4.0
RBFOX1 (ENSG00000078328),17535,4.0
GATA2-AS1 (ENSG00000244300),17536,4.0
GATSL3 (ENSG00000239282),17537,4.0
RASSF9 (ENSG00000198774),17538,4.0
GBAS (ENSG00000146729),17539,4.0
RASSF5 (ENSG00000266094),17540,4.0
RASSF4 (ENSG00000107551),17541,4.0
GBF1 (ENSG00000107862),17542,4.0
GBGT1 (ENSG00000148288),17543,4.0
GBP1 (ENSG00000117228),17544,4.0
RASSF1 (ENSG00000068028),17545,4.0
RASL11B (ENSG00000128045),17546,4.0
GBP2 (ENSG00000162645),17547,4.0
GBP3 (ENSG00000117226),17548,4.0
GBP4 (ENSG00000162654),17549,4.0
GCGR (ENSG00000215644),17550,4.0
GCHFR (ENSG00000137880),17551,4.0
GCK (ENSG00000106633),17552,4.0
RASD1 (ENSG00000108551),17553,4.0
GDAP1L1 (ENSG00000124194),17554,4.0
GDAP2 (ENSG00000196505),17555,4.0
GDF10 (ENSG00000266524),17556,4.0
RASA4 (ENSG00000105808),17557,4.0
RBFOX2 (ENSG00000100320),17558,4.0
RBM5 (ENSG00000003756),17559,4.0
GATA2 (ENSG00000179348),17560,4.0
RBL2 (ENSG00000103479),17561,4.0
RBM48 (ENSG00000127993),17562,4.0
GALNT5 (ENSG00000136542),17563,4.0
RBM43 (ENSG00000184898),17564,4.0
RBM42 (ENSG00000126254),17565,4.0
RBM41 (ENSG00000089682),17566,4.0
RBM4 (ENSG00000173933),17567,4.0
GALNT9 (ENSG00000182870),17568,4.0
GALNTL6 (ENSG00000174473),17569,4.0
GALR1 (ENSG00000166573),17570,4.0
RBM33 (ENSG00000184863),17571,4.0
GALT (ENSG00000213930),17572,4.0
GAP43 (ENSG00000172020),17573,4.0
RBM24 (ENSG00000112183),17574,4.0
RBM23 (ENSG00000100461),17575,4.0
RBM22 (ENSG00000086589),17576,4.0
GAPT (ENSG00000175857),17577,4.0
GARNL3 (ENSG00000136895),17578,4.0
GAS1 (ENSG00000180447),17579,4.0
GAS2 (ENSG00000148935),17580,4.0
RBM14-RBM4 (ENSG00000248643),17581,4.0
GAS2L1 (ENSG00000185340),17582,4.0
RBM11 (ENSG00000185272),17583,4.0
RBM10 (ENSG00000182872),17584,4.0
GAS7 (ENSG00000007237),17585,4.0
RP11-1114A5.4 (ENSG00000232611),17586,4.0
RP11-111F5.4 (ENSG00000204802),17587,4.0
RP11-111H13.1 (ENSG00000241962),17588,4.0
F12 (ENSG00000131187),17589,4.0
RP11-435J9.2 (ENSG00000274340),17590,4.0
F2R (ENSG00000181104),17591,4.0
F2RL2 (ENSG00000164220),17592,4.0
RP11-433J8.1 (ENSG00000258702),17593,4.0
RP11-432J24.5 (ENSG00000226900),17594,4.0
F3 (ENSG00000117525),17595,4.0
RP11-42O15.3 (ENSG00000271992),17596,4.0
F8A1 (ENSG00000277203),17597,4.0
RP11-428J1.5 (ENSG00000272142),17598,4.0
FABP7 (ENSG00000164434),17599,4.0
RP11-422P24.11 (ENSG00000272654),17600,4.0
FAIM2 (ENSG00000135472),17601,4.0
FALEC (ENSG00000228126),17602,4.0
FAM101A (ENSG00000178882),17603,4.0
FAM105A (ENSG00000145569),17604,4.0
FAM107A (ENSG00000168309),17605,4.0
FAM109A (ENSG00000198324),17606,4.0
RP11-415F23.4 (ENSG00000272529),17607,4.0
RP11-414H17.5 (ENSG00000213994),17608,4.0
RP11-413H22.3 (ENSG00000274031),17609,4.0
RP11-413H22.2 (ENSG00000260621),17610,4.0
RP11-412D9.4 (ENSG00000260329),17611,4.0
F10 (ENSG00000126218),17612,4.0
RP11-410L14.2 (ENSG00000253948),17613,4.0
RP11-435O5.5 (ENSG00000271155),17614,4.0
RP11-43F13.4 (ENSG00000272347),17615,4.0
RP11-467L13.7 (ENSG00000276900),17616,4.0
RP11-467C18.1 (ENSG00000270457),17617,4.0
EXOC3L1 (ENSG00000179044),17618,4.0
RP11-45P15.4 (ENSG00000259775),17619,4.0
RP11-45M22.5 (ENSG00000266498),17620,4.0
RP11-458J1.1 (ENSG00000278834),17621,4.0
RP11-457M11.5 (ENSG00000261584),17622,4.0
EXOC7 (ENSG00000182473),17623,4.0
EXOC8 (ENSG00000116903),17624,4.0
RP11-456H18.2 (ENSG00000229896),17625,4.0
RP11-455O6.9 (ENSG00000275542),17626,4.0
RP11-455O6.8 (ENSG00000276101),17627,4.0
RP11-452L6.7 (ENSG00000260625),17628,4.0
RP11-452L6.1 (ENSG00000261474),17629,4.0
EXT2 (ENSG00000151348),17630,4.0
RP11-44N21.1 (ENSG00000257556),17631,4.0
EXTL1 (ENSG00000158008),17632,4.0
RP11-449J21.5 (ENSG00000267128),17633,4.0
EYA1 (ENSG00000104313),17634,4.0
RP11-448A19.1 (ENSG00000273329),17635,4.0
EYA2 (ENSG00000064655),17636,4.0
EYA4 (ENSG00000112319),17637,4.0
RP11-444D3.1 (ENSG00000255864),17638,4.0
RP11-437B10.1 (ENSG00000279765),17639,4.0
RP11-467P9.1 (ENSG00000272735),17640,4.0
RP11-403P17.4 (ENSG00000261519),17641,4.0
FAM110A (ENSG00000125898),17642,4.0
RP11-382A20.7 (ENSG00000260608),17643,4.0
FAM134C (ENSG00000141699),17644,4.0
RP11-380L11.4 (ENSG00000270028),17645,4.0
RP11-37C7.3 (ENSG00000261136),17646,4.0
RP11-37B2.1 (ENSG00000251136),17647,4.0
RP11-379H18.1 (ENSG00000271122),17648,4.0
RP11-379F4.9 (ENSG00000272247),17649,4.0
RP11-379F4.6 (ENSG00000272440),17650,4.0
RP11-379F4.4 (ENSG00000240207),17651,4.0
FAM13C (ENSG00000148541),17652,4.0
RP11-375I20.6 (ENSG00000260633),17653,4.0
RP11-374M1.5 (ENSG00000235659),17654,4.0
RP11-372K14.2 (ENSG00000270681),17655,4.0
FAM151B (ENSG00000152380),17656,4.0
RP11-368I7.4 (ENSG00000260259),17657,4.0
RP11-367J11.3 (ENSG00000245468),17658,4.0
RP11-366L20.2 (ENSG00000197301),17659,4.0
RP11-365O16.6 (ENSG00000237101),17660,4.0
FAM160B1 (ENSG00000151553),17661,4.0
FAM160B2 (ENSG00000158863),17662,4.0
FAM161B (ENSG00000156050),17663,4.0
RP11-359I18.5 (ENSG00000272360),17664,4.0
FAM162A (ENSG00000114023),17665,4.0
FAM132A (ENSG00000184163),17666,4.0
RP11-403I13.5 (ENSG00000232721),17667,4.0
FAM131C (ENSG00000185519),17668,4.0
FAM129B (ENSG00000136830),17669,4.0
FAM110B (ENSG00000169122),17670,4.0
FAM114A1 (ENSG00000197712),17671,4.0
RP11-399K21.14 (ENSG00000272692),17672,4.0
RP11-399K21.11 (ENSG00000270087),17673,4.0
FAM114A2 (ENSG00000055147),17674,4.0
FAM118A (ENSG00000100376),17675,4.0
RP11-396F22.1 (ENSG00000257718),17676,4.0
RP11-395G23.3 (ENSG00000254615),17677,4.0
RP11-395A13.2 (ENSG00000272667),17678,4.0
RP11-394O4.5 (ENSG00000269936),17679,4.0
RP11-393I2.4 (ENSG00000272008),17680,4.0
RP11-390F4.3 (ENSG00000225489),17681,4.0
RP11-390E23.6 (ENSG00000272686),17682,4.0
RP11-38L15.3 (ENSG00000231187),17683,4.0
RP11-38L15.2 (ENSG00000229227),17684,4.0
RP11-38H17.1 (ENSG00000254366),17685,4.0
FAM126B (ENSG00000155744),17686,4.0
FAM127A (ENSG00000134590),17687,4.0
RP11-388C12.1 (ENSG00000263063),17688,4.0
FAM127B (ENSG00000203950),17689,4.0
RP11-386I14.4 (ENSG00000273338),17690,4.0
RP11-386G11.5 (ENSG00000257913),17691,4.0
FAM127C (ENSG00000212747),17692,4.0
RP11-385D13.3 (ENSG00000266538),17693,4.0
RP11-359B12.2 (ENSG00000250132),17694,4.0
RP11-468E2.4 (ENSG00000259529),17695,4.0
EXOC3-AS1 (ENSG00000221990),17696,4.0
EPS15L1 (ENSG00000127527),17697,4.0
EPS8 (ENSG00000151491),17698,4.0
EPYC (ENSG00000083782),17699,4.0
ERAP2 (ENSG00000164308),17700,4.0
ERBB2IP (ENSG00000112851),17701,4.0
ERBB4 (ENSG00000178568),17702,4.0
RP11-553L6.5 (ENSG00000259976),17703,4.0
RP11-54O7.3 (ENSG00000223764),17704,4.0
RP11-54O7.17 (ENSG00000272512),17705,4.0
RP11-54O7.1 (ENSG00000230699),17706,4.0
ERC1 (ENSG00000082805),17707,4.0
RP11-546K22.1 (ENSG00000253844),17708,4.0
ERCC5 (ENSG00000134899),17709,4.0
RP11-545I5.3 (ENSG00000235652),17710,4.0
RP11-544A12.8 (ENSG00000246851),17711,4.0
RP11-540A21.2 (ENSG00000245522),17712,4.0
RP11-53O19.1 (ENSG00000251141),17713,4.0
ERG (ENSG00000157554),17714,4.0
ERGIC1 (ENSG00000113719),17715,4.0
RP11-539G18.3 (ENSG00000255458),17716,4.0
ERGIC3 (ENSG00000125991),17717,4.0
RP11-535A19.2 (ENSG00000255507),17718,4.0
RP11-533E19.7 (ENSG00000272906),17719,4.0
EPS15 (ENSG00000085832),17720,4.0
RP11-532M24.1 (ENSG00000272486),17721,4.0
RP11-567M16.6 (ENSG00000274828),17722,4.0
EPO (ENSG00000130427),17723,4.0
EPHA5-AS1 (ENSG00000250846),17724,4.0
RP11-61A14.1 (ENSG00000258122),17725,4.0
RP11-618L22.1 (ENSG00000274723),17726,4.0
RP11-603J24.21 (ENSG00000273890),17727,4.0
RP11-602N24.3 (ENSG00000272795),17728,4.0
RP11-596C23.2 (ENSG00000278002),17729,4.0
RP11-589P10.5 (ENSG00000262089),17730,4.0
EPHA7 (ENSG00000135333),17731,4.0
RP11-580I16.2 (ENSG00000263766),17732,4.0
RP11-57H14.2 (ENSG00000233547),17733,4.0
RP11-57G10.8 (ENSG00000272892),17734,4.0
EPHB3 (ENSG00000182580),17735,4.0
RP11-576I22.2 (ENSG00000231407),17736,4.0
EPHX2 (ENSG00000120915),17737,4.0
RP11-575L7.8 (ENSG00000235298),17738,4.0
RP11-575H3.1 (ENSG00000261600),17739,4.0
RP11-572O17.1 (ENSG00000270195),17740,4.0
RP11-572M11.1 (ENSG00000241219),17741,4.0
EPM2AIP1 (ENSG00000178567),17742,4.0
RP11-571M6.17 (ENSG00000270039),17743,4.0
RP11-571L19.8 (ENSG00000272777),17744,4.0
RP11-56D16.8 (ENSG00000279571),17745,4.0
EPN2 (ENSG00000072134),17746,4.0
EPOR (ENSG00000187266),17747,4.0
RP11-468E2.5 (ENSG00000259321),17748,4.0
ERICH5 (ENSG00000177459),17749,4.0
ERLEC1 (ENSG00000068912),17750,4.0
RP11-491F9.1 (ENSG00000260614),17751,4.0
RP11-490O6.2 (ENSG00000262420),17752,4.0
RP11-490M8.1 (ENSG00000260025),17753,4.0
ETFDH (ENSG00000171503),17754,4.0
RP11-48G14.3 (ENSG00000277245),17755,4.0
RP11-48G14.2 (ENSG00000259941),17756,4.0
RP11-489E7.4 (ENSG00000272256),17757,4.0
ETNK2 (ENSG00000143845),17758,4.0
RP11-486I11.2 (ENSG00000277369),17759,4.0
RP11-483I13.5 (ENSG00000260879),17760,4.0
ETV1 (ENSG00000006468),17761,4.0
EVA1B (ENSG00000142694),17762,4.0
RP11-480A16.1 (ENSG00000260261),17763,4.0
EVI5 (ENSG00000067208),17764,4.0
EVI5L (ENSG00000142459),17765,4.0
RP11-473M20.16 (ENSG00000261889),17766,4.0
RP11-473I1.5 (ENSG00000260349),17767,4.0
RP11-471B22.3 (ENSG00000275198),17768,4.0
EVL (ENSG00000196405),17769,4.0
EXD2 (ENSG00000081177),17770,4.0
EXD3 (ENSG00000187609),17771,4.0
RP11-46C24.7 (ENSG00000259877),17772,4.0
EXOC1 (ENSG00000090989),17773,4.0
ETFB (ENSG00000105379),17774,4.0
RP11-527L4.2 (ENSG00000261514),17775,4.0
RP11-495P10.1 (ENSG00000231551),17776,4.0
RP11-496H1.2 (ENSG00000273308),17777,4.0
RP11-525K10.3 (ENSG00000259867),17778,4.0
ERMAP (ENSG00000164010),17779,4.0
RP11-524F11.2 (ENSG00000264666),17780,4.0
RP11-522B15.3 (ENSG00000259275),17781,4.0
RP11-521C20.5 (ENSG00000275636),17782,4.0
RP11-51J9.5 (ENSG00000271869),17783,4.0
RP11-514O12.4 (ENSG00000249141),17784,4.0
RP11-513M16.8 (ENSG00000273226),17785,4.0
RP11-513M16.7 (ENSG00000272842),17786,4.0
RP11-511P7.5 (ENSG00000283013),17787,4.0
ERO1B (ENSG00000086619),17788,4.0
RP11-510C10.2 (ENSG00000224127),17789,4.0
RP11-506M13.3 (ENSG00000244733),17790,4.0
ERV3-1 (ENSG00000213462),17791,4.0
RP11-504A18.1 (ENSG00000260971),17792,4.0
RP11-503P10.1 (ENSG00000272056),17793,4.0
RP11-502I4.3 (ENSG00000270964),17794,4.0
ESD (ENSG00000139684),17795,4.0
RP11-498C9.3 (ENSG00000262413),17796,4.0
ESRRG (ENSG00000196482),17797,4.0
RP11-497G19.2 (ENSG00000257654),17798,4.0
RP11-497E19.1 (ENSG00000205562),17799,4.0
RP11-496I9.1 (ENSG00000254815),17800,4.0
RP11-495P10.6 (ENSG00000234283),17801,4.0
RP11-61J19.5 (ENSG00000260805),17802,4.0
RP11-357H14.17 (ENSG00000272763),17803,4.0
RP11-356C4.3 (ENSG00000260507),17804,4.0
FAT4 (ENSG00000196159),17805,4.0
RP11-166O4.6 (ENSG00000273448),17806,4.0
RP11-165E7.1 (ENSG00000267072),17807,4.0
FAXDC2 (ENSG00000170271),17808,4.0
RP11-162G10.5 (ENSG00000236514),17809,4.0
RP11-161M6.2 (ENSG00000260807),17810,4.0
FBLIM1 (ENSG00000162458),17811,4.0
RP11-160N1.10 (ENSG00000204814),17812,4.0
RP11-160E2.6 (ENSG00000262202),17813,4.0
RP11-15A1.3 (ENSG00000267058),17814,4.0
FBLN2 (ENSG00000163520),17815,4.0
RP11-159K7.2 (ENSG00000250358),17816,4.0
RP11-159H10.3 (ENSG00000246528),17817,4.0
FBLN5 (ENSG00000140092),17818,4.0
RP11-159D12.5 (ENSG00000266086),17819,4.0
RP11-158I9.8 (ENSG00000278376),17820,4.0
RP11-156E8.1 (ENSG00000272195),17821,4.0
RP11-154J22.1 (ENSG00000259488),17822,4.0
RP11-154H23.4 (ENSG00000277855),17823,4.0
RP11-154H23.3 (ENSG00000270562),17824,4.0
FBN1 (ENSG00000166147),17825,4.0
RP11-150C16.1 (ENSG00000257443),17826,4.0
RP11-14N7.2 (ENSG00000232527),17827,4.0
FAT3 (ENSG00000165323),17828,4.0
RP11-149I23.3 (ENSG00000232110),17829,4.0
RP11-167N5.5 (ENSG00000267834),17830,4.0
FAS (ENSG00000026103),17831,4.0
FAM81B (ENSG00000153347),17832,4.0
FAM84A (ENSG00000162981),17833,4.0
RP11-206L10.9 (ENSG00000237491),17834,4.0
RP11-19E11.1 (ENSG00000258910),17835,4.0
RP11-197K3.1 (ENSG00000242290),17836,4.0
FAM8A1 (ENSG00000137414),17837,4.0
RP11-195F19.9 (ENSG00000230074),17838,4.0
FAM92B (ENSG00000153789),17839,4.0
RP11-191L17.1 (ENSG00000272663),17840,4.0
FAM98C (ENSG00000130244),17841,4.0
RP11-182L21.6 (ENSG00000272447),17842,4.0
RP11-181G12.2 (ENSG00000182873),17843,4.0
RP11-177J6.1 (ENSG00000273257),17844,4.0
RP11-177G23.2 (ENSG00000272137),17845,4.0
FANK1 (ENSG00000203780),17846,4.0
RP11-175K6.1 (ENSG00000245812),17847,4.0
FAP (ENSG00000078098),17848,4.0
RP11-173A6.3 (ENSG00000282317),17849,4.0
RP11-172H24.4 (ENSG00000278291),17850,4.0
FARS2 (ENSG00000145982),17851,4.0
RP11-16N11.2 (ENSG00000260572),17852,4.0
RP11-16E12.1 (ENSG00000259448),17853,4.0
RP11-169K17.3 (ENSG00000272483),17854,4.0
FASTK (ENSG00000164896),17855,4.0
RP11-212I21.4 (ENSG00000261997),17856,4.0
FBRS (ENSG00000156860),17857,4.0
RP11-147L13.15 (ENSG00000274712),17858,4.0
FBXO31 (ENSG00000103264),17859,4.0
FBXO32 (ENSG00000156804),17860,4.0
RP11-1260E13.1 (ENSG00000262920),17861,4.0
RP11-125O18.1 (ENSG00000248491),17862,4.0
RP11-124N14.3 (ENSG00000234961),17863,4.0
RP11-123K3.9 (ENSG00000276727),17864,4.0
RP11-123K19.1 (ENSG00000224842),17865,4.0
RP11-122M14.1 (ENSG00000231057),17866,4.0
FBXO34 (ENSG00000178974),17867,4.0
RP11-120I21.2 (ENSG00000254202),17868,4.0
RP11-11N7.4 (ENSG00000273175),17869,4.0
RP11-11N5.3 (ENSG00000272218),17870,4.0
FBXO42 (ENSG00000037637),17871,4.0
FBXO44 (ENSG00000132879),17872,4.0
FBXO6 (ENSG00000116663),17873,4.0
RP11-117L5.4 (ENSG00000256064),17874,4.0
FBXO7 (ENSG00000100225),17875,4.0
FBXO8 (ENSG00000164117),17876,4.0
FBXW12 (ENSG00000164049),17877,4.0
FBXW7 (ENSG00000109670),17878,4.0
RP11-1136G4.2 (ENSG00000273615),17879,4.0
FCER1G (ENSG00000158869),17880,4.0
FCGRT (ENSG00000104870),17881,4.0
FBXO3 (ENSG00000110429),17882,4.0
FBXL12 (ENSG00000127452),17883,4.0
RP11-1275H24.1 (ENSG00000234432),17884,4.0
RP11-128A17.1 (ENSG00000259460),17885,4.0
RP11-147L13.13 (ENSG00000277476),17886,4.0
RP11-147L13.12 (ENSG00000274561),17887,4.0
RP11-147L13.11 (ENSG00000278730),17888,4.0
FBXL13 (ENSG00000161040),17889,4.0
FBXL15 (ENSG00000107872),17890,4.0
RP11-13K12.2 (ENSG00000267665),17891,4.0
FBXL17 (ENSG00000145743),17892,4.0
RP11-1391J7.1 (ENSG00000250397),17893,4.0
RP11-138P22.1 (ENSG00000266527),17894,4.0
RP11-138E2.1 (ENSG00000270755),17895,4.0
FBXL2 (ENSG00000153558),17896,4.0
RP11-136L23.2 (ENSG00000274859),17897,4.0
RP11-135L13.4 (ENSG00000265263),17898,4.0
FBXL20 (ENSG00000108306),17899,4.0
RP11-1348G14.4 (ENSG00000251417),17900,4.0
RP11-1336O20.2 (ENSG00000249690),17901,4.0
FBXL22 (ENSG00000197361),17902,4.0
FBXL3 (ENSG00000005812),17903,4.0
FBXL5 (ENSG00000118564),17904,4.0
FBXL7 (ENSG00000183580),17905,4.0
FBXO11 (ENSG00000138081),17906,4.0
FBXO15 (ENSG00000141665),17907,4.0
FBXO18 (ENSG00000134452),17908,4.0
FBXO21 (ENSG00000135108),17909,4.0
RP11-356J5.12 (ENSG00000250303),17910,4.0
RP11-212P7.2 (ENSG00000273270),17911,4.0
RP11-215P8.3 (ENSG00000248559),17912,4.0
RP11-32K4.1 (ENSG00000253554),17913,4.0
RP11-329B9.4 (ENSG00000272970),17914,4.0
RP11-329B9.3 (ENSG00000273403),17915,4.0
FAM183A (ENSG00000186973),17916,4.0
RP11-327J17.9 (ENSG00000277135),17917,4.0
RP11-326I11.3 (ENSG00000271646),17918,4.0
RP11-326C3.11 (ENSG00000251661),17919,4.0
RP11-325N19.3 (ENSG00000246863),17920,4.0
FAM188A (ENSG00000148481),17921,4.0
RP11-319G6.1 (ENSG00000248932),17922,4.0
RP11-317P15.4 (ENSG00000261504),17923,4.0
RP11-316I3.1 (ENSG00000237283),17924,4.0
RP11-315D16.4 (ENSG00000260657),17925,4.0
FAM195B (ENSG00000225663),17926,4.0
FAM198B (ENSG00000164125),17927,4.0
FAM200A (ENSG00000221909),17928,4.0
RP11-308N19.1 (ENSG00000234323),17929,4.0
RP11-307C19.2 (ENSG00000259420),17930,4.0
RP11-307C18.1 (ENSG00000272950),17931,4.0
RP11-307C12.13 (ENSG00000270361),17932,4.0
RP11-307B6.3 (ENSG00000223774),17933,4.0
RP11-2E11.9 (ENSG00000270953),17934,4.0
FAM214A (ENSG00000047346),17935,4.0
RP11-332H18.5 (ENSG00000267131),17936,4.0
FAM214B (ENSG00000005238),17937,4.0
FAM181B (ENSG00000182103),17938,4.0
RP11-334C17.5 (ENSG00000262580),17939,4.0
FAM167A (ENSG00000154319),17940,4.0
RP11-354P11.3 (ENSG00000265739),17941,4.0
RP11-353N14.1 (ENSG00000262768),17942,4.0
RP11-352M15.2 (ENSG00000273015),17943,4.0
RP11-352G9.1 (ENSG00000273009),17944,4.0
RP11-351I21.11 (ENSG00000270074),17945,4.0
RP11-351D16.3 (ENSG00000273008),17946,4.0
RP11-350N15.5 (ENSG00000272092),17947,4.0
RP11-348P10.2 (ENSG00000272077),17948,4.0
RP11-347P5.1 (ENSG00000272211),17949,4.0
RP11-347C18.5 (ENSG00000272509),17950,4.0
RP11-346C20.3 (ENSG00000271009),17951,4.0
RP11-345P4.9 (ENSG00000272106),17952,4.0
FAM172A (ENSG00000113391),17953,4.0
RP11-343L5.2 (ENSG00000271862),17954,4.0
FAM174A (ENSG00000174132),17955,4.0
RP11-343H5.6 (ENSG00000237605),17956,4.0
RP11-342K6.4 (ENSG00000270996),17957,4.0
RP11-33H15.1 (ENSG00000279750),17958,4.0
RP11-338I21.1 (ENSG00000271933),17959,4.0
RP11-337C18.8 (ENSG00000237188),17960,4.0
FAM179B (ENSG00000198718),17961,4.0
FAM181A (ENSG00000140067),17962,4.0
RP11-333E1.1 (ENSG00000261879),17963,4.0
RP11-214K3.24 (ENSG00000275389),17964,4.0
RP11-299H21.1 (ENSG00000272902),17965,4.0
FAM215B (ENSG00000232300),17966,4.0
FAM49A (ENSG00000197872),17967,4.0
RP11-252A24.3 (ENSG00000261079),17968,4.0
RP11-251G23.5 (ENSG00000272604),17969,4.0
RP11-250B2.3 (ENSG00000233967),17970,4.0
RP11-247C2.2 (ENSG00000248540),17971,4.0
RP11-247A12.8 (ENSG00000268050),17972,4.0
RP11-247A12.2 (ENSG00000204055),17973,4.0
FAM53C (ENSG00000120709),17974,4.0
FAM63A (ENSG00000143409),17975,4.0
RP11-23F23.2 (ENSG00000254480),17976,4.0
FAM63B (ENSG00000128923),17977,4.0
RP11-236L14.2 (ENSG00000273771),17978,4.0
FAM65C (ENSG00000042062),17979,4.0
RP11-22P6.2 (ENSG00000261766),17980,4.0
FAM66D (ENSG00000255052),17981,4.0
RP11-227D13.1 (ENSG00000259705),17982,4.0
RP11-225H22.4 (ENSG00000234699),17983,4.0
RP11-220I1.5 (ENSG00000260100),17984,4.0
RP11-21B23.2 (ENSG00000261092),17985,4.0
RP11-219G17.4 (ENSG00000204277),17986,4.0
RP11-219B4.7 (ENSG00000260493),17987,4.0
RP11-219A15.1 (ENSG00000266302),17988,4.0
FAM73A (ENSG00000180488),17989,4.0
RP11-256I23.2 (ENSG00000269068),17990,4.0
RP11-298J20.3 (ENSG00000226899),17991,4.0
FAM46A (ENSG00000112773),17992,4.0
FAM43A (ENSG00000185112),17993,4.0
FAM218A (ENSG00000250486),17994,4.0
RP11-295I5.3 (ENSG00000274987),17995,4.0
FAM219A (ENSG00000164970),17996,4.0
FAM221B (ENSG00000204930),17997,4.0
RP11-290L1.2 (ENSG00000257839),17998,4.0
RP11-290H9.5 (ENSG00000276790),17999,4.0
RP11-286B14.1 (ENSG00000228971),18000,4.0
RP11-285F16.1 (ENSG00000273030),18001,4.0
FAM227A (ENSG00000184949),18002,4.0
RP11-278C7.4 (ENSG00000276148),18003,4.0
FAM228B (ENSG00000219626),18004,4.0
RP11-277P12.20 (ENSG00000245648),18005,4.0
FAM229B (ENSG00000203778),18006,4.0
RP11-276H19.2 (ENSG00000269994),18007,4.0
RP11-267M23.4 (ENSG00000253704),18008,4.0
FAM231D (ENSG00000272058),18009,4.0
FAM26E (ENSG00000178033),18010,4.0
RP11-266J6.2 (ENSG00000269886),18011,4.0
RP11-263K19.4 (ENSG00000231064),18012,4.0
RP11-262H14.4 (ENSG00000170161),18013,4.0
FAM3A (ENSG00000071889),18014,4.0
RP11-262A16.1 (ENSG00000275322),18015,4.0
FAM3D (ENSG00000198643),18016,4.0
RP11-259K5.2 (ENSG00000270194),18017,4.0
A1BG (ENSG00000121410),18018,4.0
